"""Customer Provided Item"" cannot be Purchase Item also","""Müştəri Tərəfindən Təmin Edilən Məhsul"" həm də Satınalma Məhsulu ola bilməz"
"""Customer Provided Item"" cannot have Valuation Rate","""Müştəri Tərəfindən Təmin Edilən Məhsul""un Maya Dəyəri ola bilməz"
"""Is Fixed Asset"" cannot be unchecked, as Asset record exists against the item","""Əsas Vəsaitdir"" işarəsi ləğv edilə bilməz, chünki məhsul üzrə Aktiv qeydi mövcuddur"
"'Based On' and 'Group By' can not be same","'Əsasən' və 'Qruplaşdır' eyni ola bilməz"
"'Days Since Last Order' must be greater than or equal to zero","'Son Sifarişdən Sonrakı Günlər' sıfırdan böyük və ya ona bərabər olmalıdır"
"'Entries' cannot be empty","'Girişlər' boş ola bilməz"
"'From Date' is required","'Tarixdən' tələb olunur"
"'From Date' must be after 'To Date'","'Tarixdən' 'Tarixə'dən sonra olmalıdır"
"'Has Serial No' can not be 'Yes' for non-stock item","'Seriya Nömrəsi Var' qeyri-stok məhsulu üçün 'Bəli' ola bilməz"
"'Opening'","'Açılış'"
"'To Case No.' cannot be less than 'From Case No.'","'Bitiş İş №' 'Başlanğıc İş №'-dən kiçik ola bilməz"
"'To Date' is required","'Tarixə' tələb olunur"
"'Total'","'Cəmi'"
"'Update Stock' can not be checked because items are not delivered via {0}","'Stoku Yenilə' seçilə bilməz, çünki məhsullar {0} vasitəsilə çatdırılmayıb"
"'Update Stock' cannot be checked for fixed asset sale","'Stoku Yenilə' əsas vəsait satışı üçün seçilə bilməz"
"1 exact match.","1 tam uyğunluq."
"90-Above","90-dan yuxarı"
"A Customer Group exists with same name please change the Customer name or rename the Customer Group","Eyni adlı Müştəri Qrupu mövcuddur, lütfən Müştəri adını dəyişin və ya Müştəri Qrupunun adını dəyişdirin"
"A Default Service Level Agreement already exists.","Standart Xidmət Səviyyəsi Müqaviləsi artıq mövcuddur."
"A Lead requires either a person's name or an organization's name","Potensial müştəri üçün ya şəxs adı, ya da təşkilat adı tələb olunur"
"A customer with the same name already exists","Eyni adlı müştəri artıq mövcuddur"
"A question must have more than one options","Sualın birdən çox variantı olmalıdır"
"A qustion must have at least one correct options","Sualın ən azı bir düzgün variantı olmalıdır"
"A4","A4"
"API Endpoint","API Son Nöqtəsi"
"API Key","API Açarı"
"Abbr can not be blank or space","Abreviatura boş və ya boşluq ola bilməz"
"Abbreviation already used for another company","Bu Abreviatura artıq başqa bir şirkət üçün istifadə olunur"
"Abbreviation cannot have more than 5 characters","Abreviatura 5 simvoldan çox ola bilməz"
"Abbreviation is mandatory","Abreviatura məcburidir"
"About the Company","Şirkət haqqında"
"About your company","Şirkətiniz haqqında"
"Above","Yuxarıda"
"Academic Term","Akademik Semestr"
"Academic Term:","Akademik Semestr:"
"Academic Year","Akademik İl"
"Academic Year:","Akademik İl:"
"Accepted + Rejected Qty must be equal to Received quantity for Item {0}","{0} Material üçün Qəbul Edilən + Rədd Edilən miqdar Alınan miqdara bərabər olmalıdır"
"Access Token","Giriş Tokeni"
"Accessable Value","Əlçatan Dəyər"
"Account","Hesab"
"Account Number","Hesab nömrəsi"
"Account Number {0} already used in account {1}","{0} Hesab nömrəsi artıq {1} Hesabda istifadə olunur"
"Account Pay Only","Yalnız Ödəniş Hesabı"
"Account Type","Hesab Növü"
"Account Type for {0} must be {1}","{0} Hesab Növü {1} olmalıdır"
"""Account balance already in Credit, you are not allowed to set 'Balance Must Be' as 'Debit'""","""Bu Hesab Kreditdir, 'Balans Debit Olmalıdır' seçimi seçilə bilməz"""
"""Account balance already in Debit, you are not allowed to set 'Balance Must Be' as 'Credit'""","""Bu Hesab Debitdir, 'Balans Kredit Olmalıdır' seçimi seçilə bilməz"""
"Account number for account {0} is not available.<br> Please setup your Chart of Accounts correctly.","{0} Hesabı üçün hesab nömrəsi mövcud deyil.<br> Lütfən, Hesablar Planınızı düzgün quraşdırın."
"Account with child nodes cannot be converted to ledger","Alt qovşaqları olan hesab dəftərə çevrilə bilməz"
"Account with child nodes cannot be set as ledger","Alt qovşaqları olan hesab dəftər kimi təyin edilə bilməz"
"Account with existing transaction can not be converted to group.","Mövcud əməliyyatı olan hesab qrupa çevrilə bilməz."
"Account with existing transaction can not be deleted","Mövcud əməliyyatı olan hesab silinə bilməz"
"Account with existing transaction cannot be converted to ledger","Mövcud əməliyyatı olan hesab dəftərə çevrilə bilməz"
"Account {0} does not belong to company: {1}","Hesab {0} şirkətə aid deyil: {1}"
"Account {0} does not belongs to company {1}","Hesab {0} şirkətə aid deyil {1}"
"Account {0} does not exist","Hesab {0} mövcud deyil"
"Account {0} does not exists","Hesab {0} mövcud deyil"
"Account {0} does not match with Company {1} in Mode of Account: {2}","{0} hesabı {1} şirkəti ilə {2} Hesab rejimində uyğun gəlmir"
"Account {0} has been entered multiple times","{0} hesabı bir neçə dəfə daxil edilib"
"Account {0} is added in the child company {1}","{0} hesabı {1} törəmə şirkətinə əlavə edildi"
"Account {0} is frozen","Hesab {0} dondurulub"
"Account {0} is invalid. Account Currency must be {1}","{0} hesabı etibarsızdır. Hesab Valyutası {1} olmalıdır"
"Account {0}: Parent account {1} can not be a ledger","Hesab {0}: Ana hesab {1} dəftər ola bilməz"
"Account {0}: Parent account {1} does not belong to company: {2}","Hesab {0}: Ana hesab {1} şirkətə aid deyil: {2}"
"Account {0}: Parent account {1} does not exist","Hesab {0}: Ana hesab {1} mövcud deyil"
"Account {0}: You can not assign itself as parent account","Hesab {0}: Özünü ana hesab kimi təyin edə bilməzsiniz"
"Account: {0} can only be updated via Stock Transactions","Hesab: {0} yalnız Stok Əməliyyatları vasitəsilə yenilənə bilər"
"Account: {0} with currency: {1} can not be selected","Hesab: {1} valyutalı {0} seçilə bilməz"
"Accountant","Mühasib"
"Accounting","Mühasibat"
"Accounting Entry for Asset","Aktiv üçün Mühasibat Qeydi"
"Accounting Entry for Stock","Stok üçün Mühasibat Qeydi"
"Accounting Entry for {0}: {1} can only be made in currency: {2}","{0} üçün Mühasibat Qeydi: {1} yalnız bu valyutada edilə bilər: {2}"
"Accounting Ledger","Hesablar Reyestri"
"Accounting journal entries.","Mühasibat jurnalı qeydləri."
"Accounts","Hesablar"
"Accounts Manager","Hesablar Meneceri"
"Accounts Payable","Kredit borcları"
"Accounts Payable Summary","Kredit borclarının xülasəsi"
"Accounts Receivable","Debitor borcları"
"Accounts Receivable Summary","Debitor borclarının xülasəsi"
"Accounts User","Hesablar İstifadəçisi"
"Accounts table cannot be blank.","Hesablar cədvəli boş ola bilməz."
"Accumulated Depreciation","Yığılmış Amortizasiya"
"Accumulated Depreciation Amount","Yığılmış Amortizasiya Məbləği"
"Accumulated Depreciation as on","Tarixinə Yığılmış Amortizasiya"
"Accumulated Monthly","Aylıq Yığılmış"
"Accumulated Values","Yığılmış Dəyərlər"
"Accumulated Values in Group Company","Qrup Şirkətində Yığılmış Dəyərlər"
"Achieved ({})","Əldə edilib ({})"
"Action","Əməliyyat"
"Action Initialised","Əməliyyat Başladıldı"
"Actions","Əməliyyatlar"
"Active","Aktiv"
"Activity Cost exists for Employee {0} against Activity Type - {1}","{0} İşçisi üçün {1} Fəaliyyət Növü üzrə Fəaliyyət Xərci mövcuddur"
"Activity Cost per Employee","İşçi başına Fəaliyyət Xərci"
"Activity Type","Fəaliyyət növü"
"Actual Cost","Faktiki Maya Dəyəri"
"Actual Delivery Date","Faktiki Çatdırılma Tarixi"
"Actual Qty","Faktiki Miqdar"
"Actual Qty is mandatory","Faktiki Miqdar məcburidir"
"Actual Qty {0} / Waiting Qty {1}","Faktiki Miqdar {0} / Gözləyən Miqdar {1}"
"Actual Qty: Quantity available in the warehouse.","Faktiki Miqdar: Anbarda mövcud olan miqdar."
"Actual qty in stock","Stokda faktiki miqdar"
"Actual type tax cannot be included in Item rate in row {0}","{0} sətrində faktiki vergi növü Məhsul qiymətinə daxil edilə bilməz"
"Add","Əlavə et"
"Add / Edit Prices","Qiymətləri Əlavə et / Düzəliş et"
"Add Comment","Şərh Əlavə et"
"Add Customers","Müştərilər Əlavə et"
"Add Employees","İşçilər Əlavə et"
"Add Item","Məhsul Əlavə et"
"Add Items","Məhsullar Əlavə et"
"Add Leads","Potensial Müştəri Əlavə et"
"Add Multiple Tasks","Çoxlu Tapşırıq Əlavə et"
"Add Sales Partners","Satış Tərəfdaşları Əlavə et"
"Add Serial No","Seriya Nömrəsi Əlavə et"
"Add Students","Tələbələr Əlavə et"
"Add Suppliers","Təchizatçılar Əlavə et"
"Add Time Slots","Vaxt Slotları Əlavə et"
"Add Timesheets","Vaxt Cədvəlləri Əlavə et"
"Add Timeslots","Vaxt Slotları Əlavə et"
"Add Users to Marketplace","İstifadəçiləri Marketplace-ə Əlavə et"
"Add a new address","Yeni ünvan əlavə et"
"Add cards or custom sections on homepage","Ana səhifəyə kartlar və ya xüsusi bölmələr əlavə edin"
"Add more items or open full form","Daha çox məhsul əlavə edin və ya tam formanı açın"
"Add notes","Qeydlər əlavə et"
"Add the rest of your organization as your users. You can also add invite Customers to your portal by adding them from Contacts","Təşkilatınızın qalan hissəsini istifadəçi kimi əlavə edin. Müştəriləri Kontaktlardan əlavə edərək portalınıza dəvət edə bilərsiniz"
"Add/Remove Recipients","Alıcıları Əlavə et/Sil"
"Added","Əlavə edildi"
"Added {0} users","{0} istifadəçi əlavə edildi"
"Additional Salary Component Exists.","Əlavə Maaş Komponenti Mövcuddur."
"Address","Ünvan"
"Address Line 2","Ünvan Sətri 2"
"Address Name","Ünvan Adı"
"Address Title","Ünvan Başlığı"
"Address Type","Ünvan Növü"
"Administrative Expenses","İnzibati Xərclər"
"Administrative Officer","İnzibati İşçi"
"Administrator","Administrator"
"Admission","Qəbul"
"Admission and Enrollment","Qəbul və Qeydiyyat"
"Admissions for {0}","{0} üçün Qəbullar"
"Admit","Qəbul et"
"Admitted","Qəbul edildi"
"Advance Amount","Avans Məbləği"
"Advance Payments","Avans Ödənişləri"
"Advance account currency should be same as company currency {0}","Avans hesabı valyutası şirkət valyutası {0} ilə eyni olmalıdır"
"Advance amount cannot be greater than {0} {1}","Avans məbləği {0} {1}-dən çox ola bilməz"
"Advertising","Reklam"
"Aerospace","Aerokosmik"
"Against","Qarşı"
"Against Account","Qarşı Hesab"
"Against Journal Entry {0} does not have any unmatched {1} entry","{0} Uçot Qəbzinə qarşı heç bir uyğun gəlməyən {1} qeydi yoxdur"
"Against Journal Entry {0} is already adjusted against some other voucher","{0} Uçot Qəbzi artıq başqa bir sənədə qarşı tənzimlənib"
"Against Supplier Invoice {0} dated {1}","{0} tarixli Təchizatçı Fakturasına ({1}) əsasən"
"Against Voucher","Qarşı Sənəd"
"Against Voucher Type","Qarşı Sənəd Növü"
"Age","Yaş"
"Age (Days)","Yaş (Gün)"
"Ageing Based On","Yaşlandırma Əsası"
"Ageing Range 1","Yaşlandırma Aralığı 1"
"Ageing Range 2","Yaşlandırma Aralığı 2"
"Ageing Range 3","Yaşlandırma Aralığı 3"
"Agriculture","Kənd Təsərrüfatı"
"Agriculture (beta)","Kənd Təsərrüfatı (beta)"
"Airline","Aviaşirkət"
"All Accounts","Bütün Hesablar"
"All Addresses.","Bütün Ünvanlar."
"All Assessment Groups","Bütün Qiymətləndirmə Qrupları"
"All BOMs","Bütün Reseptlər"
"All Contacts.","Bütün Kontaktlar."
"All Customer Groups","Bütün Müştəri Qrupları"
"All Day","Bütün Gün"
"All Departments","Bütün Şöbələr"
"All Healthcare Service Units","Bütün Səhiyyə Xidmət Vahidləri"
"All Item Groups","Bütün Məhsul Qrupları"
"All Products","Bütün Məhsullar"
"All Products or Services.","Bütün Məhsullar və ya Xidmətlər."
"All Student Admissions","Bütün Tələbə Qəbulları"
"All Supplier Groups","Bütün Təchizatçı Qrupları"
"All Supplier scorecards.","Bütün Təchizatçı qiymətləndirmə kartları."
"All Territories","Bütün Ərazilər"
"All Warehouses","Bütün Anbarlar"
"All communications including and above this shall be moved into the new Issue","Bütün kommunikasiyalar (bu daxil olmaqla və yuxarıdakılar) yeni Problemə köçürüləcək"
"All items have already been transferred for this Work Order.","Bu İş Sifarişi üçün bütün məhsullar artıq transfer edilib."
"All other ITC","Bütün digər ITC"
"All the mandatory Task for employee creation hasn't been done yet.","İşçi yaradılması üçün bütün məcburi Tapşırıqlar hələ yerinə yetirilməyib."
"Allocate Payment Amount","Ödəniş Məbləğini Təhsis et"
"Allocated Amount","Təhsis edilmiş Məbləğ"
"Allocating leaves...","Məzuniyyətlər təhsis edilir..."
"Already record exists for the item {0}","{0} məhsulu üçün qeyd artıq mövcuddur"
"""Already set default in pos profile {0} for user {1}, kindly disabled default""","""{1} istifadəçisi üçün {0} pos profilində artıq standart təyin edilib, lütfən standartı deaktiv edin"""
"Alternate Item","Alternativ Məhsul"
"Alternative item must not be same as item code","Alternativ məhsul məhsul kodu ilə eyni olmamalıdır"
"Amended From","Düzəliş Əsası"
"Amount","Məbləğ"
"Amount After Depreciation","Amortizasiyadan Sonrakı Məbləğ"
"Amount of Integrated Tax","İnteqrasiya Edilmiş Vergi Məbləği"
"Amount of TDS Deducted","Tutulan TDS Məbləği"
"Amount should not be less than zero.","Məbləğ sıfırdan az olmamalıdır."
"Amount to Bill","Faktura Məbləği"
"Amount {0} {1} against {2} {3}","Məbləğ {0} {1} qarşı {2} {3}"
"Amount {0} {1} deducted against {2}","Məbləğ {0} {1} tutuldu ({2} qarşı)"
"Amount {0} {1} transferred from {2} to {3}","Məbləğ {0} {1} {2}-dən {3}-ə köçürüldü"
"Amount {0} {1} {2} {3}","Məbləğ {0} {1} {2} {3}"
"Amt","Məb"
"""An Item Group exists with same name, please change the item name or rename the item group""","""Eyni adlı Məhsul Qrupu mövcuddur, lütfən məhsul adını dəyişin və ya məhsul qrupunun adını dəyişdirin"""
"An academic term with this 'Academic Year' {0} and 'Term Name' {1} already exists. Please modify these entries and try again.","Bu 'Akademik İl' {0} və 'Semestr Adı' {1} olan akademik semestr artıq mövcuddur. Lütfən, bu qeydləri dəyişdirin və yenidən cəhd edin."
"An error occurred during the update process","Yeniləmə prosesi zamanı xəta baş verdi"
"""An item exists with same name ({0}), please change the item group name or rename the item""","""Eyni adlı məhsul ({0}) mövcuddur, lütfən məhsul qrupunun adını dəyişin və ya məhsulun adını dəyişdirin"""
"Analyst","Analitik"
"Annual Billing: {0}","İllik Faktura: {0}"
"Another Budget record '{0}' already exists against {1} '{2}' and account '{3}' for fiscal year {4}","{4} maliyyə ili üçün {1} '{2}' və '{3}' hesabına qarşı başqa bir Büdcə qeydi '{0}' artıq mövcuddur"
"Another Period Closing Entry {0} has been made after {1}","{1}-dən sonra başqa bir Dövr Bağlanma Qeydi {0} edilib"
"Another Sales Person {0} exists with the same Employee id","Eyni İşçi id-si ilə başqa bir Satıcı {0} mövcuddur"
"Antibiotic","Antibiotik"
"Apparel & Accessories","Geyim və Aksesuarlar"
"Applicable For","Tətbiq Edilə bilər"
"""Applicable if the company is SpA, SApA or SRL""","""Şirkət SpA, SApA və ya SRL olduqda tətbiq edilir"""
"Applicable if the company is a limited liability company","Şirkət məhdud məsuliyyətli cəmiyyət olduqda tətbiq edilir"
"Applicable if the company is an Individual or a Proprietorship","Şirkət Fərdi və ya Sahibkarlıq subyekti olduqda tətbiq edilir"
"Application of Funds (Assets)","Vəsaitlərin Tətbiqi (Aktivlər)"
"Applied","Tətbiq edildi"
"Appointment Confirmation","Randevu Təsdiqi"
"Appointment Duration (mins)","Randevu Müddəti (dəq)"
"Appointment Type","Randevu Növü"
"Appointment {0} and Sales Invoice {1} cancelled","Randevu {0} və Satış Fakturası {1} ləğv edildi"
"Appointments and Encounters","Randevular və Qəbullar"
"Appointments and Patient Encounters","Randevular və Pasiyent Qəbulları"
"Appraisal {0} created for Employee {1} in the given date range","Verilən tarix aralığında İşçi {1} üçün Qiymətləndirmə {0} yaradıldı"
"Approving Role cannot be same as role the rule is Applicable To","Təsdiqləyən Rol qaydanın Tətbiq Edildiyi rol ilə eyni ola bilməz"
"Approving User cannot be same as user the rule is Applicable To","Təsdiqləyən İstifadəçi qaydanın Tətbiq Edildiyi istifadəçi ilə eyni ola bilməz"
"""Apps using current key won't be able to access, are you sure?""","""Cari açarı istifadə edən tətbiqlər daxil ola bilməyəcək, əminsiniz?"""
"Are you sure you want to cancel this appointment?","Bu randevunu ləğv etmək istədiyinizə əminsiniz?"
"Arrear","Borc"
"As Examiner","İmtahançı kimi"
"As On Date","Tarixə olan"
"As Supervisor","Nəzarətçi kimi"
"As per rules 42 & 43 of CGST Rules","CGST Qaydalarının 42 və 43-cü qaydalarına əsasən"
"As per section 17(5)","17(5) maddəsinə əsasən"
"Assessment","Qiymətləndirmə"
"Assessment Criteria","Qiymətləndirmə Meyarları"
"Assessment Group","Qiymətləndirmə Qrupu"
"Assessment Group:","Qiymətləndirmə Qrupu:"
"Assessment Plan","Qiymətləndirmə Planı"
"Assessment Plan Name","Qiymətləndirmə Planının Adı"
"Assessment Report","Qiymətləndirmə Hesabatı"
"Assessment Reports","Qiymətləndirmə Hesabatları"
"Assessment Result","Qiymətləndirmə Nəticəsi"
"Assessment Result record {0} already exists.","Qiymətləndirmə Nəticəsi qeydi {0} artıq mövcuddur."
"Asset","Aktiv"
"Asset Category","Aktiv Kateqoriyası"
"Asset Category is mandatory for Fixed Asset item","Əsas Vəsait məhsulu üçün Aktiv Kateqoriyası məcburidir"
"Asset Maintenance","Aktiv Baxımı"
"Asset Movement","Aktiv Hərəkəti"
"Asset Movement record {0} created","Aktiv Hərəkəti qeydi {0} yaradıldı"
"Asset Name","Aktiv Adı"
"Asset Received But Not Billed","Aktiv Qəbul Edildi, lakin Fakturalanmadı"
"Asset Value Adjustment","Aktiv Dəyərinin Tənzimlənməsi"
"""Asset cannot be cancelled, as it is already {0}""","""Aktiv ləğv edilə bilməz, çünki artıq {0}"""
"Asset scrapped via Journal Entry {0}","Aktiv Uçot Qəbzi {0} vasitəsilə silindi"
"""Asset {0} cannot be scrapped, as it is already {1}""","""Aktiv {0} silinə bilməz, çünki artıq {1}"""
"Asset {0} does not belong to company {1}","Aktiv {0} {1} şirkətinə aid deyil"
"Asset {0} must be submitted","Aktiv {0} təsdiq edilməlidir"
"Assets","Aktivlər"
"Assign To","Təyin Et"
"Associate","Əlaqələndirmək"
"At least one mode of payment is required for POS invoice.","POS fakturası üçün ən azı bir ödəniş üsulu tələb olunur."
"Atleast one item should be entered with negative quantity in return document","Qaytarma sənədində ən azı bir məhsul mənfi miqdarla daxil edilməlidir"
"Atleast one of the Selling or Buying must be selected","Satış və ya Satınalmadan ən azı biri seçilməlidir"
"Atleast one warehouse is mandatory","Ən azı bir anbar məcburidir"
"Attach Logo","Loqo Əlavə et"
"Attachment","Qoşma"
"Attachments","Qoşmalar"
"Attendance can not be marked for future dates","Davamiyyət gələcək tarixlər üçün qeyd edilə bilməz"
"Attendance date can not be less than employee's joining date","Davamiyyət tarixi işçinin işə qəbul tarixindən az ola bilməz"
"Attendance for employee {0} is already marked","İşçi {0} üçün davamiyyət artıq qeyd edilib"
"Attendance has been marked successfully.","Davamiyyət uğurla qeyd edildi."
"Attendance not submitted for {0} as {1} on leave.","{0} üçün davamiyyət təqdim edilmədi, çünki {1} məzuniyyətdədir."
"Attribute table is mandatory","Atribut cədvəli məcburidir"
"Attribute {0} selected multiple times in Attributes Table","Atribut {0} Atributlar Cədvəlində bir neçə dəfə seçilib"
"Authorized Signatory","Səlahiyyətli İmzaçı"
"Auto Material Requests Generated","Avtomatik Material Sorğuları Yaradıldı"
"Auto Repeat","Avtomatik Təkrarla"
"Auto repeat document updated","Avtomatik təkrar sənədi yeniləndi"
"Automotive","Avtomobil"
"Available","Mövcud"
"Available Qty","Mövcud Miqdar"
"Available Selling","Mövcud Satış"
"Available for use date is required","İstifadəyə yararlılıq tarixi tələb olunur"
"Available slots","Mövcud slotlar"
"Available {0}","Mövcud {0}"
"Available-for-use Date should be after purchase date","İstifadəyə Yararlılıq Tarixi satınalma tarixindən sonra olmalıdır"
"Average Age","Orta Yaş"
"Average Rate","Orta Qiymət"
"Avg Daily Outgoing","Orta Gündəlik Çıxış"
"Avg. Buying Price List Rate","Orta Satınalma Qiymət Cədvəli Qiyməti"
"Avg. Selling Price List Rate","Orta Satış Qiymət Cədvəli Qiyməti"
"Avg. Selling Rate","Orta Satış Qiyməti"
"BOM","Resept"
"BOM Browser","Resept Brauzeri"
"BOM No","Resept No"
"BOM Rate","Resept Qiyməti"
"BOM Stock Report","Resept Stok Hesabatı"
"BOM and Manufacturing Quantity are required","Resept və İstehsal Miqdarı tələb olunur"
"BOM does not contain any stock item","Reseptdə heç bir stok məhsulu yoxdur"
"BOM {0} does not belong to Item {1}","Resept {0} Məhsul {1}-ə aid deyil"
"BOM {0} must be active","Resept {0} aktiv olmalıdır"
"BOM {0} must be submitted","Resept {0} təsdiq edilməlidir"
"Balance","Balans"
"Balance (Dr - Cr)","Balans (Dr - Kr)"
"Balance ({0})","Balans ({0})"
"Balance Qty","Qalıq Miq."
"Balance Sheet","Balans Hesabatı"
"Balance Value","Balans Dəyəri"
"Balance for Account {0} must always be {1}","{0} Hesabı üçün Balans həmişə {1} olmalıdır"
"Bank","Bank"
"Bank Account","Bank Hesabı"
"Bank Accounts","Bank Hesabları"
"Bank Draft","Bank Çeki"
"Bank Name","Bank Adı"
"Bank Overdraft Account","Bank Overdraft Hesabı"
"Bank Reconciliation","Bank Üzləşdirməsi"
"Bank Reconciliation Statement","Bank Üzləşdirmə Bəyanatı"
"Bank Statement","Bank Çıxarışı"
"Bank Statement Settings","Bank Çıxarışı Parametrləri"
"Bank Statement balance as per General Ledger","Baş Kitaba əsasən Bank Çıxarışı balansı"
"Bank account cannot be named as {0}","Bank hesabı {0} kimi adlandırıla bilməz"
"Bank/Cash transactions against party or for internal transfer","Tərəf qarşı və ya daxili transfer üçün Bank/Nağd əməliyyatları"
"Banking","Bankçılıq"
"Banking and Payments","Bank və Ödənişlər"
"Barcode {0} already used in Item {1}","Barkod {0} artıq {1} Məhsulunda istifadə olunur"
"Barcode {0} is not a valid {1} code","Barkod {0} etibarlı {1} kodu deyil"
"Base URL","Əsas URL"
"Based On","Əsasən"
"Based On Payment Terms","Ödəniş Şərtlərinə Əsasən"
"Batch","Partiya"
"Batch Entries","Partiya Girişləri"
"Batch ID is mandatory","Partiya İD məcburidir"
"Batch Inventory","Partiya İnventarı"
"Batch Name","Partiya Adı"
"Batch No","Partiya No"
"Batch number is mandatory for Item {0}","{0} Məhsulu üçün Partiya nömrəsi məcburidir"
"Batch {0} of Item {1} has expired.","{1} Məhsulunun {0} Partiyasının istifadə müddəti bitib."
"Batch {0} of Item {1} is disabled.","{1} Məhsulunun {0} Partiyası deaktiv edilib."
"Batch:","Partiya:"
"Batches","Partiyalar"
"Become a Seller","Satıcı Ol"
"Bill","Faktura"
"Bill Date","Faktura Tarixi"
"Bill No","Faktura No"
"Bill of Materials","Materiallar Siyahısı"
"Bill of Materials (BOM)","Materiallar Siyahısı (Resept)"
"Billable Hours","Fakturalana Bilən Saatlar"
"Billed","Fakturalanıb"
"Billed Amount","Fakturalanan Məbləğ"
"Billing Address","Faktura Ünvanı"
"Billing Address is same as Shipping Address","Faktura Ünvanı Çatdırılma Ünvanı ilə eynidir"
"Billing Amount","Faktura Məbləği"
"Billing Status","Faktura Statusu"
"Billing currency must be equal to either default company's currency or party account currency","Faktura valyutası ya şirkətin standart valyutasına, ya da tərəf hesabının valyutasına bərabər olmalıdır"
"Bills raised by Suppliers.","Təchizatçılar tərəfindən qaldırılan fakturalar."
"Bills raised to Customers.","Müştərilərə qaldırılan fakturalar."
"Biotechnology","Biotexnologiya"
"Black","Qara"
"Blanket Orders from Costumers.","Müştərilərdən Ümumi Sifarişlər."
"Block Invoice","Fakturanı Blokla"
"Boms","Reseptlər"
"Both Trial Period Start Date and Trial Period End Date must be set","Həm Sınaq Müddəti Başlama Tarixi, həm də Sınaq Müddəti Bitmə Tarixi təyin edilməlidir"
"Both Warehouse must belong to same Company","Hər iki Anbar eyni Şirkətə aid olmalıdır"
"Branch","Filial"
"Broadcasting","Yayım"
"Brokerage","Brokerlik"
"Browse BOM","Reseptə Bax"
"Budget Against","Büdcə Qarşı"
"Budget List","Büdcə Siyahısı"
"Budget Variance Report","Büdcə Fərqi Hesabatı"
"Budget cannot be assigned against Group Account {0}","Büdcə Qrup Hesabı {0}-a təyin edilə bilməz"
"""Budget cannot be assigned against {0}, as it's not an Income or Expense account""","""Büdcə {0}-a təyin edilə bilməz, çünki bu Gəlir və ya Xərc hesabı deyil"""
"Buildings","Binalar"
"Bundle items at time of sale.","Satış zamanı məhsulları paketləyin."
"Business Development Manager","Biznesin İnkişafı Meneceri"
"Buy","Al"
"Buying","Satınalma"
"Buying Amount","Satınalma Məbləği"
"Buying Price List","Satınalma Qiymət Cədvəli"
"Buying Rate","Satınalma Qiyməti"
"""Buying must be checked, if Applicable For is selected as {0}""","""Əgər Tətbiq Edilir seçimi {0} olaraq seçilibsə, Satınalma işarələnməlidir"""
"By {0}","{0} Tərəfindən"
"Bypass credit check at Sales Order","Satış Sifarişində kredit yoxlanışını keç"
"C-Form records","C-Form qeydləri"
"C-form is not applicable for Invoice: {0}","C-form Faktura üçün tətbiq edilmir: {0}"
"CEO","CEO"
"CESS Amount","CESS Məbləği"
"CGST Amount","CGST Məbləği"
"CRM","CRM"
"CWIP Account","CWIP Hesabı"
"Calculated Bank Statement balance","Hesablanmış Bank Çıxarışı balansi"
"Campaign","Kampaniya"
"Can be approved by {0}","{0} tərəfindən təsdiqlənə bilər"
"""Can not filter based on Account, if grouped by Account""","""Əgər Hesaba görə qruplaşdırılıbsa, Hesaba əsasən filtrləmək olmaz"""
"""Can not filter based on Voucher No, if grouped by Voucher""","""Əgər Sənədə görə qruplaşdırılıbsa, Sənəd Nömrəsinə əsasən filtrləmək olmaz"""
"""Can not mark Inpatient Record Discharged, there are Unbilled Invoices {0}""","""Stasionar Qeydi Buraxılmış kimi qeyd edilə bilməz, Fakturalanmamış Fakturalar var {0}"""
"Can only make payment against unbilled {0}","Yalnız fakturalanmamış {0} qarşı ödəniş edilə bilər"
"Can refer row only if the charge type is 'On Previous Row Amount' or 'Previous Row Total'","Yalnız xərc növü 'Əvvəlki Sətir Məbləği Üzrə' və ya 'Əvvəlki Sətir Cəmi' olduqda sətrə istinad edilə bilər"
"""Can't change valuation method, as there are transactions against some items which does not have it's own valuation method""","""Qiymətləndirmə metodunu dəyişmək olmaz, çünki öz qiymətləndirmə metodu olmayan bəzi məhsullar üzrə əməliyyatlar var"""
"Can't create standard criteria. Please rename the criteria","Standart meyarlar yaradıla bilməz. Zəhmət olmasa meyarların adını dəyişin"
"Cancel","Ləğv et"
"Cancel Material Visit {0} before cancelling this Warranty Claim","Bu Zəmanət Tələbini ləğv etməzdən əvvəl Material Səfərini {0} ləğv edin"
"Cancel Material Visits {0} before cancelling this Maintenance Visit","Bu Baxım Səfərini ləğv etməzdən əvvəl Material Səfərini {0} ləğv edin"
"Cancel Subscription","Abunəliyi Ləğv et"
"Cancel the journal entry {0} first","Əvvəlcə {0} uçot qeydini ləğv edin"
"Canceled","Ləğv edildi"
"""Cannot Submit, Employees left to mark attendance""","""Təsdiq edilə bilmir, Davamiyyəti qeyd edilməmiş İşçilər qalıb"""
"Cannot be a fixed asset item as Stock Ledger is created.","Stok Qeydi yaradıldığı üçün əsas vəsait məhsulu ola bilməz."
"Cannot cancel because submitted Stock Entry {0} exists","Ləğv edilə bilmir, çünki təsdiqlənmiş Stok Girişi {0} mövcuddur"
"Cannot cancel transaction for Completed Work Order.","Tamamlanmış İş Sifarişi üçün əməliyyatı ləğv etmək olmaz."
"Cannot cancel {0} {1} because Serial No {2} does not belong to the warehouse {3}","{0} {1} ləğv edilə bilmir, çünki Seriya Nömrəsi {2} {3} anbarına aid deyil"
"Cannot change Attributes after stock transaction. Make a new Item and transfer stock to the new Item","Stok əməliyyatından sonra Atributları dəyişmək olmaz. Yeni Məhsul yaradın və stoku yeni Məhsula köçürün"
"Cannot change Fiscal Year Start Date and Fiscal Year End Date once the Fiscal Year is saved.","Maliyyə İli yadda saxlanıldıqdan sonra Maliyyə İli Başlama Tarixi və Maliyyə İli Bitmə Tarixi dəyişdirilə bilməz."
"Cannot change Service Stop Date for item in row {0}","{0} sətrindəki məhsul üçün Xidmət Dayandırma Tarixini dəyişmək olmaz"
"Cannot change Variant properties after stock transaction. You will have to make a new Item to do this.","Stok əməliyyatından sonra Variant xüsusiyyətlərini dəyişmək olmaz. Bunu etmək üçün yeni Məhsul yaratmalısınız."
"""Cannot change company's default currency, because there are existing transactions. Transactions must be cancelled to change the default currency.""","""Şirkətin standart valyutasını dəyişmək olmaz, çünki mövcud əməliyyatlar var. Standart valyutanı dəyişmək üçün əməliyyatlar ləğv ediləllidir."""
"Cannot change status as student {0} is linked with student application {1}","Status dəyişdirilə bilməz, çünki tələbə {0} tələbə müraciəti {1} ilə əlaqəlidir"
"Cannot convert Cost Center to ledger as it has child nodes","Alt qovşaqları olduğu üçün Xərc Mərkəzi dəftərə çevrilə bilməz"
"Cannot covert to Group because Account Type is selected.","Hesab Növü seçildiyi üçün Qrupa çevirmək olmaz."
"Cannot create Retention Bonus for left Employees","İşdən çıxmış İşçilər üçün Saxlama Bonusu yaradıla bilməz"
"Cannot create a Delivery Trip from Draft documents.","Qaralama sənədlərdən Çatdırılma Səfəri yaradıla bilməz."
"Cannot deactivate or cancel BOM as it is linked with other BOMs","Digər Reseptlərlə əlaqəli olduğu üçün Resepti deaktiv etmək və ya ləğv etmək olmaz"
"""Cannot declare as lost, because Quotation has been made.""","""İtirilmiş elan edilə bilməz, çünki Kotirovka edilib."""
"Cannot deduct when category is for 'Valuation' or 'Valuation and Total'","Kateqoriya 'Qiymətləndirmə' və ya 'Qiymətləndirmə və Cəmi' olduqda çıxmaq olmaz"
"Cannot deduct when category is for 'Valuation' or 'Vaulation and Total'","Kateqoriya 'Qiymətləndirmə' və ya 'Qiymətləndirmə və Cəmi' olduqda çıxmaq olmaz"
"""Cannot delete Serial No {0}, as it is used in stock transactions""","""{0} Seriya Nömrəsi stok əməliyyatlarında istifadə edildiyi üçün silinə bilməz"""
"Cannot enroll more than {0} students for this student group.","Bu tələbə qrupu üçün {0}-dan çox tələbə qeydiyyata alına bilməz."
"Cannot produce more Item {0} than Sales Order quantity {1}","Satış Sifarişi miqdarından {1} daha çox Məhsul {0} istehsal edilə bilməz"
"Cannot promote Employee with status Left","İşdən Çıxmış statuslu İşçini yüksəltmək olmaz"
"Cannot refer row number greater than or equal to current row number for this Charge type","Bu Xərc növü üçün cari sətir nömrəsindən böyük və ya ona bərabər sətir nömrəsinə istinad edilə bilməz"
"Cannot select charge type as 'On Previous Row Amount' or 'On Previous Row Total' for first row","Birinci sətir üçün xərc növünü 'Əvvəlki Sətir Məbləği Üzrə' və ya 'Əvvəlki Sətir Cəmi Üzrə' seçmək olmaz"
"Cannot set as Lost as Sales Order is made.","Satış Sifarişi edildiyi üçün İtirilmiş kimi təyin edilə bilməz."
"Cannot set authorization on basis of Discount for {0}","{0} üçün Endirim əsasında avtorizasiya təyin edilə bilməz"
"Cannot set multiple Item Defaults for a company.","Bir şirkət üçün birdən çox Məhsul Standartı təyin edilə bilməz."
"Cannot set quantity less than delivered quantity","Çatdırılan miqdardan az miqdar təyin edilə bilməz"
"Cannot set quantity less than received quantity","Qəbul edilən miqdardan az miqdar təyin edilə bilməz"
"Cannot set the field <b>{0}</b> for copying in variants","Variantlarda kopyalamaq üçün <b>{0}</b> sahəsi təyin edilə bilməz"
"Cannot transfer Employee with status Left","İşdən Çıxmış statuslu İşçini transfer etmək olmaz"
"Cannot {0} {1} {2} without any negative outstanding invoice","Hər hansı mənfi ödənilməmiş faktura olmadan {0} {1} {2} olmaz"
"Capital Equipments","Kapital Avadanlıqları"
"Capital Stock","Nizamnamə Kapitalı"
"Capital Work in Progress","Yarımçıq Tikililər"
"Cart","Səbət"
"Cart is Empty","Səbət Boşdur"
"Case No(s) already in use. Try from Case No {0}","İş Nömrə(ləri) artıq istifadədədir. İş Nömrəsi {0}-dan cəhd edin"
"Cash","Nağd"
"Cash Flow Statement","Pul Vəsaitlərinin Hərəkəti Hesabatı"
"Cash Flow from Financing","Maliyyələşdirmədən Pul Axını"
"Cash Flow from Investing","İnvestisiyadan Pul Axını"
"Cash Flow from Operations","Əməliyyatlardan Pul Axını"
"Cash In Hand","Kassada Nağd Pul"
"Cash or Bank Account is mandatory for making payment entry","Ödəniş qeydi etmək üçün Nağd və ya Bank Hesabı məcburidir"
"Cashier Closing","Kassir Bağlanışı"
"Category","Kateqoriya"
"Category Name","Kateqoriya Adı"
"Caution","Xəbərdarlıq"
"Central Tax","Mərkəzi Vergi"
"Certification","Sertifikatlaşdırma"
"Cess","Vergi"
"Change Amount","Məbləği Dəyi"
"Change Item Code","Məhsul Kodunu Dəyiş"
"Change Release Date","Buraxılış Tarixini Dəyiş"
"Change Template Code","Şablon Kodunu Dəyiş"
"Changing Customer Group for the selected Customer is not allowed.","Seçilmiş Müştəri üçün Müştəri Qrupunun dəyişdirilməsinə icazə verilmir."
"Chapter","Fəsil"
"Chapter information.","Fəsil məlumatı."
"Charge of type 'Actual' in row {0} cannot be included in Item Rate","{0} sətrindəki 'Faktiki' tipli xərc Məhsul Qiymətinə daxil edilə bilməz"
"Chargeble","Ödənişli"
"Charges are updated in Purchase Receipt against each item","Xərclər Satınalma Qəbzində hər bir məhsul üçün yenilənir"
"""Charges will be distributed proportionately based on item qty or amount, as per your selection""","""Seçiminizə əsasən xərclər məhsul miqdarına və ya məbləğinə görə mütənasib olaraq paylanacaq"""
"Chart of Cost Centers","Xərc Mərkəzləri Planı"
"Check all","Hamısını seç"
"Checkout","Ödəmə"
"Chemical","Kimyəvi"
"Cheque","Çek"
"Cheque/Reference No","Çek/İstinad No"
"Cheques Required","Çeklər Tələb olunur"
"Cheques and Deposits incorrectly cleared","Çeklər və Depozitlər səhv təmizlənib"
"Child Task exists for this Task. You can not delete this Task.","Bu Tapşırıq üçün Alt Tapşırıq mövcuddur. Bu Tapşırığı silə bilməzsiniz."
"Child nodes can be only created under 'Group' type nodes","Alt qovşaqlar yalnız 'Qrup' tipli qovşaqlar altında yaradıla bilər"
"Child warehouse exists for this warehouse. You can not delete this warehouse.","Bu anbar üçün alt anbar mövcuddur. Bu anbarı silə bilməzsiniz."
"Circular Reference Error","Dairəvi İstinad Xətası"
"City","Şəhər"
"City/Town","Şəhər/Qəsəbə"
"Clay","Gil"
"Clear filters","Filtrləri təmizlə"
"Clear values","Dəyərləri təmizlə"
"Clearance Date","Təmizlənmə Tarixi"
"Clearance Date not mentioned","Təmizlənmə Tarixi qeyd edilməyib"
"Clearance Date updated","Təmizlənmə Tarixi yeniləndi"
"Client","Müştəri"
"Client ID","Müştəri İD"
"Client Secret","Müştəri Məxviliyi"
"Clinical Procedure","Klinik Prosedur"
"Clinical Procedure Template","Klinik Prosedur Şablonu"
"Close Balance Sheet and book Profit or Loss.","Balans Hesabatını bağlayın və Mənfəət və ya Zərəri qeyd edin."
"Close Loan","Krediti Bağla"
"Close the POS","POS-u Bağla"
"Closed","Bağlıdır"
"Closed order cannot be cancelled. Unclose to cancel.","Bağlı sifariş ləğv edilə bilməz. Ləğv etmək üçün açın."
"Closing (Cr)","Bağlanış (Kr)"
"Closing (Dr)","Bağlanış (Dr)"
"Closing (Opening + Total)","Bağlanış (Açılış + Cəmi)"
"Closing Account {0} must be of type Liability / Equity","Bağlanış Hesabı {0} Öhdəlik / Kapital növündə olmalıdır"
"Closing Balance","Bağlanış Balansı"
"Code","Kod"
"Collapse All","Hamısını Yığ"
"Color","Rəng"
"Colour","Rəng"
"Combined invoice portion must equal 100%","Birləşdirilmiş faktura hissəsi 100%-ə bərabər olmalıdır"
"Commercial","Kommersiya"
"Commission","Komissiya"
"Commission Rate %","Komissiya Dərəcəsi %"
"Commission on Sales","Satış üzrə Komissiya"
"Commission rate cannot be greater than 100","Komissiya dərəcəsi 100-dən çox ola bilməz"
"Community Forum","İcma Forumu"
"Company (not Customer or Supplier) master.","Şirkət (Müştəri və ya Təchizatçı deyil) masteri."
"Company Abbreviation","Şirkət Abreviaturası"
"Company Abbreviation cannot have more than 5 characters","Şirkət Abreviaturası 5 simvoldan çox ola bilməz"
"Company Name","Şirkət Adı"
"Company Name cannot be Company","Şirkət Adı Şirkət ola bilməz"
"Company currencies of both the companies should match for Inter Company Transactions.","Şirkətlərarası Əməliyyatlar üçün hər iki şirkətin valyutaları uyğun olmalıdır."
"Company is manadatory for company account","Şirkət hesabı üçün şirkət məcburidir"
"Company name not same","Şirkət adı eyni deyil"
"Company {0} does not exist","Şirkət {0} mövcud deyil"
"Compensatory leave request days not in valid holidays","Kompensasiya məzuniyyəti tələbi günləri etibarlı tətillərdə deyil"
"Complaint","Şikayət"
"Completion Date","Tamamlanma Tarixi"
"Computer","Kompüter"
"Condition","Şərt"
"Configure","Konfiqurasiya et"
"Configure {0}","{0} Konfiqurasiya et"
"Confirmed orders from Customers.","Müştərilərdən təsdiqlənmiş sifarişlər."
"Connect Amazon with ERPNext","Amazon-u ERPNext ilə əlaqələndirin"
"Connect Shopify with ERPNext","Shopify-ı ERPNext ilə əlaqələndirin"
"Connect to Quickbooks","Quickbooks-a qoşulun"
"Connected to QuickBooks","QuickBooks-a qoşuldu"
"Connecting to QuickBooks","QuickBooks-a qoşulur"
"Consultation","Konsultasiya"
"Consultations","Konsultasiyalar"
"Consulting","Konsultasiya"
"Consumable","İstehlak materialı"
"Consumed","İstehlak edildi"
"Consumed Amount","İstehlak edilən Məbləğ"
"Consumed Qty","İstehlak edilən Miqdar"
"Consumer Products","İstehlak Məhsulları"
"Contact","Əlaqə"
"Contact Us","Bizimlə Əlaqə"
"Content","Məzmun"
"Content Masters","Məzmun Masterləri"
"Content Type","Məzmun Növü"
"Continue Configuration","Konfiqurasiyaya Davam et"
"Contract","Müqavilə"
"Contract End Date must be greater than Date of Joining","Müqavilənin Bitmə Tarixi İşə Qəbul Tarixindən böyük olmalıdır"
"Contribution %","Töhfə %"
"Contribution Amount","Töhfə Məbləği"
"Conversion factor for default Unit of Measure must be 1 in row {0}","{0} sətrində standart Ölçü Vahidi üçün çevrilmə əmsalı 1 olmalıdır"
"Conversion rate cannot be 0 or 1","Çevrilmə dərəcəsi 0 və ya 1 ola bilməz"
"Convert to Group","Qrupa Çevir"
"Convert to Non-Group","Qeyri-Qrupa Çevir"
"Cosmetics","Kosmetika"
"Cost Center","Xərc Mərkəzi"
"Cost Center Number","Xərc Mərkəzi Nömrəsi"
"Cost Center and Budgeting","Xərc Mərkəzi və Büdcə"
"Cost Center is required in row {0} in Taxes table for type {1}","Vergilər cədvəlində {1} növü üçün {0} sətrində Xərc Mərkəzi tələb olunur"
"Cost Center with existing transactions can not be converted to group","Mövcud əməliyyatları olan Xərc Mərkəzi qrupa çevrilə bilməz"
"Cost Center with existing transactions can not be converted to ledger","Mövcud əməliyyatları olan Xərc Mərkəzi dəftərə çevrilə bilməz"
"Cost Centers","Xərc Mərkəzləri"
"Cost Updated","Xərc Yeniləndi"
"Cost as on","Tarixə olan Xərc"
"Cost of Delivered Items","Çatdırılan Məhsulların Maya Dəyəri"
"Cost of Goods Sold","Satılan Malların Maya Dəyəri"
"Cost of Issued Items","Buraxılmış Məhsulların Maya Dəyəri"
"Cost of New Purchase","Yeni Satınalmanın Maya Dəyəri"
"Cost of Purchased Items","Satın Alınan Məhsulların Maya Dəyəri"
"Cost of Scrapped Asset","Silinmiş Aktivin Dəyəri"
"Cost of Sold Asset","Satılan Aktivin Dəyəri"
"Cost of various activities","Müxtəlif fəaliyyətlərin dəyəri"
"""Could not create Credit Note automatically, please uncheck 'Issue Credit Note' and submit again""","""Avtomatik Kredit-nota yaradıla bilmədi, zəhmət olmasa 'Kredit-nota Ver' işarəsini götürün və yenidən təqdim edin"""
"Could not generate Secret","Məxvilik yaradıla bilmədi"
"Could not retrieve information for {0}.","{0} üçün məlumat alına bilmədi."
"Could not solve criteria score function for {0}. Make sure the formula is valid.","{0} üçün meyar balı funksiyası həll edilə bilmədi. Düsturun düzgün olduğundan əmin olun."
"Could not solve weighted score function. Make sure the formula is valid.","Çəkili bal funksiyası həll edilə bilmədi. Düsturun düzgün olduğundan əmin olun."
"Could not submit some Salary Slips","Bəzi Maaş Vərəqələri təqdim edilə bilmədi"
"""Could not update stock, invoice contains drop shipping item.""","""Stok yenilənə bilmədi, fakturada birbaşa çatdırılma məhsulu var."""
"Country wise default Address Templates","Ölkə üzrə standart Ünvan Şablonları"
"Course Code:","Kurs Kodu:"
"Course Enrollment {0} does not exists","Kurs Qeydiyyatı {0} mövcud deyil"
"Course Schedule","Kurs Cədvəli"
"Course:","Kurs:"
"Create","Yarat"
"Create BOM","Resept Yarat"
"Create Delivery Trip","Çatdırılma Səfəri Yarat"
"Create Employee","İşçi Yarat"
"Create Employee Records","İşçi Qeydləri Yarat"
"Create Employee records to manage leaves, expense claims and payroll","Məzuniyyətləri, xərc tələblərini və əmək haqqını idarə etmək üçün İşçi qeydləri yaradın"
"Create Fee Schedule","Rüsum Cədvəli Yarat"
"Create Fees","Rüsumlar Yarat"
"Create Inter Company Journal Entry","Şirkətlərarası Uçot Qeydi Yarat"
"Create Invoice","Faktura Yarat"
"Create Invoices","Fakturalar Yarat"
"Create Job Card","İş Kartı Yarat"
"Create Journal Entry","Uçot Qeydi Yarat"
"Create Lead","Potensial Müştəri Yarat"
"Create Leads","Potensial Müştərilər Yarat"
"Create Maintenance Visit","Texniki Baxış Səfəri Yarat"
"Create Material Request","Material Sorğusu Yarat"
"Create Multiple","Çoxlu Yarat"
"Create Opening Sales and Purchase Invoices","Açılış Satış və Satınalma Fakturaları Yarat"
"Create Payment Entries","Ödəniş Qeydləri Yarat"
"Create Payment Entry","Ödəniş Qeydi Yarat"
"Create Print Format","Çap Formatı Yarat"
"Create Purchase Order","Satınalma Sifarişi Yarat"
"Create Purchase Orders","Satınalma Sifarişləri Yarat"
"Create Quotation","Kotirovka Yarat"
"Create Sales Invoice","Satış Fakturası Yarat"
"Create Sales Order","Satış Sifarişi Yarat"
"Create Sales Orders to help you plan your work and deliver on-time","İşinizi planlaşdırmağa və vaxtında çatdırmağa kömək edəcək Satış Sifarişləri yaradın"
"Create Sample Retention Stock Entry","Nümunə Saxlama Stok Girişi Yarat"
"Create Student","Tələbə Yarat"
"Create Student Batch","Tələbə Partiyası Yarat"
"Create Student Groups","Tələbə Qrupları Yarat"
"Create Supplier Quotation","Təchizatçı Kotirovkası Yarat"
"Create Tax Template","Vergi Şablonu Yarat"
"Create Timesheet","Vaxt Cədvəli Yarat"
"Create User","İstifadəçi Yarat"
"Create Users","İstifadəçilər Yarat"
"Create Variant","Variant Yarat"
"Create Variants","Variantlar Yarat"
"Create and manage daily, weekly and monthly email digests.","Gündəlik, həftəlik və aylıq e-poçt xülasələrini yaradın və idarə edin."
"Create customer quotes","Müştəri kotirovkaları yaradın"
"Create rules to restrict transactions based on values.","Dəyərlərə əsasən əməliyyatları məhdudlaşdırmaq üçün qaydalar yaradın."
"Created {0} scorecards for {1} between:","{1} üçün {0} qiymətləndirmə kartı yaradıldı (aralıqda):"
"Creating Company and Importing Chart of Accounts","Şirkətin Yaradılması və Hesablar Planının İdxalı"
"Creating Fees","Rüsumların Yaradılması"
"Creating student groups","Tələbə qruplarının yaradılması"
"Creating {0} Invoice","{0} Fakturası Yaradılır"
"Credit","Kredit"
"Credit ({0})","Kredit ({0})"
"Credit Account","Kredit Hesabı"
"Credit Balance","Kredit Balansı"
"Credit Card","Kredit Kartı"
"Credit Days cannot be a negative number","Kredit Günləri mənfi ədəd ola bilməz"
"Credit Limit","Kredit Limiti"
"Credit Note","Kredit-nota"
"Credit Note Amount","Kredit-nota Məbləği"
"Credit Note Issued","Kredit-nota Verildi"
"Credit Note {0} has been created automatically","{0} Kredit-notası avtomatik yaradıldı"
"Credit limit has been crossed for customer {0} ({1}/{2})","{0} müştərisi üçün kredit limiti aşılıb ({1}/{2})"
"Creditors","Kreditorlar"
"Criteria weights must add up to 100%","Meyar çəkilərinin cəmi 100% olmalıdır"
"Crop Cycle","Məhsul Dövrü"
"Crops & Lands","Məhsullar və Torpaqlar"
"Currency Exchange must be applicable for Buying or for Selling.","Valyuta Mübadiləsi Alış və ya Satış üçün tətbiq edilməlidir."
"Currency can not be changed after making entries using some other currency","Başqa valyuta ilə qeydlər edildikdən sonra valyuta dəyişdirilə bilməz"
"Currency exchange rate master.","Valyuta məzənnəsi masteri."
"Currency for {0} must be {1}","{0} üçün valyuta {1} olmalıdır"
"Currency is required for Price List {0}","Qiymət Cədvəli {0} üçün valyuta tələb olunur"
"Currency of the Closing Account must be {0}","Bağlanış Hesabının valyutası {0} olmalıdır"
"Currency of the price list {0} must be {1} or {2}","{0} qiymət cədvəlinin valyutası {1} və ya {2} olmalıdır"
"Currency should be same as Price List Currency: {0}","Valyuta Qiymət Cədvəli Valyutası ilə eyni olmalıdır: {0}"
"Current Assets","Cari Aktivlər"
"Current BOM and New BOM can not be same","Cari Resept və Yeni Resept eyni ola bilməz"
"Current Liabilities","Cari Öhdəliklər"
"Current Qty","Cari Miqdar"
"Current invoice {0} is missing","Cari faktura {0} yoxdur"
"Custom HTML","Xüsusi HTML"
"Custom?","Xüsusi?"
"Customer","Müştəri"
"Customer Addresses And Contacts","Müştəri Ünvanları və Kontaktları"
"Customer Contact","Müştəri Kontaktı"
"Customer Database.","Müştəri Məlumat Bazası."
"Customer Group","Müştəri Qrupu"
"Customer LPO","Müştəri LPO"
"Customer LPO No.","Müştəri LPO No."
"Customer Name","Müştəri Adı"
"Customer POS Id","Müştəri POS İD"
"Customer Service","Müştəri Xidməti"
"Customer and Supplier","Müştəri və Təchizatçı"
"Customer is required","Müştəri tələb olunur"
"Customer isn't enrolled in any Loyalty Program","Müştəri heç bir Sadiqlik Proqramına daxil edilməyib"
"Customer required for 'Customerwise Discount'","'Müştəri üzrə Endirim' üçün müştəri tələb olunur"
"Customer {0} does not belong to project {1}","Müştəri {0} {1} layihəsinə aid deyil"
"Customer {0} is created.","Müştəri {0} yaradıldı."
"Customers in Queue","Növbədəki Müştərilər"
"Customize Homepage Sections","Ana Səhifə Bölmələrini Fərdiləşdir"
"Customizing Forms","Formaların Fərdiləşdirilməsi"
"Daily Project Summary for {0}","{0} üçün Gündəlik Layihə Xülasəsi"
"Daily Reminders","Gündəlik Xatırlatmalar"
"Data Import and Export","Məlumatların İdxalı və İxracı"
"Data Import and Settings","Məlumat İdxalı və Parametrlər"
"Database of potential customers.","Potensial müştərilərin məlumat bazası."
"Date Format","Tarix Formatı"
"Date Of Retirement must be greater than Date of Joining","Təqaüd Tarixi İşə Qəbul Tarixindən böyük olmalıdır"
"Date of Birth","Doğum Tarixi"
"Date of Birth cannot be greater than today.","Doğum tarixi bu gündən böyük ola bilməz."
"Date of Commencement should be greater than Date of Incorporation","Fəaliyyətə Başlama Tarixi Təsis Tarixindən böyük olmalıdır"
"Date of Joining","İşə Qəbul Tarixi"
"Date of Joining must be greater than Date of Birth","İşə Qəbul Tarixi Doğum Tarixindən böyük olmalıdır"
"Date of Transaction","Əməliyyat Tarixi"
"Day","Gün"
"Debit","Debet"
"Debit ({0})","Debet ({0})"
"Debit Account","Debet Hesabı"
"Debit Note","Debet-nota"
"Debit Note Amount","Debet-nota Məbləği"
"Debit Note Issued","Debet-nota Verildi"
"Debit To is required","'Debet' sahəsi tələb olunur"
"Debit and Credit not equal for {0} #{1}. Difference is {2}.","{0} #{1} üçün Debet və Kredit bərabər deyil. Fərq: {2}."
"Debtors","Debitorlar"
"Debtors ({0})","Debitorlar ({0})"
"Declare Lost","İtirilmiş Elan Et"
"Default Activity Cost exists for Activity Type - {0}","{0} Fəaliyyət Növü üçün Standart Fəaliyyət Xərci mövcuddur"
"Default BOM ({0}) must be active for this item or its template","Standart Resept ({0}) bu məhsul və ya onun şablonu üçün aktiv olmalıdır"
"Default BOM for {0} not found","{0} üçün standart Resept tapılmadı"
"Default BOM not found for Item {0} and Project {1}","{0} Məhsulu və {1} Layihəsi üçün standart Resept tapılmadı"
"Default Letter Head","Standart Sənəd Başlığı"
"Default Tax Template","Standart Vergi Şablonu"
"Default Unit of Measure for Item {0} cannot be changed directly because you have already made some transaction(s) with another UOM. You will need to create a new Item to use a different Default UOM.","{0} Məhsulu üçün Standart Ölçü Vahidi birbaşa dəyişdirilə bilməz, çünki artıq başqa bir ölçü vahidi ilə əməliyyat(lar) etmisiniz. Başqa standart ölçü vahidi istifadə etmək üçün yeni Məhsul yaratmalı olacaqsınız."
"Default Unit of Measure for Variant '{0}' must be same as in Template '{1}'","'{0}' variantı üçün Standart Ölçü Vahidi '{1}' şablonundakı ilə eyni olmalıdır"
"Default settings for buying transactions.","Satınalma əməliyyatları üçün standart parametrlər."
"Default settings for selling transactions.","Satış əməliyyatları üçün standart parametrlər."
"Default tax templates for sales and purchase are created.","Satış və satınalma üçün standart vergi şablonları yaradıldı."
"Defaults","Standartlar"
"Defense","Müdafiə"
"Define Project type.","Layihə növünü təyin edin."
"Define budget for a financial year.","Maliyyə ili üçün büdcə təyin edin."
"Define various loan types","Müxtəlif kredit növlərini təyin edin"
"Delay in payment (Days)","Ödənişdə gecikmə (Gün)"
"Delete all the Transactions for this Company","Bu Şirkət üçün bütün Əməliyyatları silin"
"Deletion is not permitted for country {0}","{0} ölkəsi üçün silinməyə icazə verilmir"
"Delivered","Çatdırılıb"
"Delivered Amount","Çatdırılan Məbləğ"
"Delivered Qty","Çatdırılan Miqdar"
"Delivered: {0}","Çatdırılıb: {0}"
"Delivery","Çatdırılma"
"Delivery Date","Çatdırılma Tarixi"
"Delivery Note","Çatdırılma Qaiməsi"
"Delivery Note {0} is not submitted","{0} Çatdırılma Qaiməsi təsdiq edilməyib"
"Delivery Note {0} must not be submitted","{0} Çatdırılma Qaiməsi təsdiq edilməməlidir"
"Delivery Notes {0} must be cancelled before cancelling this Sales Order","Bu Satış Sifarişini ləğv etməzdən əvvəl {0} Çatdırılma Qaimələri ləğv edilməlidir"
"Delivery Notes {0} updated","{0} Çatdırılma Qaimələri yeniləndi"
"Delivery Status","Çatdırılma Statusu"
"Delivery Trip","Çatdırılma Səfəri"
"Delivery warehouse required for stock item {0}","Stok məhsulu {0} üçün çatdırılma anbarı tələb olunur"
"Department","Şöbə"
"Department Stores","Universal Mağazalar"
"Depreciation","Amortizasiya"
"Depreciation Amount","Amortizasiya Məbləği"
"Depreciation Amount during the period","Dövr ərzində Amortizasiya Məbləği"
"Depreciation Date","Amortizasiya Tarixi"
"Depreciation Eliminated due to disposal of assets","Aktivlərin çıxarılması səbəbindən ləğv edilmiş Amortizasiya"
"Depreciation Entry","Amortizasiya Qeydi"
"Depreciation Method","Amortizasiya Metodu"
"Depreciation Row {0}: Depreciation Start Date is entered as past date","Amortizasiya Sətri {0}: Amortizasiya Başlama Tarixi keçmiş tarix kimi daxil edilib"
"Depreciation Row {0}: Expected value after useful life must be greater than or equal to {1}","Amortizasiya Sətri {0}: Faydalı xidmət müddətindən sonrakı gözlənilən dəyər {1}-ə bərabər və ya ondan böyük olmalıdır"
"Depreciation Row {0}: Next Depreciation Date cannot be before Available-for-use Date","Amortizasiya Sətri {0}: Növbəti Amortizasiya Tarixi İstifadəyə Yararlılıq Tarixindən əvvəl ola bilməz"
"Depreciation Row {0}: Next Depreciation Date cannot be before Purchase Date","Amortizasiya Sətri {0}: Növbəti Amortizasiya Tarixi Satınalma Tarixindən əvvəl ola bilməz"
"Designer","Dizayner"
"Detailed Reason","Ətraflı Səbəb"
"Details","Detallar"
"Details of Outward Supplies and inward supplies liable to reverse charge","Əks vergi tutulmasına tabe olan xarici və daxili tədarüklərin təfərrüatları"
"Details of the operations carried out.","Həyata keçirilmiş əməliyyatların təfərrüatları."
"Diagnosis","Diaqnoz"
"Did not find any item called {0}","{0} adlı heç bir məhsul tapılmadı"
"Diff Qty","Fərq Miq."
"Difference Account","Fərq Hesabı"
"""Difference Account must be a Asset/Liability type account, since this Stock Reconciliation is an Opening Entry""","""Fərq Hesabı Aktiv/Öhdəlik növündə olmalıdır, çünki bu Stok Uzlaşdırması Açılış Qeydidir"""
"Difference Amount","Fərq Məbləği"
"Difference Amount must be zero","Fərq məbləği sıfır olmalıdır"
"Different UOM for items will lead to incorrect (Total) Net Weight value. Make sure that Net Weight of each item is in the same UOM.","Məhsullar üçün fərqli ölçü vahidləri (Ümumi) Xalis Çəki dəyərinin yanlış olmasına səbəb olacaq. Hər bir məhsulun Xalis Çəkisinin eyni ölçü vahidində olduğundan əmin olun."
"Direct Expenses","Birbaşa Xərclər"
"Direct Income","Birbaşa Gəlir"
"Disable","Deaktiv Et"
"Disabled template must not be default template","Deaktiv edilmiş şablon standart şablon olmamalıdır"
"Disburse Loan","Krediti Ver"
"Disbursed","Verildi"
"Disc","End"
"Discharge","Xaric et"
"Discount","Endirim"
"Discount Percentage can be applied either against a Price List or for all Price List.","Endirim Faizi ya konkret Qiymət Cədvəlinə, ya da bütün Qiymət Cədvəllərinə tətbiq edilə bilər."
"Discount must be less than 100","Endirim 100-dən az olmalıdır"
"Diseases & Fertilizers","Xəstəliklər və Gübrələr"
"Dispatch","Göndəriş"
"Dispatch Notification","Göndəriş Bildirişi"
"Dispatch State","Göndəriş Ştatı"
"Distance","Məsafə"
"Distribution","Paylanma"
"Distributor","Distribyutor"
"Dividends Paid","Ödənilmiş Dividendlər"
"Do you really want to restore this scrapped asset?","Bu silinmiş aktivi həqiqətən bərpa etmək istəyirsiniz?"
"Do you really want to scrap this asset?","Bu aktivi həqiqətən silmək istəyirsiniz?"
"Do you want to notify all the customers by email?","Bütün müştəriləri e-poçt vasitəsilə məlumatlandırmaq istəyirsiniz?"
"Doc Date","Sənəd Tarixi"
"Doc Name","Sənəd Adı"
"Doc Type","Sənəd Növü"
"Docs Search","Sənəd Axtarışı"
"Document Name","Sənəd Adı"
"Document Type","Sənəd Növü"
"Domain","Domen"
"Domains","Domenlər"
"Done","Hazırdır"
"Donor","Donor"
"Donor Type information.","Donor növü məlumatı."
"Donor information.","Donor məlumatı."
"Download JSON","JSON Yüklə"
"Draft","Qaralama"
"Drop Ship","Birbaşa Çatdırılma"
"Drug","Dərman"
"Due / Reference Date cannot be after {0}","Ödəniş / İstinad Tarixi {0}-dan sonra ola bilməz"
"Due Date cannot be before Posting / Supplier Invoice Date","Ödəniş Tarixi Qeyd / Təchizatçı Faktura Tarixindən əvvəl ola bilməz"
"Due Date is mandatory","Ödəniş tarixi məcburidir"
"Duplicate Entry. Please check Authorization Rule {0}","Dublikat Qeyd. Lütfən {0} Avtorizasiya Qaydasını yoxlayın"
"Duplicate Serial No entered for Item {0}","{0} Məhsulu üçün dublikat Seriya Nömrəsi daxil edilib"
"Duplicate customer group found in the cutomer group table","Müştəri qrupu cədvəlində dublikat müştəri qrupu tapıldı"
"Duplicate entry","Dublikat qeyd"
"Duplicate item group found in the item group table","Məhsul qrupu cədvəlində dublikat məhsul qrupu tapıldı"
"Duplicate roll number for student {0}","Tələbə {0} üçün dublikat sıra nömrəsi"
"Duplicate row {0} with same {1}","Eyni {1} olan dublikat sətir {0}"
"Duplicate {0} found in the table","Cədvəldə dublikat {0} tapıldı"
"Duration in Days","Günlərlə Müddət"
"Duties and Taxes","Rüsumlar və Vergilər"
"E-Invoicing Information Missing","Elektron-Faktura məlumatı çatışmır"
"ERPNext Demo","ERPNext Demo"
"ERPNext Settings","ERPNext Parametrləri"
"Earliest","Ən erkən"
"Earnest Money","Beh"
"Edit","Redaktə Et"
"Edit Publishing Details","Nəşr Detallarını Redaktə Et"
"""Edit in full page for more options like assets, serial nos, batches etc.""","""Aktivlər, seriya nömrələri, partiyalar və s. kimi daha çox seçim üçün tam səhifədə redaktə edin."""
"Education","Təhsil"
"Either location or employee must be required","Ya məkan, ya da işçi tələb olunmalıdır"
"Either target qty or target amount is mandatory","Ya hədəf miqdarı, ya da hədəf məbləği məcburidir"
"Either target qty or target amount is mandatory.","Ya hədəf miqdarı, ya da hədəf məbləği məcburidir."
"Electrical","Elektrik"
"Electronic Equipments","Elektron Avadanlıqlar"
"Electronics","Elektronika"
"Eligible ITC","Uyğun ITC"
"Email Account","E-poçt Hesabı"
"Email Address","E-poçt Ünvanı"
"""Email Address must be unique, already exists for {0}""","""E-poçt ünvanı unikal olmalıdır, {0} üçün artıq mövcuddur"""
"Email Digest:","E-poçt Xülasəsi:"
"Email Reminders will be sent to all parties with email contacts","E-poçt xatırlatmaları e-poçt kontaktları olan bütün tərəflərə göndəriləcek"
"Email Sent","E-poçt Göndərildi"
"Email Template","E-poçt Şablonu"
"Email not found in default contact","Standart kontaktdə e-poçt tapıldı"
"Email sent to {0}","E-poçt {0} ünvanına göndərildi"
"Employee","İşçi"
"Employee Advances","İşçi Avansları"
"Employee ID","İşçi İD"
"Employee Lifecycle","İşçi Əməliyyatları"
"Employee Name","İşçinin Adı"
"Employee Promotion cannot be submitted before Promotion Date","İşçi Karyera Yüksəlişi yüksəliş tarixindən əvvəl təsdiq edilə bilməz"
"Employee Transfer cannot be submitted before Transfer Date","İşçi Transferi transfer tarixindən əvvəl təsdiq edilə bilməz"
"Employee cannot report to himself.","İşçi özünə hesabat verə bilməz."
"Employee {0} has already applied for {1} between {2} and {3} :","İşçi {0} artıq {2} və {3} tarixləri arasında {1} üçün müraciət edib:"
"Employee {0} of grade {1} have no default leave policy","{1} dərəcəli {0} İşçisinin standart məzuniyyət siyasəti yoxdur"
"Enable / disable currencies.","Valyutaları aktivləşdirin / deaktiv edin."
"Enabled","Aktiv"
"""Enabling 'Use for Shopping Cart', as Shopping Cart is enabled and there should be at least one Tax Rule for Shopping Cart""","""'Səbət üçün istifadə et' aktivləşdirilir, çünki Səbət aktivdir və Səbət üçün ən azı bir Vergi Qaydası olmalıdır"""
"End Date","Bitmə Tarixi"
"End Date can not be less than Start Date","Bitmə Tarixi Başlama Tarixindən az ola bilməz"
"End Date cannot be before Start Date.","Bitmə Tarixi Başlama Tarixindən əvvəl ola bilməz."
"End Year","Bitmə İli"
"End Year cannot be before Start Year","Bitmə ili başlama ilindən əvvəl ola bilməz"
"End on","Bitmə tarixi"
"Ends On date cannot be before Next Contact Date.","Bitmə tarixi növbəti kontakt tarixindən əvvəl ola bilməz."
"Energy","Enerji"
"Engineer","Mühəndis"
"Enough Parts to Build","Qurmaq üçün kifayət qədər hissə var"
"Enroll","Qeydiyyata al"
"Enrolling student","Tələbə qeydiyyata alınır"
"Enrolling students","Tələbələr qeydiyyata alınır"
"Enter depreciation details","Amortizasiya detallarını daxil edin"
"Enter the Bank Guarantee Number before submittting.","Təsdiq etməzdən əvvəl Bank Zəmanəti Nömrəsini daxil edin."
"Enter the name of the Beneficiary before submittting.","Təsdiq etməzdən əvvəl Benefisiarın adını daxil edin."
"Enter the name of the bank or lending institution before submittting.","Təsdiq etməzdən əvvəl bankın və ya kredit təşkilatının adını daxil edin."
"Enter value betweeen {0} and {1}","{0} və {1} arasında dəyər daxil edin"
"Entertainment & Leisure","Əyləncə və İstirahət"
"Entertainment Expenses","Əyləncə Xərcləri"
"Equity","Kapital"
"Error Log","Xəta Jurnalı"
"Error evaluating the criteria formula","Meyar düsturu qiymətləndirilərkən xəta baş verdi"
"Error in formula or condition: {0}","Düsturda və ya şərtdə xəta: {0}"
"Error: Not a valid id?","Xəta: Etibarlı id deyil?"
"Estimated Cost","Təxmini Maya Dəyəri"
"""Even if there are multiple Pricing Rules with highest priority, then following internal priorities are applied:""","""Ən yüksək prioritetli birdən çox Qiymətləndirmə Qaydası olsa belə, aşağıdakı daxili prioritetlər tətbiq olunur:"""
"Exchange Gain/Loss","Mübadilə Qazancı/Zərəri"
"Exchange Rate Revaluation master.","Məzənnənin Yenidən Qiymətləndirilməsi masteri."
"Exchange Rate must be same as {0} {1} ({2})","Məzənnə {0} {1} ({2}) ilə eyni olmalıdır"
"Excise Invoice","Aksiz Fakturası"
"Execution","İcra"
"Executive Search","Rəhbər Vəzifələrin Axtarışı"
"Expand All","Hamısını Aç"
"Expected Delivery Date","Gözlənilən Çatdırılma Tarixi"
"Expected Delivery Date should be after Sales Order Date","Gözlənilən Çatdırılma Tarixi Satış Sifarişi Tarixindən sonra olmalıdır"
"Expected End Date","Gözlənilən Bitmə Tarixi"
"Expected Hrs","Gözlənilən Saatlar"
"Expected Start Date","Gözlənilən Başlama Tarixi"
"Expense","Xərc"
"Expense / Difference account ({0}) must be a 'Profit or Loss' account","Xərc / Fərq hesabı ({0}) 'Mənfəət və ya Zərər' hesabı olmalıdır"
"Expense Account","Xərc Hesabı"
"Expense Claim","Xərc Tələbi"
"Expense Claims","Xərc Tələbləri"
"Expense account is mandatory for item {0}","{0} məhsulu üçün xərc hesabı məcburidir"
"Expenses","Xərclər"
"Expenses Included In Asset Valuation","Aktivin Qiymətləndirilməsinə Daxil Edilən Xərclər"
"Expenses Included In Valuation","Qiymətləndirməyə Daxil Edilən Xərclər"
"Expired Batches","Müddəti Bitmiş Partiyalar"
"Expires On","Bitmə Tarixi"
"Expiring On","Bitmə Vaxtı"
"Expiry (In Days)","Bitmə Müddəti (Günlərlə)"
"Explore","Kəşf et"
"Export E-Invoices","Elektron-Fakturaları İxrac et"
"Extra Large","Çox Böyük"
"Extra Small","Çox Kiçik"
"Fail","Uğursuz"
"Failed","Uğursuz oldu"
"Failed to create website","Veb-sayt yaradıla bilmədi"
"Failed to install presets","Hazır tənzimləmələrin quraşdırılması uğursuz oldu"
"Failed to login","Giriş uğursuz oldu"
"Failed to setup company","Şirkətin quraşdırılması uğursuz oldu"
"Failed to setup defaults","Standart dəyərlərin quraşdırılması uğursuz oldu"
"Failed to setup post company fixtures","Şirkət sonrası tənzimləmələrin quraşdırılması uğursuz oldu"
"Fax","Faks"
"Fee","Rüsum"
"Fee Created","Rüsum Yaradıldı"
"Fee Creation Failed","Rüsum Yaradılması Uğursuz oldu"
"Fee Creation Pending","Rüsum Yaradılması Gözləyir"
"Fee Records Created - {0}","Rüsum Qeydləri Yaradıldı - {0}"
"Feedback","Rəy"
"Fees","Rüsumlar"
"Female","Qadın"
"Fetch Data","Məlumatları Al"
"Fetch Subscription Updates","Abunəlik Yeniləmələrini Al"
"Fetch exploded BOM (including sub-assemblies)","Genişləndirilmiş Resepti Al (alt-yığmalar daxil olmaqla)"
"Fetching records......","Qeydlər gətirilir......"
"Field Name","Sahə Adı"
"Fieldname","Sahəadı"
"Fields","Sahələr"
"""Filter Fields Row #{0}: Fieldname <b>{1}</b> must be of type ""Link"" or ""Table MultiSelect""""","""Süzgəc Sahələri Sətir #{0}: Sahəadı <b>{1}</b> ""Bağlantı"" və ya ""Cədvəl Çoxlu Seçim"" növündə olmalıdır"""
"Filter Total Zero Qty","Sıfır Miqdarlı Cəmləri Süzgəcdən keçir"
"Finance Book","Maliyyə Kitabı"
"Financial / accounting year.","Maliyyə / uçot ili."
"Financial Services","Maliyyə Xidmətləri"
"Financial Statements","Maliyyə Hesabatları"
"Financial Year","Maliyyə İli"
"Finish","Bitir"
"Finished Good","Hazır Məhsul"
"Finished Good Item Code","Hazır Məhsulun Kodu"
"Finished Goods","Hazır Məhsullar"
"Finished Item {0} must be entered for Manufacture type entry","İstehsal növü qeydi üçün hazır məhsul {0} daxil edilməlidir"
"""Finished product quantity <b>{0}</b> and For Quantity <b>{1}</b> cannot be different""","""Hazır məhsulun miqdarı <b>{0}</b> və Miqdar Üçün <b>{1}</b> fərqli ola bilməz"""
"First Name","Ad"
"""Fiscal Regime is mandatory, kindly set the fiscal regime in the company {0}""","""Vergi rejimi məcburidir, zəhmət olmasa {0} şirkətində vergi rejimini təyin edin"""
"Fiscal Year","Maliyyə İli"
"Fiscal Year End Date should be one year after Fiscal Year Start Date","Maliyyə İli Bitmə Tarixi Maliyyə İli Başlama Tarixindən bir il sonra olmalıdır"
"Fiscal Year Start Date and Fiscal Year End Date are already set in Fiscal Year {0}","Maliyyə İli Başlama Tarixi və Maliyyə İli Bitmə Tarixi artıq {0} Maliyyə İli üçün təyin edilib"
"Fiscal Year Start Date should be one year earlier than Fiscal Year End Date","Maliyyə İli Başlama Tarixi Maliyyə İli Bitmə Tarixindən bir il əvvəl olmalıdır"
"Fiscal Year {0} does not exist","{0} Maliyyə İli mövcud deyil"
"Fiscal Year {0} is required","{0} Maliyyə İli tələb olunur"
"Fixed Asset","Əsas Vəsait"
"Fixed Asset Item must be a non-stock item.","Əsas Vəsait məhsulu qeyri-stok məhsulu olmalıdır."
"Fixed Assets","Əsas Vəsaitlər"
"Following Material Requests have been raised automatically based on Item's re-order level","Məhsulun yenidən sifariş səviyyəsinə əsasən aşağıdakı Material Sorğuları avtomatik qaldırılıb"
"Following accounts might be selected in GST Settings:","GST Parametrlərində aşağıdakı hesablar seçilə bilər:"
"Following course schedules were created","Aşağıdakı kurs cədvəlləri yaradıldı"
"Following item {0} is not marked as {1} item. You can enable them as {1} item from its Item master","{0} məhsulu {1} məhsulu kimi işarələnməyib. Siz onları Məhsul masterindən {1} məhsulu kimi aktiv edə bilərsiniz"
"Following items {0} are not marked as {1} item. You can enable them as {1} item from its Item master","{0} məhsulları {1} məhsulu kimi işarələnməyib. Siz onları Məhsul masterindən {1} məhsulu kimi aktiv edə bilərsiniz"
"""Food, Beverage & Tobacco""","""Qida, İçki və Tütün"""
"For","Üçün"
"""For 'Product Bundle' items, Warehouse, Serial No and Batch No will be considered from the 'Packing List' table. If Warehouse and Batch No are same for all packing items for any 'Product Bundle' item, those values can be entered in the main Item table, values will be copied to 'Packing List' table.""","""'Məhsul Paketi' məhsulları üçün Anbar, Seriya Nömrəsi və Partiya Nömrəsi 'Qablaşdırma Siyahısı' cədvəlindən götürüləcək. Əgər hər hansı 'Məhsul Paketi' üçün bütün qablaşdırma məhsullarının Anbarı və Partiya Nömrəsi eynidirsə, həmin dəyərlər əsas Məhsul cədvəlinə daxil edilə bilər və dəyərlər 'Qablaşdırma Siyahısı' cədvəlinə kopyalanacaq."""
"For Quantity (Manufactured Qty) is mandatory","Miqdar Üçün (İstehsal Miqdarı) məcburidir"
"For Supplier","Təchizatçı Üçün"
"For Warehouse","Anbar Üçün"
"For Warehouse is required before Submit","Təsdiq etməzdən əvvəl Anbar Üçün tələb olunur"
"""For an item {0}, quantity must be negative number""","""{0} məhsulu üçün miqdar mənfi ədəd olmalıdır"""
"""For an item {0}, quantity must be positive number""","""{0} məhsulu üçün miqdar müsbət ədəd olmalıdır"""
"""For job card {0}, you can only make the 'Material Transfer for Manufacture' type stock entry""","""{0} iş kartı üçün yalnız 'İstehsal üçün Material Transferi' tipli stok qeydi edə bilərsiniz"""
"""For row {0} in {1}. To include {2} in Item rate, rows {3} must also be included""","""{1} daxilində {0} sətri üçün. {2}-ni Məhsul qiymətinə daxil etmək üçün {3} sətirləri də daxil edilməlidir"""
"For row {0}: Enter Planned Qty","{0} sətri üçün: Planlaşdırılan Miqdarı daxil edin"
"""For {0}, only credit accounts can be linked against another debit entry""","""{0} üçün yalnız kredit hesabları başqa bir debet qeydinə bağlana bilər"""
"""For {0}, only debit accounts can be linked against another credit entry""","""{0} üçün yalnız debet hesabları başqa bir kredit qeydinə bağlana bilər"""
"Forum Activity","Forum Fəaliyyəti"
"Free item code is not selected","Pulsuz məhsul kodu seçilməyib"
"Freight and Forwarding Charges","Yük və Göndərmə Xərcləri"
"Frequency","Tezlik"
"Friday","Cümə"
"From","-dan"
"From Address 1","Ünvan 1-dən"
"From Address 2","Ünvan 2-dən"
"From Currency and To Currency cannot be same","Çıxış Valyutası və Giriş Valyutası eyni ola bilməz"
"From Date and To Date lie in different Fiscal Year","Başlanğıc Tarixi və Bitiş Tarixi fərqli Maliyyə İllərindədir"
"From Date cannot be greater than To Date","Başlanğıc Tarixi Bitiş Tarixindən böyük ola bilməz"
"From Date must be before To Date","Başlanğıc Tarixi Bitiş Tarixindən əvvəl olmalıdır"
"From Date should be within the Fiscal Year. Assuming From Date = {0}","Başlanğıc Tarixi Maliyyə İli daxilində olmalıdır. Başlanğıc Tarixi = {0} qəbul edilir"
"From Datetime","Başlanğıc Tarix-Saat"
"From Delivery Note","Çatdırılma Qaiməsindən"
"From Fiscal Year","Başlanğıc Maliyyə İli"
"From GSTIN","Göndərən GSTIN"
"From Party Name","Çıxış Tərəfinin Adı"
"From Pin Code","Çıxış Poçt İndeksi"
"From Place","Çıxış Yeri"
"From Range has to be less than To Range","Başlanğıc Aralığı Bitiş Aralığından az olmalıdır"
"From State","Çıxış Ştatı"
"From Time","Başlanğıc Saat"
"From Time Should Be Less Than To Time","Başlanğıc Saat Bitiş Saatından az olmalıdır"
"From Time cannot be greater than To Time.","Başlanğıc Saat Bitiş Saatından böyük ola bilməz."
"""From a supplier under composition scheme, Exempt and Nil rated""","""Sadələşdirilmiş sxem üzrə təchizatçıdan, Azad və Sıfır dərəcəli"""
"From and To dates required","Başlanğıc və Bitiş tarixləri tələb olunur"
"From value must be less than to value in row {0}","{0} sətrində 'Başlanğıc' dəyəri 'Bitiş' dəyərindən az olmalıdır"
"From {0} | {1} {2}","{0} | {1} {2} mənbəyindən"
"Fulfillment","İcra"
"Full Name","Tam Adı"
"Fully Depreciated","Tam Amortizasiya olunub"
"Furnitures and Fixtures","Mebel və Avadanlıqlar"
"""Further accounts can be made under Groups, but entries can be made against non-Groups""","""Qruplar altında əlavə hesablar yaradıla bilər, lakin qeydlər qeyri-qruplara qarşı edilə bilər"""
"Further cost centers can be made under Groups but entries can be made against non-Groups","Qruplar altında əlavə xərc mərkəzləri yaradıla bilər, lakin qeydlər qeyri-qruplara qarşı edilə bilər"
"Further nodes can be only created under 'Group' type nodes","Əlavə qovşaqlar yalnız 'Qrup' tipli qovşaqlar altında yaradıla bilər"
"GSTIN","GSTIN"
"GSTR3B-Form","GSTR3B Forması"
"Gain/Loss on Asset Disposal","Aktivin Çıxarılmasından Qazanc/Zərər"
"Gantt Chart","Qant Diaqramı"
"Gantt chart of all tasks.","Bütün tapşırıqların Qant diaqramı."
"Gender","Cinsiyyət"
"General","Ümumi"
"General Ledger","Baş Kitab"
"Generate Material Requests (MRP) and Work Orders.","Material Sorğuları (MRP) və İş Sifarişləri yaradın."
"Generate Secret","Məxvilik Yarat"
"Get Invocies","Fakturaları Al"
"Get Invoices","Fakturaları Al"
"Get Invoices based on Filters","Süzgəclər əsasında Fakturaları Al"
"Get Items from BOM","Reseptdən Məhsulları Al"
"Get Items from Healthcare Services","Səhiyyə Xidmətlərindən Məhsulları Al"
"Get Items from Prescriptions","Reseptlərdən (Həkim) Məhsulları Al"
"Get Items from Product Bundle","Məhsul Paketindən Məhsulları Al"
"Get Suppliers","Təchizatçıları Al"
"Get Suppliers By","Təchizatçıları Buna görə Al"
"Get Updates","Yeniləmələri Al"
"Get customers from","Müştəriləri buradann al"
"Get from Patient Encounter","Pasiyent Qəbulundan al"
"Getting Started","İşə Başlamaq"
"GitHub Sync ID","GitHub Sinxronizasiya İD"
"Global settings for all manufacturing processes.","Bütün istehsal prosesləri üçün qlobal parametrlər."
"Go to the Desktop and start using ERPNext","İş masasına keçin və ERPNext istifadə etməyə başlayın"
"GoCardless SEPA Mandate","GoCardless SEPA Mandatı"
"GoCardless payment gateway settings","GoCardless ödəniş şlüzü parametrləri"
"Goal and Procedure","Məqsəd və Prosedur"
"Goals cannot be empty","Məqsədlər boş ola bilməz"
"Goods In Transit","Yolda olan Mallar"
"Goods Transferred","Transfer edilmiş Mallar"
"Goods and Services Tax (GST India)","Mallar və Xidmətlər Vergisi (GST Hindistan)"
"Goods are already received against the outward entry {0}","{0} çıxış qeydinə qarşı mallar artıq qəbul edilib"
"Government","Dövlət"
"Grand Total","Ümumi Cəm"
"Grant","Qrant"
"Grant Application","Qrant Müraciəti"
"Grant Leaves","Məzuniyyət Verilməsi"
"Grant information.","Qrant məlumatı."
"Grocery","Baqqal"
"Gross Profit","Ümumi Mənfəət"
"Gross Profit %","Ümumi Mənfəət %"
"Gross Profit / Loss","Ümumi Mənfəət / Zərər"
"Gross Purchase Amount","Ümumi Satınalma Məbləği"
"Gross Purchase Amount is mandatory","Ümumi Satınalma Məbləği məcburidir"
"Group by Account","Hesaba görə qruplaşdır"
"Group by Party","Tərəfə görə qruplaşdır"
"Group by Voucher","Sənədə görə qruplaşdır"
"Group by Voucher (Consolidated)","Sənədə görə qruplaşdır (Konsolidə edilmiş)"
"Group node warehouse is not allowed to select for transactions","Əməliyyatlar üçün qrup anbarını seçməyə icazə verilmir"
"Group to Non-Group","Qrupdan Qeyri-Qrupa"
"Group your students in batches","Tələbələrinizi partiyalar üzrə qruplaşdırın"
"Groups","Qruplar"
"Guardian1 Email ID","Qəyyum1 E-poçt İD"
"Guardian1 Mobile No","Qəyyum1 Mobil No"
"Guardian1 Name","Qəyyum1 Adı"
"Guardian2 Email ID","Qəyyum2 E-poçt İD"
"Guardian2 Mobile No","Qəyyum2 Mobil No"
"Guardian2 Name","Qəyyum2 Adı"
"HR Manager","HR Menecer"
"HSN","HSN"
"HSN/SAC","HSN/SAC"
"Half Yearly","Yarımillik"
"Half-Yearly","Yarımillik"
"Hardware","Avadanlıq"
"Head of Marketing and Sales","Marketinq və Satış Rəhbəri"
"Health Care","Səhiyyə"
"Healthcare","Səhiyyə"
"Healthcare (beta)","Səhiyyə (beta)"
"Healthcare Practitioner","Tibb İşçisi"
"Healthcare Practitioner not available on {0}","Tibb İşçisi {0} tarixində mövcud deyil"
"Healthcare Practitioner {0} not available on {1}","Tibb İşçisi {0} {1} tarixində mövcud deyil"
"Healthcare Service Unit","Səhiyyə Xidmət Vahidi"
"Healthcare Service Unit Tree","Səhiyyə Xidmət Vahidi Ağacı"
"Healthcare Service Unit Type","Səhiyyə Xidmət Vahidi Növü"
"Healthcare Services","Səhiyyə Xidmətləri"
"Healthcare Settings","Səhiyyə Parametrləri"
"Help Results for","Kömək Nəticələri"
"High","Yüksək"
"High Sensitivity","Yüksək Həssaslıq"
"Hold","Gözləmədə"
"Hold Invoice","Fakturanı Gözlət"
"Holiday","Tətil"
"Holiday List","Tətil Siyahısı"
"Hotel Rooms of type {0} are unavailable on {1}","{0} növlü otel otaqları {1} tarixində mövcud deyil"
"Hotels","Otellər"
"Hourly","Saatlıq"
"Hours","Saatlar"
"How Pricing Rule is applied?","Qiymətləndirmə Qaydası necə tətbiq olunur?"
"Hub Category","Hub Kateqoriyası"
"Hub Sync ID","Hub Sinxronizasiya İD"
"Human Resource","İnsan Resursları"
"Human Resources","İnsan Resursları"
"IGST Amount","IGST Məbləği"
"IP Address","İP Ünvanı"
"ITC Available (whether in full op part)","ITC Mövcuddur (tam və ya qismən)"
"ITC Reversed","ITC Ləğv edildi"
"Identifying Decision Makers","Qərar Verənlərin Müəyyənləşdirilməsi"
"""If Auto Opt In is checked, then the customers will be automatically linked with the concerned Loyalty Program (on save)""","""Əgər Avtomatik Qoşulma işarələnibsə, müştərilər (yadda saxladıqda) avtomatik olaraq müvafiq Sadiqlik Proqramına bağlanacaq"""
"""If multiple Pricing Rules continue to prevail, users are asked to set Priority manually to resolve conflict.""","""Əgər birdən çox Qiymətləndirmə Qaydası qüvvədə qalarsa, istifadəçilərdən münaqişəni həll etmək üçün Prioriteti əl ilə təyin etmək xahiş olunur."""
"""If selected Pricing Rule is made for 'Rate', it will overwrite Price List. Pricing Rule rate is the final rate, so no further discount should be applied. Hence, in transactions like Sales Order, Purchase Order etc, it will be fetched in 'Rate' field, rather than 'Price List Rate' field.""","""Əgər seçilmiş Qiymətləndirmə Qaydası 'Qiymət' üçün edilibsə, o, Qiymət Cədvəlini əvəz edəcək. Qiymətləndirmə Qaydası qiyməti son qiymətdir, buna görə də əlavə endirim tətbiq edilməməlidir. Beləliklə, Satış Sifarişi, Satınalma Sifarişi və s. kimi əməliyyatlarda bu, 'Qiymət Cədvəli Qiyməti' sahəsi yerinə 'Qiymət' sahəsinə gətiriləcək."""
"""If two or more Pricing Rules are found based on the above conditions, Priority is applied. Priority is a number between 0 to 20 while default value is zero (blank). Higher number means it will take precedence if there are multiple Pricing Rules with same conditions.""","""Yuxarıdakı şərtlər əsasında iki və ya daha çox Qiymətləndirmə Qaydası tapılarsa, Prioritet tətbiq olunur. Prioritet 0-dan 20-yə qədər olan rəqəmdir, standart dəyər isə sıfırdır (boş). Daha yüksək rəqəm, eyni şərtlərə malik birdən çox Qiymətləndirmə Qaydası olduqda onun üstünlük təşkil edəcəyi deməkdir."""
"""If unlimited expiry for the Loyalty Points, keep the Expiry Duration empty or 0.""","""Sadiqlik Xalları üçün qeyri-məhdud bitmə müddəti nəzərdə tutulursa, Bitmə Müddətini boş və ya 0 saxlayın."""
"""If you have any questions, please get back to us.""","""Hər hansı sualınız olarsa, bizimlə əlaqə saxlayın."""
"Ignore Existing Ordered Qty","Mövcud Sifariş Edilən Miqdara Əhəmiyyət Vermə"
"Image","Şəkil"
"Image View","Şəkil Görünüşü"
"Import Data","Məlumatları İdxal et"
"Import Day Book Data","Gündəlik Kitab Məlumatlarını İdxal et"
"Import Log","İdxal Jurnalı"
"Import Master Data","Master Məlumatları İdxal et"
"Import in Bulk","Toplu şəkildə İdxal et"
"Import of goods","Malların idxalı"
"Import of services","Xidmətlərin idxalı"
"Importing Items and UOMs","Məhsulların və Ölçü Vahidlərinin İdxalı"
"Importing Parties and Addresses","Tərəflərin və Ünvanların İdxalı"
"In Maintenance","Texniki Baxışda"
"In Production","İstehsalatda"
"In Qty","Giriş Miq."
"In Stock Qty","Stokda Miqdar"
"In Stock:","Stokda:"
"In Value","Dəyərlə"
"""In the case of multi-tier program, Customers will be auto assigned to the concerned tier as per their spent""","""Çoxsəviyyəli proqram halında, Müştərilər xərclədiklərinə görə avtomatik olaraq müvafiq səviyyəyə təyin ediləcək"""
"Inactive","Qeyri-aktiv"
"Incentives","Təşviqlər"
"Include Default FB Entries","Standart FB Qeydlərini Daxil Et"
"Include Exploded Items","Genişləndirilmiş Məhsulları Daxil Et"
"Include POS Transactions","POS Əməliyyatlarını Daxil Et"
"Include UOM","Ölçü Vahidini Daxil Et"
"Included in Gross Profit","Ümumi Mənfəətə Daxil Edilib"
"Income","Gəlir"
"Income Account","Gəlir Hesabı"
"Income Tax","Gəlir Vergisi"
"Incoming","Daxil olan"
"Incoming Rate","Giriş Qiyməti"
"Incorrect number of General Ledger Entries found. You might have selected a wrong Account in the transaction.","Səhv sayda Baş Kitab qeydi tapıldı. Əməliyyatda yanlış Hesab seçmiş ola bilərsiniz."
"Increment cannot be 0","Artım 0 ola bilməz"
"Increment for Attribute {0} cannot be 0","{0} Atributu üçün artım 0 ola bilməz"
"Indirect Expenses","Dolayı Xərclər"
"Indirect Income","Dolayı Gəlir"
"Individual","Fərdi"
"Ineligible ITC","Uyğun olmayan ITC"
"Initiated","Başladıldı"
"Inpatient Record","Stasionar Qeydi"
"Installation Note","Quraşdırma Qeydi"
"Installation Note {0} has already been submitted","{0} Quraşdırma Qeydi artıq təsdiq edilib"
"Installation date cannot be before delivery date for Item {0}","{0} məhsulu üçün quraşdırma tarixi çatdırılma tarixindən əvvəl ola bilməz"
"Installing presets","Hazır tənzimləmələr quraşdırılır"
"Institute Abbreviation","İnstitut Abreviaturası"
"Institute Name","İnstitut Adı"
"Instructor","Təlimatçı"
"Insufficient Stock","Qeyri-kafi Stok"
"Insurance Start date should be less than Insurance End date","Sığortanın Başlama tarixi Sığortanın Bitmə tarixindən az olmalıdır"
"Integrated Tax","İnteqrasiya Edilmiş Vergi"
"Inter-State Supplies","Ştatlararası Təchizatlar"
"Internet Publishing","İnternet Nəşriyyatı"
"Intra-State Supplies","Ştatdaxili Təchizatlar"
"Introduction","Giriş"
"Invalid Attribute","Etibarsız Atribut"
"Invalid Blanket Order for the selected Customer and Item","Seçilmiş Müştəri və Məhsul üçün etibarsız Ümumi Sifariş"
"Invalid Company for Inter Company Transaction.","Şirkətlərarası Əməliyyat üçün etibarsız Şirkət."
"Invalid GSTIN! A GSTIN must have 15 characters.","Etibarsız GSTIN! GSTIN 15 simvoldan ibarət olmalıdır."
"Invalid GSTIN! First 2 digits of GSTIN should match with State number {0}.","Etibarsız GSTIN! GSTIN-in ilk 2 rəqəmi {0} ştat nömrəsi ilə uyğun gəlməlidir."
"Invalid GSTIN! The input you've entered doesn't match the format of GSTIN.","Etibarsız GSTIN! Daxil etdiyiniz məlumat GSTIN formatına uyğun gəlmir."
"Invalid Posting Time","Etibarsız Qeyd Saatı"
"Invalid attribute {0} {1}","Etibarsız atribut {0} {1}"
"Invalid quantity specified for item {0}. Quantity should be greater than 0.","{0} məhsulu üçün etibarsız miqdar göstərilib. Miqdar 0-dan böyük olmalıdır."
"Invalid reference {0} {1}","Etibarsız istinad {0} {1}"
"Invalid {0}","Etibarsız {0}"
"Invalid {0} for Inter Company Transaction.","Şirkətlərarası Əməliyyat üçün etibarsız {0}."
"Invalid {0}: {1}","Etibarsız {0}: {1}"
"Inventory","İnventar"Investment Banking,İnvestisiya Bankçılığı
Investments,İnvestisiyalar
Invoice,Faktura
Invoice Created,Faktura Yaradıldı
Invoice Discounting,Faktura Endirimi
Invoice Patient Registration,Pasiyent Qeydiyyatı Fakturası
Invoice Posting Date,Faktura Tarixi
Invoice Type,Faktura Növü
Invoice already created for all billing hours,Bütün faturalandırma saatları üçün faktura artıq yaradılıb
Invoice can't be made for zero billing hour,Sıfır faturalandırma saatı üçün faktura yaradıla bilməz
"Invoice {0} no longer exists","{0} Fakturası artıq mövcud deyil"
Invoiced,Faturalandı
Invoiced Amount,Fatura Məbləği
Invoices,Fakturalar
Invoices for Costumers.,Müştərilər üçün Fakturalar.
Inward supplies from ISD,ISD-dən daxil olan təchizatlar
"Inward supplies liable to reverse charge (other than 1 & 2 above)","Əks ittihama məruz qalan daxil olan təchizatlar (yuxarıdakı 1 və 2-dən başqa)"
Is Active,Aktivdir
Is Default,Əsasdır
Is Existing Asset,Mövcud Aktivdir
Is Frozen,Dondurulub
Is Group,Qrupdur
Issue,Tapşırıq
Issue Material,Material Buraxılışı
Issued,Buraxıldı
Issues,Problemlər
It is needed to fetch Item Details.,Material Təfərrüatlarını gətirmək lazımdır.
Item,Material
Item 1,Material 1
Item 2,Material 2
Item 3,Material 3
Item 4,Material 4
Item 5,Material 5
Item Cart,Material Səbəti
Item Code,Material Kodu
Item Code cannot be changed for Serial No.,Seriya nömrəsi üçün material kodu dəyişdirilə bilməz.
Item Code required at Row No {0},{0} nömrəli sətirdə Material Kodu tələb olunur
Item Description,Material təsviri
Item Group,Material Qrupu
Item Group Tree,Material Qrup Ağacı
Item Group not mentioned in item master for item {0},{0} material üçün Material Qrupu qeyd olunmayıb
Item Name,Material adı
Item Price added for {0} in Price List {1},{0} Material Qiyməti {1} Qiymət Cədvəlinə əlavə edildi
"Item Price appears multiple times based on Price List, Supplier/Customer, Currency, Item, UOM, Qty and Dates.","Material qiyməti Qiymət Cədvəli, Təchizatçı/Müştəri, Valyuta, Material, Vahid, Miqdar və Tarixlərə əsasən dəfələrlə görünür."
Item Price updated for {0} in Price List {1},{0} Material Qiyməti {1} Qiymət Cədvəlində yeniləndi
"Item Row {0}: {1} {2} does not exist in above '{1}' table","Material Sətri {0}: {1} {2} yuxarıdakı '{1}' cədvəlində mövcud deyil"
Item Tax Row {0} must have account of type Tax or Income or Expense or Chargeable,"Material Vergi Sətri {0} Vergi, Gəlir, Xərc və ya Məsrəf növündə hesaba malik olmalıdır"
Item Template,Material Şablonu
Item Variant Settings,Material Variyant Parametrləri
Item Variant {0} already exists with same attributes,{0} Material Variantı eyni atributlarla artıq mövcuddur
Item Variants,Material Variantları
Item Variants updated,Material Variantları yeniləndi
Item has variants.,Materialın variantları var.
Item must be added using 'Get Items from Purchase Receipts' button,Material 'Məhsulları Satınalma Qaiməlrindən al' düyməsindən istifadə edilərək əlavə edilməlidir
Item valuation rate is recalculated considering landed cost voucher amount,Məhsulun maya dəyəri yenidə hesablanacak.
Item variant {0} exists with same attributes,{0} material variantı eyni atributlarla mövcuddur
Item {0} does not exist,Material {0} mövcud deyil
Item {0} does not exist in the system or has expired,Material {0} sistemdə mövcud deyil və ya müddəti bitib
Item {0} has already been returned,Material {0} artıq qaytarılıb
Item {0} has been disabled,Material {0} deaktiv edilib
Item {0} has reached its end of life on {1},Material {0} istifadə müddətini {1} tarixində başa vurub
Item {0} ignored since it is not a stock item,Material {0} stok materialı olmadığı üçün nəzərə alınmadı
"Item {0} is a template, please select one of its variants","Material {0} şablondur, lütfən variantlarından birini seçin"
Item {0} is cancelled,Material {0} ləğv edildi
Item {0} is disabled,Material {0} deaktiv edilib
Item {0} is not a serialized Item,Material {0} seriyalı Material deyil
Item {0} is not a stock Item,Material {0} stok Materialı deyil
Item {0} is not active or end of life has been reached,Material {0} aktiv deyil və ya istifadə müddəti bitib
Item {0} is not setup for Serial Nos. Check Item master,Material {0} Seriya Nömrələri üçün tənzimlənməyib. Material kartını yoxlayın
Item {0} is not setup for Serial Nos. Column must be blank,Material {0} Seriya Nömrələri üçün tənzimlənməyib. Sütun boş olmalıdır
Item {0} must be a Fixed Asset Item,Material {0} Əsas Vəsait Materialı olmalıdır
Item {0} must be a Sub-contracted Item,Material {0} Subpodratçı Materialı olmalıdır
Item {0} must be a non-stock item,Material {0} qeyri-stok materialı olmalıdır
Item {0} must be a stock Item,Material {0} stok Materialı olmalıdır
Item {0} not found,Material {0} tapılmadı
Item {0} not found in 'Raw Materials Supplied' table in Purchase Order {1},Material {0} {1} Satınalma Sifarişindəki 'Təchiz olunmuş Xammallar' cədvəlində tapılmadı
"Item {0}: Ordered qty {1} cannot be less than minimum order qty {2} (defined in Item).","Material {0}: Sifariş edilən miqdar {1} minimum sifariş miqdarından {2} (Materialda təyin edildiyi kimi) az ola bilməz."
"Item: {0} does not exist in the system","Material: {0} sistemdə mövcud deyil"
Items,Materiallar
Items Filter,Material Filtri
Items and Pricing,Materiallar və Qiymət
Items for Raw Material Request,Xammal Tələbi üçün Materiallar
Job Card,İş kartı
Job card {0} created,İş kartı {0} yaradıldı
Join,Qoşul
Journal Entries {0} are un-linked,Uçot Qəbzləri {0} əlaqələndirilməyib
Journal Entry,Uçot Qəbzləri
Journal Entry {0} does not have account {1} or already matched against other voucher,Uçot Qəbzi {0} {1} hesabına malik deyil və ya artıq digər sənədlə uyğunlaşdırılıb
Kanban Board,Kanban Lövhəsi
Key Reports,Əsas Hesabatlar
LMS Activity,LMS Fəaliyyəti
Lab Test,Laboratoriya Testi
Lab Test Report,Laboratoriya Test Hesabatı
Lab Test Sample,Laboratoriya Test Nümunəsi
Lab Test Template,Laboratoriya Test Şablonu
Lab Test UOM,Laboratoriya Test Vahidi
Lab Tests and Vital Signs,Laboratoriya Testləri və Həyati Əlamətlər
Lab result datetime cannot be before testing datetime,Laboratoriya nəticə tarixi test tarixindən əvvəl ola bilməz
Lab testing datetime cannot be before collection datetime,Laboratoriya test tarixi toplama tarixindən əvvəl ola bilməz
Label,Etiket
Laboratory,Laboratoriya
Large,Böyük
Last Communication,Son Əlaqə
Last Communication Date,Son Əlaqə Tarixi
Last Name,Soyadı
Last Order Amount,Son Sifariş Məbləği
Last Order Date,Son Sifariş Tarixi
Last Purchase Price,Son Satınalma Qiyməti
Last Purchase Rate,Son Satınalma qiyməti
Latest,Ən son
Latest price updated in all BOMs,Ən son qiymət bütün Reseptlərdə yeniləndi
Lead,Potensial Müştəri
Lead Count,Potensial Müştəri Sayı
Lead Owner,Potensial Müştəri Sahibi
Lead Owner cannot be same as the Lead,Potensial Müştəri Sahibi Potensial Müştəri ilə eyni ola bilməz
Lead Time Days,Çatdırılma Müddəti (Gün)
Lead to Quotation,Potensial Müştəridən Təklifə
"Leads help you get business, add all your contacts and more as your leads","Potensial müştərilər biznes qurmağa kömək edir, bütün kontaktlarınızı və daha çoxunu potensial müştəri kimi əlavə edin"
Learn,Öyrən
Leave Management,Məzuniyyət İdarəetməsi
Leave and Attendance,Məzuniyyət və Davamiyyət
Leave application {0} already exists against the student {1},Tələbə {1} üçün {0} məzuniyyət müraciəti artıq mövcuddur
Leaves has been granted sucessfully,Məzuniyyətlər uğurla verildi
Leaves must be allocated in multiples of 0.5,Məzuniyyətlər 0.5 misli ilə ayrılmalıdır
Ledger,Dəftər
Legal,Hüquqi
Legal Expenses,Hüquqi Xərclər
Letter Head,Sənəd başlığı
Letter Heads for print templates.,Çap şablonları üçün Sənəd başlıqları.
Level,Səviyyə
Liability,ÖHDƏLİKLƏR
Limit Crossed,Limit Keçildi
Link to Material Request,Material Tələbinə Keçid
List of all share transactions,Bütün pay əməliyyatlarının siyahısı
List of available Shareholders with folio numbers,Folio nömrələri olan mövcud Səhmdarların siyahısı
Loading Payment System,Ödəniş Sistemi Yüklənir
Loan,Kredit
Loan Start Date and Loan Period are mandatory to save the Invoice Discounting,Faktura Endirimini yadda saxlamaq üçün Kredit Başlama Tarixi və Kredit Müddəti məcburidir
Loans (Liabilities),Kreditlər (Öhdəliklər)
Loans and Advances (Assets),Kreditlər və Avanslar (Aktivlər)
Local,Yerli
Logs for maintaining sms delivery status,SMS çatdırılma statusunu saxlamaq üçün jurnallar
Lost,İtirildi
Lost Reasons,İtirilmə Səbəbləri
Low,Aşağı
Low Sensitivity,Aşağı Həssaslıq
Lower Income,Aşağı Gəlir
Loyalty Amount,Sadiqlik Məbləği
Loyalty Point Entry,Sadiqlik Bonusları
Loyalty Points,Sadiqlik Xalları
"Loyalty Points will be calculated from the spent done (via the Sales Invoice), based on collection factor mentioned.","Sadiqlik Xalları qeyd olunan toplama faktoruna əsasən (Satış Fakturası vasitəsilə) edilən xərclərdən hesablanacaq."
Loyalty Points: {0},Sadiqlik Xalları: {0}
Loyalty Program,Sadiqlik Proqramı
Main,Əsas
Maintenance,Baxım
Maintenance Log,Baxım Jurnalı
Maintenance Manager,Baxım Meneceri
Maintenance Schedule,Baxım Cədvəli
Maintenance Schedule is not generated for all the items. Please click on 'Generate Schedule',Baxım Cədvəli bütün materiallar üçün yaradılmayıb. Zəhmət olmasa 'Cədvəl Yarat' düyməsini sıxın.
Maintenance Schedule {0} exists against {1},{1} üzrə {0} Baxım Cədvəli mövcuddur
Maintenance Schedule {0} must be cancelled before cancelling this Sales Order,Bu Satış Sifarişini ləğv etməzdən əvvəl Baxım Cədvəli {0} ləğv edilməlidir
Maintenance Status has to be Cancelled or Completed to Submit,Təqdim etmək üçün Baxım Statusu Ləğv Edilmiş və ya Tamamlanmış olmalıdır
Maintenance User,Baxım İstifadəçisi
Maintenance Visit,Baxım Ziyarəti
Maintenance Visit {0} must be cancelled before cancelling this Sales Order,Bu Satış Sifarişini ləğv etməzdən əvvəl Baxım Ziyarəti {0} ləğv edilməlidir
Maintenance start date can not be before delivery date for Serial No {0},Seriya Nömrəsi {0} üçün baxım başlama tarixi çatdırılma tarixindən əvvəl ola bilməz
Make,Marka
Make Payment,Ödəniş Et
Make project from a template.,Şablondan layihə yarat.
Making Stock Entries,Stok Qeydlərinin Yaradılması
Male,Kişi
Manage Customer Group Tree.,Müştəri Qrupu Ağacını İdarə Et.
Manage Sales Partners.,Satış Tərəfdaşlarını İdarə Et.
Manage Sales Person Tree.,Satıcı Ağacını İdarə Et.
Manage Territory Tree.,Ərazi Ağacını İdarə Et.
Manage your orders,Sifarişlərinizi idarə edin
Management,İdarəetmə
Manager,Menecer
Managing Projects,Layihələrin İdarə Edilməsi
Managing Subcontracting,Subpodratın İdarə Edilməsi
Mandatory,Məcburi
Mandatory field - Academic Year,Məcburi sahə - Tədris İli
Mandatory field - Get Students From,Məcburi sahə - Tələbələri Buradan Al
Mandatory field - Program,Məcburi sahə - Proqram
Manufacture,İstehsal
Manufacturer,İstehsalçı
Manufacturer Part Number,İstehsalçı Partiya Nömrəsi
Manufacturing,İstehsalat
Manufacturing Quantity is mandatory,İstehsalat Miqdarı məcburidir
Mapping,Uyğunlaşdırma
Mapping Type,Uyğunlaşdırma Növü
Mark Absent,Qayib Yaz
Mark Half Day,Yarım Gün Yaz
Mark Present,İştirak Edir Yaz
Marketing,Marketinq
Marketing Expenses,Marketinq Xərcləri
Marketplace,Bazar yeri
Marketplace Error,Bazar yeri Xətası
Masters,Əsaslar
Match Payments with Invoices,Ödənişləri Fakturalarla Uyğunlaşdır
Match non-linked Invoices and Payments.,Əlaqələndirilməmiş Fakturaları və Ödənişləri Uyğunlaşdır.
Material,Material
Material Consumption,Material Sərfiyyatı
Material Consumption is not set in Manufacturing Settings.,Material Sərfiyyatı İstehsalat Parametrlərində təyin edilməyib.
Material Receipt,Material Qəbulu
Material Request,Material Tələbi
Material Request Date,Material Tələb Tarixi
Material Request No,Material Tələb Nömrəsi
"Material Request not created, as quantity for Raw Materials already available.","Xammal üçün miqdar artıq mövcud olduğundan Material Tələbi yaradılmadı."
Material Request of maximum {0} can be made for Item {1} against Sales Order {2},{2} Satış Sifarişi üzrə Material {1} üçün maksimum {0} Material Tələbi edilə bilər
Material Request to Purchase Order,Material Tələbindən Satınalma Sifarişinə
Material Request {0} is cancelled or stopped,Material Tələbi {0} ləğv edildi və ya dayandırıldı
Material Request {0} submitted.,Material Tələbi {0} təqdim edildi.
Material Transfer,Material Transferi
Material Transferred,Material Transfer Edildi
Material to Supplier,Təchizatçıya Material
Max discount allowed for item: {0} is {1}%,Material üçün icazə verilən maksimum endirim: {0} {1}%-dir
Max: {0},Maks: {0}
Maximum Samples - {0} can be retained for Batch {1} and Item {2}.,Maksimum Nümunələr - {0} Partiya {1} və Material {2} üçün saxlanıla bilər.
Maximum Samples - {0} have already been retained for Batch {1} and Item {2} in Batch {3}.,Maksimum Nümunələr - {0} artıq Partiya {3}-də Partiya {1} və Material {2} üçün saxlanılıb.
Maximum discount for Item {0} is {1}%,Material {0} üçün maksimum endirim {1}%-dir
Medical Code,Tibbi Kod
Medical Code Standard,Tibbi Kod Standartı
Medical Department,Tibbi Şöbə
Medical Record,Tibbi Qeyd
Medium,Orta
Member Activity,Üzv Fəaliyyəti
Member ID,Üzv İD
Member Name,Üzv Adı
Member information.,Üzv məlumatı.
Membership,Üzvlük
Membership Details,Üzvlük Təfərrüatları
Membership ID,Üzvlük İD
Membership Type,Üzvlük Növü
Memebership Details,Üzvlük Təfərrüatları
Memebership Type Details,Üzvlük Növü Təfərrüatları
Merge,Birləşdir
Merge Account,Hesabı Birləşdir
Merge with Existing Account,Mövcud Hesabla Birləşdir
"Merging is only possible if following properties are same in both records. Is Group, Root Type, Company","Birləşdirmə yalnız aşağıdakı xüsusiyyətlər hər iki qeyddə eyni olduqda mümkündür. Qrupdur, Kök Növü, Şirkət"
Message Examples,Mesaj Nümunələri
Message Sent,Mesaj Göndərildi
Method,Metod
Middle Income,Orta Gəlir
Middle Name,Ata adı
Middle Name (Optional),Ata adı
Min Amt can not be greater than Max Amt,Min Məbləğ Maks Məbləğdən böyük ola bilməz
Min Qty can not be greater than Max Qty,Min Miqdar Maks Miqdardan böyük ola bilməz
Minimum Lead Age (Days),Minimum Potensial Müştəri Yaşı (Gün)
Miscellaneous Expenses,Müxtəlif Xərclər
Missing Currency Exchange Rates for {0},{0} üçün Valyuta Məzənnələri çatışmır
Missing email template for dispatch. Please set one in Delivery Settings.,Göndərmə üçün e-poçt şablonu çatışmır. Zəhmət olmasa Çatdırılma Parametrlərində təyin edin.
"Missing value for Password, API Key or Shopify URL","Şifrə, API Açarı və ya Shopify URL üçün dəyər çatışmır"
Mode of Payment,Ödəniş üsulü
Mode of Payments,Ödəniş Üsulları
Mode of Transport,Nəqliyyat Növü
Mode of Transportation,Daşıma Növü
Model,Model
Moderate Sensitivity,Orta Həssaslıq
Monday,Bazar ertəsi
Monthly,Aylıq
Monthly Distribution,Aylıq Paylanma
More,Daha çox
More Information,Əlavə Məlumat
More...,Daha çox...
Motion Picture & Video,Film və Video
Move,Köçür
Move Item,Materialı Köçür
Multi Currency,Multi Valyuta
Multiple Item prices.,Çoxsaylı Material qiymətləri.
Multiple Loyalty Program found for the Customer. Please select manually.,Müştəri üçün bir neçə Sadiqlik Proqramı tapıldı. Zəhmət olmasa əl ilə seçin.
"Multiple Price Rules exists with same criteria, please resolve conflict by assigning priority. Price Rules: {0}","Eyni meyarlara malik bir neçə Qiymət Qaydası mövcuddur, lütfən prioritet təyin etməklə konflikti həll edin. Qiymət Qaydaları: {0}"
Multiple Variants,Çoxsaylı Variantlar
Multiple fiscal years exist for the date {0}. Please set company in Fiscal Year,{0} tarixi üçün bir neçə maliyyə ili mövcuddur. Zəhmət olmasa Maliyyə İlində şirkəti təyin edin
Music,Musiqi
Name error: {0},Ad xətası: {0}
Name of new Account. Note: Please don't create accounts for Customers and Suppliers,Yeni Hesabın adı. Qeyd: Lütfən Müştərilər və Təchizatçılar üçün hesab yaratmayın
Name or Email is mandatory,Ad və ya E-poçt məcburidir
Nature Of Supplies,Təchizatların Təbiəti
Navigating,Naviqasiya
Needs Analysis,Ehtiyacların Təhlili
Negative Quantity is not allowed,Mənfi Miqdara icazə verilmir
Negative Valuation Rate is not allowed,Mənfi Qiymətləndirmə Dərəcəsinə icazə verilmir
Negotiation/Review,Danışıqlar/İcmal
Net Asset value as on,üzrə Xalis Aktiv dəyəri
Net Cash from Financing,Maliyyələşdirmədən Xalis Nağd Pul
Net Cash from Investing,İnvestisiyadan Xalis Nağd Pul
Net Cash from Operations,Əməliyyatlardan Xalis Nağd Pul
Net Change in Accounts Payable,Kredit Borclarında Xalis Dəyişiklik
Net Change in Accounts Receivable,Debitor Borclarında Xalis Dəyişiklik
Net Change in Cash,Nağd Pulda Xalis Dəyişiklik
Net Change in Equity,Kapitalda Xalis Dəyişiklik
Net Change in Fixed Asset,Əsas Vəsaitlərdə Xalis Dəyişiklik
Net Change in Inventory,İnventarda Xalis Dəyişiklik
Net ITC Available(A) - (B),Xalis ITC Mövcuddur(A) - (B)
Net Profit,Xalis Mənfəət
Net Total,Net Məbləğ
New Account Name,Yeni Hesab Adı
New Address,Yeni Adres
New BOM,Yeni Resept
New Batch ID (Optional),Yeni Partiya ID (İstəyə bağlı)
New Batch Qty,Yeni Partiya Miq.
New Company,Yeni Şirkət
New Cost Center Name,Yeni Xərc Mərkəzi Adı
New Customer Revenue,Yeni Müştəri Gəliri
New Customers,Yeni Müştərilər
New Department,Yeni Şöbə
New Employee,Yeni İşçi
New Location,Yeni Məkan
New Quality Procedure,Yeni Keyfiyyət Proseduru
New Sales Invoice,Yeni Satış Fakturası
New Sales Person Name,Yeni Satıcı Adı
New Serial No cannot have Warehouse. Warehouse must be set by Stock Entry or Purchase Receipt,Yeni Seriya Nömrəsi Anbara sahib ola bilməz. Anbar Stok Qəbzi və ya Satınalma Qaiməsi ilə təyin edilməlidir
New Warehouse Name,Yeni Anbar Adı
New credit limit is less than current outstanding amount for the customer. Credit limit has to be atleast {0},Yeni kredit limiti müştərinin cari borc məbləğindən azdır. Kredit limiti ən azı {0} olmalıdır
New task,Yeni tapşırıq
New {0} pricing rules are created,Yeni {0} qiymət qaydaları yaradıldı
Newspaper Publishers,Qəzet Naşirləri
Next,Növbəti
Next Contact By cannot be same as the Lead Email Address,Növbəti Əlaqə Şəxsi Potensial Müştəri E-poçt ünvanı ilə eyni ola bilməz
Next Contact Date cannot be in the past,Növbəti Əlaqə Tarixi keçmişdə ola bilməz
Next Steps,Növbəti Addımlar
No Action,Tədbir Yoxdur
No Customers yet!,Hələ müştəri yoxdur!
No Data,Məlumat Yoxdur
No Delivery Note selected for Customer {},Müştəri {} üçün heç bir Çatdırılma Qaiməsi seçilməyib
No Item with Barcode {0},Barkodu {0} olan Material yoxdur
No Item with Serial No {0},Seriya Nömrəsi {0} olan Material yoxdur
No Items available for transfer,Transfer üçün heç bir Material mövcud deyil
No Items selected for transfer,Transfer üçün heç bir Material seçilməyib
No Items to pack,Qablaşdırılacaq Material yoxdur
No Items with Bill of Materials to Manufacture,İstehsal üçün Resepti olan Material yoxdur
No Items with Bill of Materials.,Resepti olan Material yoxdur.
No Permission,İcazə Yoxdur
No Remarks,Qeyd Yoxdur
No Result to submit,Təqdim ediləcək nəticə yoxdur
No Student Groups created.,Heç bir Tələbə Qrupu yaradılmayıb.
No Students in,Burada tələbə yoxdur
No Tax Withholding data found for the current Fiscal Year.,Cari Maliyyə İli üçün Vergi Tutma məlumatı tapılmadı.
No Work Orders created,Heç bir İş Sifarişi yaradılmayıb
No accounting entries for the following warehouses,Aşağıdakı anbarlar üçün heç bir mühasibat qeydi yoxdur
No contacts with email IDs found.,E-poçt ID-ləri olan heç bir əlaqə tapılmadı.
No data for this period,Bu dövr üçün məlumat yoxdur
No description given,Təsvir verilməyib
No employees for the mentioned criteria,Qeyd olunan meyarlar üzrə heç bir işçi yoxdur
No gain or loss in the exchange rate,Məzənnədə heç bir qazanc və ya itki yoxdur
No items listed,Heç bir material siyahıya alınmayıb
No items to be received are overdue,Qəbul ediləcək heç bir material gecikməyib
No material request created,Heç bir material tələbi yaradılmayıb
No of Interactions,Əlaqələrin sayı
No of Shares,Səhmlərin sayı
No pending Material Requests found to link for the given items.,Verilən materiallar üçün əlaqələndiriləcək gözləyən Material Tələbləri tapılmadı.
No products found,Məhsul tapılmadı
No products found.,Məhsul tapılmadı.
No record found,Qeyd tapılmadı
No records found in the Invoice table,Faktura cədvəlində heç bir qeyd tapılmadı
No records found in the Payment table,Ödəniş cədvəlində heç bir qeyd tapılmadı
No tasks,Tapşırıq yoxdur
No time sheets,Vaxt cədvəli yoxdur
No values,Dəyər yoxdur
No {0} found for Inter Company Transactions.,Şirkətlərarası Əməliyyatlar üçün {0} tapılmadı.
Non GST Inward Supplies,Qeyri-ƏDV Giriş Təchizatları
Non Profit,Qeyri-Kommersiya
Non Profit (beta),Qeyri-Kommersiya (beta)
Non-GST outward supplies,Qeyri-ƏDV Çıxış Təchizatları
Non-Group to Group,Qeyri-Qrupdan Qrupa
None,Heç biri
None of the items have any change in quantity or value.,Heç bir materialın miqdarında və ya dəyərində dəyişiklik yoxdur.
Nos,Say
Not Available,Mövcud deyil
Not Marked,İşarələnməyib
Not Paid and Not Delivered,Ödənilməyib və Çatdırılmayıb
Not Permitted,İcazə verilmir
Not Started,Başlamayıb
Not active,Aktiv deyil
Not allow to set alternative item for the item {0},{0} materialı üçün alternativ material təyin etməyə icazə verilmir
Not allowed to update stock transactions older than {0},{0} tarixindən köhnə stok əməliyyatlarını yeniləməyə icazə verilmir
Not authorized to edit frozen Account {0},Dondurulmuş Hesab {0} redaktə etmək səlahiyyətiniz yoxdur
Not authroized since {0} exceeds limits,{0} limitləri keçdiyi üçün səlahiyyət verilmir
Not permitted for {0},{0} üçün icazə verilmir
"Not permitted, configure Lab Test Template as required","İcazə verilmir, Laboratoriya Test Şablonunu tələb olunduğu kimi konfiqurasiya edin"
Not permitted. Please disable the Service Unit Type,İcazə verilmir. Zəhmət olmasa Xidmət Vahidi Növünü deaktiv edin
Note: Due / Reference Date exceeds allowed customer credit days by {0} day(s),Qeyd: Son Tarix / İstinad Tarixi icazə verilən müştəri kredit günlərini {0} gün keçir
Note: Item {0} entered multiple times,Qeyd: Material {0} bir neçə dəfə daxil edilib
Note: Payment Entry will not be created since 'Cash or Bank Account' was not specified,Qeyd: 'Nağd və ya Bank Hesabı' göstərilmədiyi üçün Ödəniş Qeydi yaradılmayacaq
Note: System will not check over-delivery and over-booking for Item {0} as quantity or amount is 0,Qeyd: Miqdar və ya məbləğ 0 olduğu üçün sistem Material {0} üçün artıq çatdırılma və artıq sifarişi yoxlamayacaq
Note: There is not enough leave balance for Leave Type {0},Qeyd: {0} Məzuniyyət Növü üçün kifayət qədər məzuniyyət balansı yoxdur
Note: This Cost Center is a Group. Cannot make accounting entries against groups.,Qeyd: Bu Xərc Mərkəzi bir Qrupdur. Qruplar üzrə mühasibat qeydləri edilə bilməz.
Note: {0},Qeyd: {0}
Notes,Qeydlər
Nothing is included in gross,Brut məbləğə heç nə daxil deyil
Nothing more to show.,Göstəriləcək başqa heç nə yoxdur.
Notify Customers via Email,Müştəriləri E-poçt vasitəsilə məlumatlandır
Number,Nömrə
Number of Depreciations Booked cannot be greater than Total Number of Depreciations,Qeydə Alınmış Amortizasiyaların sayı Cəmi Amortizasiya sayından çox ola bilməz
Number of Interaction,Əlaqə sayı
Number of Order,Sifariş sayı
"Number of new Account, it will be included in the account name as a prefix","Yeni Hesabın nömrəsi, hesab adına prefiks kimi daxil ediləcək"
"Number of new Cost Center, it will be included in the cost center name as a prefix","Yeni Xərc Mərkəzinin nömrəsi, xərc mərkəzinin adına prefiks kimi daxil ediləcək"
Number of root accounts cannot be less than 4,Kök hesabların sayı 4-dən az ola bilməz
Odometer,Odometr
Office Equipments,Ofis Avadanlıqları
Office Maintenance Expenses,Ofis Baxım Xərcləri
Office Rent,Ofis İcarəsi
On Hold,Gözləmədə
On Net Total,Xalis Cəm üzrə
One customer can be part of only single Loyalty Program.,Bir müştəri yalnız bir Sadiqlik Proqramının hissəsi ola bilər.
Online Auctions,Onlayn Hərraclar
"Only the Student Applicant with the status ""Approved"" will be selected in the table below.","Aşağıdakı cədvəldə yalnız ""Təsdiqlənmiş"" statuslu Tələbə Namizədi seçiləcək."
Only users with {0} role can register on Marketplace,Yalnız {0} rolu olan istifadəçilər Marketplace-də qeydiyyatdan keçə bilər
Open BOM {0},Açıq Resept {0}
Open Item {0},Açıq Material {0}
Open Notifications,Açıq Bildirişlər
Open Orders,Açıq Sifarişlər
Open a new ticket,Yeni bilet aç
Opening,Açılış
Opening (Cr),Açılış (Kr)
Opening (Dr),Açılış (Dr)
Opening Accounting Balance,Açılış Mühasibat Balansı
Opening Accumulated Depreciation,Açılış Yığılmış Amortizasiya
Opening Accumulated Depreciation must be less than equal to {0},Açılış Yığılmış Amortizasiya {0}-a bərabər və ya ondan az olmalıdır
Opening Balance,Açılış Balansı
Opening Balance Equity,Açılış Balansı Kapitalı
Opening Date and Closing Date should be within same Fiscal Year,Açılış Tarixi və Bağlanış Tarixi eyni Maliyyə İli daxilində olmalıdır
Opening Date should be before Closing Date,Açılış Tarixi Bağlanış Tarixindən əvvəl olmalıdır
Opening Entry Journal,Açılış Qeydi Jurnalı
Opening Invoice Creation Tool,Açılış Fakturası Yaratma Aləti
Opening Invoice Item,Açılış Faktura Materialı
Opening Invoices,Açılış Fakturaları
Opening Invoices Summary,Açılış Fakturalarının Xülasəsi
Opening Qty,Başl. miq.
Opening Stock,Başlanğıc Stok
Opening Stock Balance,Açılış Stok Balansı
Opening Value,Açılış Dəyəri
Opening {0} Invoice created,Açılış {0} Fakturası yaradıldı
Operation,Əməliyyat
Operation Time must be greater than 0 for Operation {0},Əməliyyat {0} üçün Əməliyyat Müddəti 0-dan böyük olmalıdır
"Operation {0} longer than any available working hours in workstation {1}, break down the operation into multiple operations","Əməliyyat {0} iş stansiyasında {1} mövcud iş saatlarından uzundur, əməliyyatı bir neçə əməliyyata bölün"
Operations,Əməliyyatlar
Operations cannot be left blank,Əməliyyatlar boş qala bilməz
Opp Count,Fürsət Sayı
Opp/Lead %,Fürsət/Potensial Müştəri %
Opportunities,Fürsətlər
Opportunities by lead source,Mənbələrə görə Fürsətlər
Opportunity,Fürsət
Opportunity Amount,Fürsət Məbləği
"Optional. Sets company's default currency, if not specified.","İstəyə bağlı. Göstərilmədikdə, şirkətin əsas valyutasını təyin edir."
Optional. This setting will be used to filter in various transactions.,İstəyə bağlı. Bu parametr müxtəlif əməliyyatlarda filtrləmə üçün istifadə ediləcək.
Options,Seçimlər
Order Count,Sifariş Sayı
Order Entry,Sifariş Girişi
Order Value,Sifariş Dəyəri
Order rescheduled for sync,Sifariş sinxronizasiya üçün yenidən planlaşdırıldı
Order/Quot %,Sifariş/Təklif %
Ordered,Sifariş verildi
Ordered Qty,Sifariş edilən Miqdar
"Ordered Qty: Quantity ordered for purchase, but not received.","Sifariş edilən Miqdar: Satınalma üçün sifariş edilmiş, lakin qəbul edilməmiş miqdar."
Orders,Sifarişlər
Orders released for production.,İstehsal üçün buraxılan sifarişlər.
Organization,Təşkilat
Organization Name,Təşkilat Adı
Other,Digər
Other Reports,Digər Hesabatlar
"Other outward supplies(Nil rated,Exempted)","Digər çıxış təchizatları (Sıfır dərəcəli, Azad edilmiş)"
Out Qty,Çıxış miq.
Out Value,Çıxış Dəyəri
Out of Order,Sıradan Çıxıb
Outgoing,Gedən
Outstanding,Ödənilməmiş
Outstanding Amount,Ödənilməmiş məbləğ
Outstanding Amt,Ödənilməmiş Məbləğ
Outstanding Cheques and Deposits to clear,Klirinq üçün Ödənilməmiş Çeklər və Depozitlər
Outstanding for {0} cannot be less than zero ({1}),{0} üçün ödənilməmiş məbləğ sıfırdan ({1}) az ola bilməz
Outward taxable supplies(zero rated),Vergiyə cəlb olunan çıxış təchizatları (sıfır dərəcəli)
Overdue,Gecikmiş
Overlap in scoring between {0} and {1},{0} və {1} arasında qiymətləndirmədə üst-üstə düşmə
Overlapping conditions found between:,Arasında üst-üstə düşən şərtlər tapıldı:
Owner,Sahibi
PAN,PAN
POS,POS
POS Profile,Satış Nöqtəsi Profili
POS Profile is required to use Point-of-Sale,Satış Nöqtəsindən istifadə etmək üçün POS Profili tələb olunur
POS Profile required to make POS Entry,POS Girişi etmək üçün POS Profili tələb olunur
POS Settings,POS parametrləri
Packed quantity must equal quantity for Item {0} in row {1},Qablaşdırılan miqdar {1} sətrindəki Material {0} üçün miqdara bərabər olmalıdır
Packing Slip,Bağlama Vərəqəsi
Packing Slip(s) cancelled,Bağlama Vərəqəsi(ləri) ləğv edildi
Paid,Ödənilmiş
Paid Amount,Ödənən məbləğ
Paid Amount cannot be greater than total negative outstanding amount {0},Ödənilmiş Məbləğ ümumi mənfi ödənilməmiş məbləğdən {0} çox ola bilməz
Paid amount + Write Off Amount can not be greater than Grand Total,Ödənilmiş məbləğ + Silinmə Məbləği Ümumi Cəmdən çox ola bilməz
Paid and Not Delivered,Ödənilib və Çatdırılmayıb
Parameter,Parametr
Parent Item {0} must not be a Stock Item,Ana Material {0} Stok Materialı olmamalıdır
Parents Teacher Meeting Attendance,Valideyn Müəllim İclası Davamiyyəti
Partially Depreciated,Qismən Amortizasiya Edilib
Partially Received,Qismən Qəbul Edilib
Party,Cari Hesab
Party Name,Cari Hesab Adı
Party Type,Cari Hesab Növü
Party Type and Party is mandatory for {0} account,{0} hesabı üçün Tərəf Növü və Tərəf məcburidir
Party Type is mandatory,Cari Hesab Növü məcburidir
Party is mandatory,Cari Hesab məcburidir
Past Due Date,Son Tarixi Keçib
Patient,Pasiyent
Patient Appointment,Pasiyent Randevusu
Patient Encounter,Pasiyent ilə Görüş
Patient not found,Pasiyent tapılmadı
Pay Remaining,Qalanı Ödə
Pay {0} {1},Ödə {0} {1}
Payable,Kredit borcları
Payable Account,Kredit Hesabı
Payment,Ödəniş
Payment Cancelled. Please check your GoCardless Account for more details,Ödəniş Ləğv Edildi. Ətraflı məlumat üçün GoCardless Hesabınızı yoxlayın
Payment Confirmation,Ödəniş Təsdiqi
Payment Document,Ödəniş Sənədi
Payment Due Date,Ödəniş Tarixi
Payment Entries {0} are un-linked,Ödəniş Qeydləri {0} əlaqələndirilməyib
Payment Entry,Ödəniş Qəbzi
Payment Entry already exists,Ödəniş Qeydi artıq mövcuddur
Payment Entry has been modified after you pulled it. Please pull it again.,Ödəniş Qeydi siz onu çəkdikdən sonra dəyişdirilib. Zəhmət olmasa yenidən çəkin.
Payment Entry is already created,Ödəniş Qeydi artıq yaradılıb
Payment Failed. Please check your GoCardless Account for more details,Ödəniş Uğursuz Oldu. Ətraflı məlumat üçün GoCardless Hesabınızı yoxlayın
Payment Gateway,Ödəniş Şlüzü
"Payment Gateway Account not created, please create one manually.","Ödəniş Şlüzü Hesabı yaradılmayıb, zəhmət olmasa əl ilə yaradın."
Payment Gateway Name,Ödəniş Şlüzü Adı
Payment Mode,Ödəniş Rejimi
Payment Receipt Note,Ödəniş Qəbz Qeydi
Payment Request,Ödəniş Tələbi
Payment Request for {0},{0} üçün Ödəniş Tələbi
Payment Tems,Ödəniş Şərtləri
Payment Term,Ödəniş Şərtləri
Payment Terms,Ödəniş Şərtləri
Payment Terms Template,Ödəniş Şərtləri Şablonu
Payment Terms based on conditions,Şərtlərə əsaslanan Ödəniş Şərtləri
Payment Type,Ödəniş Növü
"Payment Type must be one of Receive, Pay and Internal Transfer","Ödəniş Növü Qəbul, Ödəniş və Daxili Transferdən biri olmalıdır"
Payment against {0} {1} cannot be greater than Outstanding Amount {2},{0} {1} üzrə ödəniş Ödənilməmiş Məbləğdən {2} çox ola bilməz
Payment request {0} created,Ödəniş tələbi {0} yaradıldı
Payments,Ödənişlər
Payroll Payable,Əmək Haqqı Borcları
Payslip,Maaş vərəqəsi
Pending Activities,Gözləyən Fəaliyyətlər
Pending Amount,Gözləyən Məbləğ
Pending Leaves,Gözləyən Məzuniyyətlər
Pending Qty,Gözləyən Miqdar
Pending Quantity,Gözləyən Miqdar
Pending Review,İcmal Gözləyir
Pending activities for today,Bu gün üçün gözləyən fəaliyyətlər
Pension Funds,Pensiya Fondları
Percentage Allocation should be equal to 100%,Faiz Bölgüsü 100%-ə bərabər olmalıdır
Perception Analysis,Qavrayış Təhlili
Period,Dövr
Period Closing Entry,Dövrün Bağlanması Qeydi
Period Closing Voucher,Dövrün Bağlanması Sənədi
Periodicity,Dövilik
Personal Details,Şəxsi Detallar
Pharmaceutical,Əczaçılıq
Pharmaceuticals,Dərmanlar
Physician,Həkim
Place Of Supply (State/UT),Təchizat Yeri (Ştat/UT)
Place Order,Sifariş Yerləşdir
Plan Name,Plan Adı
Plan for maintenance visits.,Baxım səfərləri üçün plan.
Planned Qty,Planlaşdırılan Miqdar
"Planned Qty: Quantity, for which, Work Order has been raised, but is pending to be manufactured.","Planlaşdırılan Miqdar: İş Sifarişi qaldırılmış, lakin istehsalı gözləyən miqdar."
Planning,Planlaşdırma
Plants and Machineries,Zavodlar və Maşınlar
Please Set Supplier Group in Buying Settings.,Zəhmət olmasa Satınalma Parametrlərində Təchizatçı Qrupunu təyin edin.
Please add a Temporary Opening account in Chart of Accounts,Zəhmət olmasa Hesablar Planına Müvəqqəti Açılış hesabı əlavə edin
Please add the account to root level Company -,Zəhmət olmasa hesabı kök səviyyəli Şirkətə əlavə edin -
Please check Multi Currency option to allow accounts with other currency,Digər valyutalı hesablara icazə vermək üçün Multi Valyuta seçimini yoxlayın
Please click on 'Generate Schedule',Zəhmət olmasa 'Cədvəl Yarat' düyməsini sıxın
Please click on 'Generate Schedule' to fetch Serial No added for Item {0},Item {0} üçün əlavə edilmiş Seriya Nömrəsini gətirmək üçün 'Cədvəl Yarat' düyməsini sıxın
Please click on 'Generate Schedule' to get schedule,Cədvəli almaq üçün zəhmət olmasa 'Cədvəl Yarat' düyməsini sıxın
Please create purchase receipt or purchase invoice for the item {0},Zəhmət olmasa {0} materialı üçün satınalma qaiməsi və ya satınalma fakturası yaradın
Please define grade for Threshold 0%,Zəhmət olmasa 0% Eşik üçün dərəcəni müəyyən edin
Please enable Applicable on Booking Actual Expenses,Zəhmət olmasa Faktiki Xərclərin Sifarişində Tətbiq Ediləni aktivləşdirin
Please enable Applicable on Purchase Order and Applicable on Booking Actual Expenses,Zəhmət olmasa Satınalma Sifarişində Tətbiq Ediləni və Faktiki Xərclərin Sifarişində Tətbiq Ediləni aktivləşdirin
Please enable pop-ups,Zəhmət olmasa pop-upları aktivləşdirin
Please enter 'Is Subcontracted' as Yes or No,Zəhmət olmasa 'Subpodratçıdı' olaraq Bəli və ya Xeyr daxil edin
Please enter API Consumer Key,Zəhmət olmasa API İstehlakçı Açarını daxil edin
Please enter API Consumer Secret,Zəhmət olmasa API İstehlakçı Məxfi Şifrəsini daxil edin
Please enter Account for Change Amount,Zəhmət olmasa Dəyişiklik Məbləği üçün Hesabı daxil edin
Please enter Approving Role or Approving User,Zəhmət olmasa Təsdiqləyici Rolu və ya Təsdiqləyici İstifadəçini daxil edin
Please enter Cost Center,Zəhmət olmasa Xərc Mərkəzini daxil edin
Please enter Delivery Date,Zəhmət olmasa Çatdırılma Tarixini daxil edin
Please enter Employee Id of this sales person,İşci İD-si
Please enter Expense Account,Zəhmət olmasa Xərc Hesabını daxil edin
Please enter Item Code to get Batch Number,Partiya Nömrəsini almaq üçün Material Kodunu daxil edin
Please enter Item Code to get batch no,Partiya nömrəsini almaq üçün Material Kodunu daxil edin
Please enter Item first,Əvvəlcə Materialı daxil edin
Please enter Maintaince Details first,Əvvəlcə Baxım Təfərrüatlarını daxil edin
Please enter Planned Qty for Item {0} at row {1},{1} sətrindəki Material {0} üçün Planlaşdırılan Miqdarı daxil edin
Please enter Preferred Contact Email,Zəhmət olmasa Üstünlük verilən Əlaqə E-poçtunu daxil edin
Please enter Production Item first,Əvvəlcə İstehsal Materialını daxil edin
Please enter Purchase Receipt first,Əvvəlcə Satınalma Qaiməsini daxil edin
Please enter Receipt Document,Zəhmət olmasa Qaimə Sənədini daxil edin
Please enter Reference date,Zəhmət olmasa İstinad tarixini daxil edin
Please enter Reqd by Date,Zəhmət olmasa Tələb olunan Tarixi daxil edin
Please enter Woocommerce Server URL,Zəhmət olmasa Woocommerce Server URL-ni daxil edin
Please enter Write Off Account,Zəhmət olmasa Silinmə Hesabını daxil edin
Please enter atleast 1 invoice in the table,Cədvələ ən azı 1 faktura daxil edin
Please enter company first,Əvvəlcə şirkəti daxil edin
Please enter company name first,Əvvəlcə şirkət adını daxil edin
Please enter default currency in Company Master,Şirkət Masterində əsas valyutanı daxil edin
Please enter message before sending,Göndərməzdən əvvəl mesaj daxil edin
Please enter parent cost center,Ana xərc mərkəzini daxil edin
Please enter quantity for Item {0},{0} Materialı üçün miqdarı daxil edin
Please enter relieving date.,Zəhmət olmasa işdən çıxma tarixini daxil edin.
Please enter valid Financial Year Start and End Dates,Zəhmət olmasa etibarlı Maliyyə İli Başlama və Bitmə Tarixlərini daxil edin
Please enter valid email address,Etibarlı e-poçt ünvanı daxil edin
Please enter {0} first,Əvvəlcə {0} daxil edin
Please fill in all the details to generate Assessment Result.,Qiymətləndirmə Nəticəsi yaratmaq üçün bütün detalları doldurun.
Please identify/create Account (Group) for type - {0},{0} növü üçün Hesab (Qrup) müəyyənləşdirin/yaradın
Please identify/create Account (Ledger) for type - {0},{0} növü üçün Hesab (Dəftər) müəyyənləşdirin/yaradın
Please login as another user to register on Marketplace,Marketplace-də qeydiyyatdan keçmək üçün başqa istifadəçi kimi daxil olun
Please make sure you really want to delete all the transactions for this company. Your master data will remain as it is. This action cannot be undone.,Bu şirkət üçün bütün əməliyyatları silmək istədiyinizə əmin olun. Master məlumatlarınız olduğu kimi qalacaq. Bu əməliyyat geri qaytarıla bilməz.
Please mention Basic and HRA component in Company,Zəhmət olmasa Şirkətdə Əsas və HRA komponentini qeyd edin
Please mention Round Off Account in Company,Zəhmət olmasa Şirkətdə Yuvarlaqlaşdırma Hesabını qeyd edin
Please mention Round Off Cost Center in Company,Zəhmət olmasa Şirkətdə Yuvarlaqlaşdırma Xərc Mərkəzini qeyd edin
Please mention no of visits required,Zəhmət olmasa tələb olunan ziyarətlərin sayını qeyd edin
Please mention the Lead Name in Lead {0},Zəhmət olmasa {0} Potensial Müştərisində Potensial Müştəri Adını qeyd edin
Please pull items from Delivery Note,Zəhmət olmasa materialları Çatdırılma Qaiməsindən çəkin
Please register the SIREN number in the company information file,Zəhmət olmasa şirkət məlumat faylında SIREN nömrəsini qeyd edin
Please remove this Invoice {0} from C-Form {1},Zəhmət olmasa bu Fakturanı {0} C-Form {1}-dən silin
Please save the patient first,Əvvəlcə pasiyenti yadda saxlayın
Please save the report again to rebuild or update,Yenidən qurmaq və ya yeniləmək üçün hesabatı yenidən yadda saxlayın
"Please select Allocated Amount, Invoice Type and Invoice Number in atleast one row","Zəhmət olmasa ən azı bir sətirdə Təhsis edilmiş Məbləğ, Faktura Növü və Faktura Nömrəsini seçin"
Please select Apply Discount On,Zəhmət olmasa Endirimi Tətbiq Et seçimini edin
Please select BOM against item {0},{0} materialı üçün Resept seçin
Please select BOM for Item in Row {0},{0} Sətrindəki Material üçün Resept seçin
Please select BOM in BOM field for Item {0},{0} Materialı üçün Resept sahəsində Resept seçin
Please select Category first,Əvvəlcə Kateqoriyanı seçin
Please select Charge Type first,Əvvəlcə Məsrəf Növünü seçin
Please select Company,Zəhmət olmasa Şirkəti seçin
Please select Company and Posting Date to getting entries,Qeydləri almaq üçün Şirkət və Qeyd Tarixini seçin
Please select Company first,Əvvəlcə Şirkəti seçin
Please select Completion Date for Completed Asset Maintenance Log,Tamamlanmış Aktiv Baxım Jurnalı üçün Tamamlanma Tarixini seçin
Please select Completion Date for Completed Repair,Tamamlanmış Təmir üçün Tamamlanma Tarixini seçin
Please select Course,Zəhmət olmasa Kursu seçin
Please select Drug,Zəhmət olmasa Dərman seçin
Please select Existing Company for creating Chart of Accounts,Hesablar Planı yaratmaq üçün Mövcud Şirkəti seçin
Please select Healthcare Service,Zəhmət olmasa Səhiyyə Xidmətini seçin
"Please select Item where ""Is Stock Item"" is ""No"" and ""Is Sales Item"" is ""Yes"" and there is no other Product Bundle","Zəhmət olmasa ""Stok Materialıdır"" ""Xeyr"" və ""Satış Materialıdır"" ""Bəli"" olan və başqa Məhsul Paketi olmayan Materialı seçin"
Please select Maintenance Status as Completed or remove Completion Date,Zəhmət olmasa Baxım Statusunu Tamamlandı olaraq seçin və ya Tamamlanma Tarixini silin
Please select Party Type first,Əvvəlcə Tərəf Növünü seçin
Please select Patient,Zəhmət olmasa Pasiyenti seçin
Please select Patient to get Lab Tests,Laboratoriya Testlərini almaq üçün Pasiyenti seçin
Please select Posting Date before selecting Party,Tərəfi seçməzdən əvvəl Qeyd Tarixini seçin
Please select Posting Date first,Əvvəlcə Qeyd Tarixini seçin
Please select Price List,Zəhmət olmasa Qiymət Cədvəlini seçin
Please select Program,Zəhmət olmasa Proqramı seçin
Please select Qty against item {0},{0} materialı üçün Miqdarı seçin
Please select Sample Retention Warehouse in Stock Settings first,Əvvəlcə Stok Parametrlərində Nümunə Saxlama Anbarını seçin
Please select Start Date and End Date for Item {0},{0} Materialı üçün Başlama Tarixi və Bitmə Tarixini seçin
Please select Student Admission which is mandatory for the paid student applicant,Ödənişli tələbə namizədi üçün məcburi olan Tələbə Qəbulunu seçin
Please select a BOM,Zəhmət olmasa bir Resept seçin
Please select a Batch for Item {0}. Unable to find a single batch that fulfills this requirement,Material {0} üçün Partiya seçin. Bu tələbi yerinə yetirən tək bir partiya tapılmadı
Please select a Company,Zəhmət olmasa bir Şirkət seçin
Please select a batch,Zəhmət olmasa bir partiya seçin
Please select a field to edit from numpad,Rəqəm panelindən redaktə etmək üçün bir sahə seçin
Please select a table,Zəhmət olmasa bir cədvəl seçin
Please select a valid Date,Zəhmət olmasa etibarlı bir Tarix seçin
Please select a value for {0} quotation_to {1},{0} quotation_to {1} üçün dəyər seçin
Please select a warehouse,Zəhmət olmasa bir anbar seçin
Please select at least one domain.,Zəhmət olmasa ən azı bir domen seçin.
Please select correct account,Zəhmət olmasa düzgün hesabı seçin
Please select date,Zəhmət olmasa tarix seçin
Please select item code,Zəhmət olmasa material kodunu seçin
Please select month and year,Zəhmət olmasa ay və ili seçin
Please select the Company,Zəhmət olmasa Şirkəti seçin
Please select the Multiple Tier Program type for more than one collection rules.,Birdən çox toplama qaydası üçün Çox Səviyyəli Proqram növünü seçin.
Please select the assessment group other than 'All Assessment Groups','Bütün Qiymətləndirmə Qrupları'ndan başqa qiymətləndirmə qrupunu seçin
Please select the document type first,Əvvəlcə sənəd növünü seçin
Please select weekly off day,Həftəlik istirahət gününü seçin
Please select {0},Zəhmət olmasa {0} seçin
Please select {0} first,Əvvəlcə {0} seçin
Please set 'Apply Additional Discount On','Əlavə Endirimi Tətbiq Et' seçimini təyin edin
Please set 'Asset Depreciation Cost Center' in Company {0},Şirkət {0}-də 'Aktiv Amortizasiya Xərc Mərkəzi'ni təyin edin
Please set 'Gain/Loss Account on Asset Disposal' in Company {0},Şirkət {0}-də 'Aktivlərin Satışından Gəlir/Zərər Hesabı'nı təyin edin
Please set Account in Warehouse {0} or Default Inventory Account in Company {1},{0} Anbarında Hesab və ya {1} Şirkətində Əsas İnventar Hesabını təyin edin
Please set B2C Limit in GST Settings.,Zəhmət olmasa GST Parametrlərində B2C Limitini təyin edin.
Please set Company,Zəhmət olmasa Şirkət təyin edin
Please set Company filter blank if Group By is 'Company',Qruplaşdırma 'Şirkət'dirsə, Şirkət filtrini boş qoyun
Please set Default Payroll Payable Account in Company {0},{0} Şirkətində Əsas Əmək Haqqı Hesabını təyin edin
Please set Depreciation related Accounts in Asset Category {0} or Company {1},{0} Aktiv Kateqoriyasında və ya {1} Şirkətində Amortizasiya ilə əlaqəli Hesabları təyin edin
Please set GST Accounts in GST Settings,Zəhmət olmasa GST Parametrlərində GST Hesablarını təyin edin
Please set Hotel Room Rate on {},Zəhmət olmasa Otel Otaq Qiymətini {} üzrə təyin edin
Please set Number of Depreciations Booked,Zəhmət olmasa Qeydə Alınmış Amortizasiya Sayını təyin edin
Please set Unrealized Exchange Gain/Loss Account in Company {0},Şirkət {0}-də Reallaşdırılmamış Valyuta Gəliri/Zərəri Hesabını təyin edin
Please set User ID field in an Employee record to set Employee Role,İşçi Rolunu təyin etmək üçün İşçi qeydində İstifadəçi İD sahəsini təyin edin
Please set a default Holiday List for Employee {0} or Company {1},İşçi {0} və ya Şirkət {1} üçün əsas Tətil Siyahısı təyin edin
Please set account in Warehouse {0},{0} Anbarında hesab təyin edin
Please set an active menu for Restaurant {0},{0} Restoranı üçün aktiv menyu təyin edin
Please set associated account in Tax Withholding Category {0} against Company {1},Vergi Tutma Kateqoriyası {0}-da Şirkət {1} üçün əlaqəli hesabı təyin edin
Please set at least one row in the Taxes and Charges Table,Vergilər və Məsrəflər Cədvəlində ən azı bir sətir təyin edin
Please set default Cash or Bank account in Mode of Payment {0},Ödəniş Rejimi {0}-da əsas Nağd və ya Bank hesabını təyin edin
Please set default account in Salary Component {0},Maaş Komponenti {0}-da əsas hesabı təyin edin
Please set default customer in Restaurant Settings,Restoran Parametrlərində əsas müştərini təyin edin
Please set default {0} in Company {1},Şirkət {1}-də əsas {0} təyin edin
Please set filter based on Item or Warehouse,Filtr Material və ya Anbara əsasən təyin edin
Please set leave policy for employee {0} in Employee / Grade record,İşçi / Dərəcə qeydində işçi {0} üçün məzuniyyət siyasətini təyin edin
Please set recurring after saving,Saxladıqdan sonra təkrarlanan olaraq təyin edin
Please set the Customer Address,Zəhmət olmasa Müştəri Ünvanını təyin edin
Please set the Default Cost Center in {0} company.,{0} şirkətində Əsas Xərc Mərkəzini təyin edin.
Please set the Email ID for the Student to send the Payment Request,Ödəniş Tələbini göndərmək üçün Tələbənin E-poçt ID-sini təyin edin
Please set the Item Code first,Əvvəlcə Material Kodunu təyin edin
Please set the Payment Schedule,Zəhmət olmasa Ödəniş Cədvəlini təyin edin
Please set {0} for address {1},Ünvan {1} üçün {0} təyin edin
Please setup Students under Student Groups,Tələbələri Tələbə Qrupları altında quraşdırın
Please specify Company,Zəhmət olmasa Şirkəti qeyd edin
Please specify Company to proceed,Davam etmək üçün Şirkəti qeyd edin
Please specify a valid 'From Case No.',Zəhmət olmasa etibarlı 'İş Nömrəsindən' qeyd edin
Please specify a valid Row ID for row {0} in table {1},Cədvəl {1}-də sətir {0} üçün etibarlı Sətir İD-si qeyd edin
Please specify at least one attribute in the Attributes table,Atributlar cədvəlində ən azı bir atribut qeyd edin
Please specify currency in Company,Zəhmət olmasa Şirkətdə valyutanı qeyd edin
Please specify either Quantity or Valuation Rate or both,"Zəhmət olmasa ya Miqdarı, ya Qiymətləndirmə Dərəcəsini, ya da hər ikisini qeyd edin"
Please specify from/to range,Zəhmət olmasa -dan/-a aralığını qeyd edin
Please supply the specified items at the best possible rates,Göstərilən materialları ən yaxşı qiymətlərlə təchiz edin
Please wait 3 days before resending the reminder.,Xatırlatmanı yenidən göndərməzdən əvvəl 3 gün gözləyin.
Point of Sale,Satış Nöqtəsi
Point-of-Sale,Satış Nöqtəsi
Point-of-Sale Profile,Satış Nöqtəsi Profili
Portal,Portal
Possible Supplier,Mümkün Təchizatçı
Postal Expenses,Poçt Xərcləri
Posting Date,Qeyd Tarixi
Posting Date cannot be future date,Qeyd Tarixi gələcək tarix ola bilməz
Posting Time,Qeyd Saatı
Posting date and posting time is mandatory,Qeyd tarixi və qeyd saatı məcburidir
Posting timestamp must be after {0},Qeyd vaxt damğası {0}-dan sonra olmalıdır
Potential opportunities for selling.,Satış üçün potensial imkanlar.
Practitioner Schedule,Həkim Cədvəli
Pre Sales,Satış Öncesi
Preference,Tərcih
Prescribed Procedures,Təyin Edilmiş Prosedurlar
Prescription,Resept
Prescription Dosage,Resept Dozası
Prescription Duration,Resept Müddəti
Prescriptions,Reseptlər
Prev,Əvvəlki
Preview,Önizləmə
Previous Financial Year is not closed,Əvvəlki Maliyyə İli bağlanmayıb
Price,Qiymət
Price List,Qiymət Cədvəli
Price List Currency not selected,Qiymət Cədvəli Valyutası seçilməyib
Price List Rate,Qiymət Cədvəli qiyməti
Price List master.,Qiymət Cədvəli masteri.
Price List must be applicable for Buying or Selling,Qiymət Cədvəli Satınalma və ya Satış üçün tətbiq olunmalıdır
Price List {0} is disabled or does not exist,Qiymət Cədvəli {0} deaktiv edilib və ya mövcud deyil
Price or product discount slabs are required,Qiymət və ya məhsul endirim cədvəlləri tələb olunur
Pricing,Qiymətləndirmə
Pricing Rule,Qiymət Qaydası
"Pricing Rule is first selected based on 'Apply On' field, which can be Item, Item Group or Brand.","Qiymət Qaydası ilk olaraq Material, Material Qrupu və ya Brend ola bilən 'Tətbiq Et' sahəsinə əsasən seçilir."
"Pricing Rule is made to overwrite Price List / define discount percentage, based on some criteria.","Qiymət Qaydası bəzi meyarlara əsasən Qiymət Cədvəlinin üzərinə yazmaq / endirim faizini müəyyən etmək üçün hazırlanır."
Pricing Rule {0} is updated,Qiymət Qaydası {0} yeniləndi
Pricing Rules are further filtered based on quantity.,Qiymət Qaydaları miqdara əsasən daha da süzülür.
Primary Address Details,Əsas Ünvan Detalları
Primary Contact Details,Əsas Əlaqə Detalları
Print Format,Çap Formatı
Print IRS 1099 Forms,IRS 1099 Formalarını Çap Et
Print Report Card,Hesabat Kartını Çap Et
Print Settings,Çap Parametrləri
Print and Stationery,Çap və Dəftərxana Ləvazimatı
Print settings updated in respective print format,Çap parametrləri müvafiq çap formatında yeniləndi
Print taxes with zero amount,Sıfır məbləğlə vergiləri çap et
Printing and Branding,Çap və Brendləşdirmə
Private Equity,Şəxsi Kapital
Procedure,Prosedur
Process Day Book Data,Günlük Kitab Məlumatlarını Emal Et
Process Master Data,Master Məlumatları Emal Et
Processing Chart of Accounts and Parties,Hesablar Planı və Tərəflər emal edilir
Processing Items and UOMs,Materiallar və Ölçü Vahidləri emal edilir
Processing Party Addresses,Tərəf Ünvanları emal edilir
Processing Vouchers,Sənədlər emal edilir
Procurement,Satınalma
Produced Qty,İstehsal Edilən Miqdar
Product,Məhsul
Product Bundle,Məhsul Paketi
Product Search,Məhsul Axtarışı
Production,İstehsal
Production Item,İstehsal Materialı
Products,Məhsullar
Profit and Loss,Mənfəət və Zərər
Profit for the year,İl üçün mənfəət
Program,Proqram
Program in the Fee Structure and Student Group {0} are different.,Ödəniş Strukturundakı Proqram və Tələbə Qrupu {0} fərqlidir.
Program {0} does not exist.,Proqram {0} mövcud deyil.
Program:,Proqram:
Progress % for a task cannot be more than 100.,Tapşırıq üçün irəliləyiş % 100-dən çox ola bilməz.
Project Collaboration Invitation,Layihə Əməkdaşlıq Dəvəti
Project Id,Layihə İd
Project Manager,Layihə Meneceri
Project Name,Layihə Adı
Project Start Date,Layihənin Başlama Tarixi
Project Status,Layihə Statusu
Project Summary for {0},{0} üçün Layihə Xülasəsi
Project Update.,Layihə Yeniləməsi.
Project Value,Layihə Dəyəri
Project activity / task.,Layihə fəaliyyəti / tapşırığı.
Project master.,Layihə masteri.
Project-wise data is not available for Quotation,Layihə üzrə məlumat Təklif üçün mövcud deyil
Projected,Proqnozlaşdırılan
Projected Qty,Stokda təxmini miqdar
Projected Quantity Formula,Proqnozlaşdırılan Miqdar Düsturu
Projects,Layihələr
Proposal Writing,Təklif Yazma
Proposal/Price Quote,Təklif/Qiymət Təklifi
Prospecting,Kəşfiyyat
Provisional Profit / Loss (Credit),Müvəqqəti Mənfəət / Zərər (Kredit)
Publications,Nəşrlər
Publish Items on Website,Materialları Vebsaytda Dərc Et
Published,Dərc edilib
Publishing,Nəşriyyat
Purchase,Satınalma
Purchase Amount,Satınalma Məbləği
Purchase Date,Satınalma Tarixi
Purchase Invoice,Satınalma Fakturası
Purchase Invoice {0} is already submitted,Satınalma Fakturası {0} artıq təqdim edilib
Purchase Manager,Satınalma Meneceri
Purchase Master Manager,Satınalma Master Meneceri
Purchase Order,Satınalma Sifarişi
Purchase Order Amount,Satınalma Sifarişi Məbləği
Purchase Order Amount(Company Currency),Satınalma Sifarişi Məbləği (Şirkət Valyutası)
Purchase Order Date,Satınalma Sifarişi Tarixi
Purchase Order Items not received on time,Vaxtında qəbul edilməyən Satınalma Sifarişi Materialları
Purchase Order number required for Item {0},{0} Materialı üçün Satınalma Sifarişi nömrəsi tələb olunur
Purchase Order to Payment,Satınalma Sifarişindən Ödənişə
Purchase Order {0} is not submitted,Satınalma Sifarişi {0} təqdim edilməyib
Purchase Orders are not allowed for {0} due to a scorecard standing of {1}.,{1} qiymətləndirmə kartı statusuna görə {0} üçün Satınalma Sifarişlərinə icazə verilmir.
Purchase Orders given to Suppliers.,Təchizatçılara verilən Satınalma Sifarişləri.
Purchase Price List,Satınalma Qiymət Cədvəli
Purchase Receipt,Satınalma Qaiməsi
Purchase Receipt {0} is not submitted,Satınalma Qaiməsi {0} təqdim edilməyib
Purchase Tax Template,Satınalma Vergi Şablonu
Purchase User,Satınalma İstifadəçisi
Purchase orders help you plan and follow up on your purchases,Satınalma sifarişləri satınalmalarınızı planlaşdırmağa və izləməyə kömək edir
Purchasing,Satınalma
Purpose must be one of {0},Məqsəd bunlardan biri olmalıdır: {0}
Qty,Miqdar
Qty To Manufacture,İstehsal Ediləcək Miqdar
Qty Total,Cəmi Miqdar
Qty for {0},{0} üçün Miqdar
Qualification,İxtisas
Quality,Keyfiyyət
Quality Action,Keyfiyyət Tədbiri
Quality Goal.,Keyfiyyət Hədəfi.
Quality Inspection,Keyfiyyət Yoxlaması
Quality Inspection: {0} is not submitted for the item: {1} in row {2},Keyfiyyət Yoxlaması: {2} sətrindəki material: {1} üçün {0} təqdim edilməyib
Quality Management,Keyfiyyət İdarəetməsi
Quality Meeting,Keyfiyyət İclası
Quality Procedure,Keyfiyyət Proseduru
Quality Procedure.,Keyfiyyət Proseduru.
Quality Review,Keyfiyyət İcmalı
Quantity,Miqdar
Quantity for Item {0} must be less than {1},{0} Materialı üçün miqdar {1}-dən az olmalıdır
Quantity in row {0} ({1}) must be same as manufactured quantity {2},{0} sətrindəki miqdar ({1}) istehsal olunan miqdar {2} ilə eyni olmalıdır
Quantity must be less than or equal to {0},Miqdar {0}-a bərabər və ya ondan az olmalıdır
Quantity must not be more than {0},Miqdar {0}-dan çox olmamalıdır
Quantity required for Item {0} in row {1},{1} sətrindəki {0} Materialı üçün tələb olunan miqdar
Quantity should be greater than 0,Miqdar 0-dan böyük olmalıdır
Quantity to Make,Hazırlanacaq Miqdar
Quantity to Manufacture must be greater than 0.,İstehsal Ediləcək Miqdar 0-dan böyük olmalıdır.
Quantity to Produce,İstehsal Ediləcək Miqdar
Quantity to Produce can not be less than Zero,İstehsal Ediləcək Miqdar Sıfırdan az ola bilməz
Query Options,Sorğu Seçimləri
Queued for replacing the BOM. It may take a few minutes.,Reseptin dəyişdirilməsi üçün növbəyə alındı. Bu bir neçə dəqiqə çəkə bilər.
Queued for updating latest price in all Bill of Materials. It may take a few minutes.,Bütün Reseptlərdə ən son qiymətin yenilənməsi üçün növbəyə alındı. Bu bir neçə dəqiqə çəkə bilər.
Quick Journal Entry,Sürətli Uçot Qəbzi
Quot Count,Təklif Sayı
Quot/Lead %,Təklif/Potensial Müştəri %
Quotation,Təklif
Quotation {0} is cancelled,Təklif {0} ləğv edildi
Quotation {0} not of type {1},Təklif {0} {1} növündə deyil
Quotations,Təkliflər
"Quotations are proposals, bids you have sent to your customers","Təkliflər müştərilərinizə göndərdiyiniz təkliflər, tenderlərdir"
Quotations received from Suppliers.,Təchizatçılardan alınan təkliflər.
Quotations:,Təkliflər:
Quotes to Leads or Customers.,Potensial Müştərilərə və ya Müştərilərə Təkliflər.
RFQs are not allowed for {0} due to a scorecard standing of {1},{1} qiymətləndirmə kartı statusuna görə {0} üçün RFQ-lara icazə verilmir
Range,Aralıq
Rate,Qiymət
Rate:,Qiymət:
Rating,Reytinq
Raw Material,Xammal
Raw Materials,Xammallar
Raw Materials cannot be blank.,Xammallar boş ola bilməz.
Re-open,Yenidən aç
Read blog,Bloqu oxu
Read the ERPNext Manual,ERPNext Təlimatını Oxu
Reading Uploaded File,Yüklənmiş Fayl Oxunur
Real Estate,Daşınmaz Əmlak
Reason For Putting On Hold,Gözləməyə Qoyulma Səbəbi
Reason for Hold,Gözləmə Səbəbi
Reason for hold:,Gözləmə səbəbi:
Receipt,Qəbz
Receipt document must be submitted,Qəbz sənədi təqdim edilməli
Receivable,Debitor borcları
Receivable Account,Debitor Hesabı
Received,Medaxil
Received On,Qəbul tarixi
Received Quantity,Gələn Miqdar
Received Stock Entries,Qəbul Edilmiş Stok Girişləri
"Receiver List is empty. Please create Receiver List","Qəbuledici Siyahısı boşdur. Zəhmət olmasa Qəbuledici Siyahısı yaradın"
Recipients,Alıcılar
Reconcile,Üzləşdir
"Record of all communications of type email, phone, chat, visit, etc.","E-poçt, telefon, söhbət, ziyarət və s. kimi bütün əlaqələrin qeydiyyatı."
Records,Qeydlər
Redirect URL,Yönləndirmə URL-i
Ref,İstinad
Ref Date,İstinad Tarixi
Reference,İstinad
"Reference #{0} dated {1}","{1} tarixli {0} nömrəli İstinad"
Reference Date,İstinad Tarixi
Reference Doctype must be one of {0},İstinad Sənəd Növü {0} birisi olmalıdır
Reference Document,İstinad Sənədi
Reference Document Type,Referans Sənədin Növü
Reference No & Reference Date is required for {0},{0} üçün İstinad Nömrəsi və İstinad Tarixi tələb olunur
Reference No and Reference Date is mandatory for Bank transaction,Bank əməliyyatı üçün İstinad Nömrəsi və İstinad Tarixi məcburidir
Reference No is mandatory if you entered Reference Date,"İstinad Tarixini daxil etmisinizsə, İstinad Nömrəsi məcburidir"
Reference No.,İstinad Nömrəsi
Reference Number,İstinad Nömrəsi
Reference Type,İstinad Növü
"Reference: {0}, Item Code: {1} and Customer: {2}","İstinad: {0}, Material Kodu: {1} və Müştəri: {2}"
References,İstinadlar
Refresh Token,Yeniləmə Tokeni
Register,Qeydiyyat
Rejected,Rədd edildi
Related,Əlaqəli
Relation with Guardian1,Qəyyum1 ilə əlaqə
Relation with Guardian2,Qəyyum2 ilə əlaqə
Release Date,Buraxılış Tarixi
Reload Linked Analysis,Əlaqəli Analizi Yenilə
Remaining,Qalan
Remaining Balance,Qalan Balans
Remarks,Qeydlər
Reminder to update GSTIN Sent,GSTIN-in yenilənməsi üçün xatırlatma göndərildi
Remove item if charges is not applicable to that item,"Xərclər həmin məhsula aid deyilsə, materialı silin"
Removed items with no change in quantity or value.,"Miqdar və ya dəyər dəyişikliyi olmayan materiallar silindi."
Reopen,Yenidən aç
Reorder Level,Sifariş üçün Stok minimum səviyyəsi
Reorder Qty,Sifariş ediləcək Miqdar
Repeat Customer Revenue,Təkrar Müştəri Gəliri
Repeat Customers,Təkrar Müştərilər
Replace BOM and update latest price in all BOMs,Resepti (BOM) əvəz et və bütün Reseptlərdə son qiyməti yenilə
Replied,Cavab verildi
Report,Hesabat
Report Type,Hesabat növü
Report Type is mandatory,Hesabat Növü məcburidir
Reports,Hesabatlar
Reqd By Date,Tələb olunan Tarix
Reqd Qty,Tələb olunan Miqdar
Request for Quotation,Təklif Qəbzi Tələbi
Request for Quotations,Təklif Qəbzi Tələbləri
Request for Raw Materials,Xammal Tələbi
Request for purchase.,Satınalma tələbi.
Request for quotation.,Təklif qəbzi tələbi.
Requested Qty,Tələb olunan Miqdar
"Requested Qty: Quantity requested for purchase, but not ordered.","Tələb olunan Miqdar: Satınalma üçün tələb olunan, lakin sifariş verilməyən miqdar."
Requesting Site,Tələb edən Sayt
"Requesting payment against {0} {1} for amount {2}","{0} {1} qarşılığında {2} məbləğində ödəniş tələb olunur"
Requestor,Tələb edən
Required On,Tələb olunur
Required Qty,Tələb olunan Miqdar
Required Quantity,Tələb olunan Miqdar
Reschedule,Yenidən planlaşdır
Research,Tədqiqat
Research & Development,Tədqiqat və İnkişaf
Researcher,Tədqiqatçı
Resend Payment Email,Ödəniş E-poçtunu Yenidən Göndər
Reserve Warehouse,Anbar Rezervasiyası
Reserved Qty,Rezerv edilmiş Miqdar
Reserved Qty for Production,İstehsal üçün Rezerv edilmiş Miqdar
Reserved Qty for Production: Raw materials quantity to make manufacturing items.,"İstehsal üçün Rezerv edilmiş Miqdar: İstehsal məhsullarını hazırlamaq üçün xammal miqdarı."
"Reserved Qty: Quantity ordered for sale, but not delivered.","Rezerv edilmiş Miqdar: Satış üçün sifariş edilmiş, lakin çatdırılmamış miqdar."
Reserved Warehouse is mandatory for Item {0} in Raw Materials supplied,Təchiz edilən Xammallarda {0} materialı üçün Rezerv Anbarı məcburidir
Reserved for manufacturing,İstehsal üçün rezerv edilib
Reserved for sale,Satış üçün rezerv edilib
Reserved for sub contracting,Subpodrat üçün rezerv edilib
Resistant,Davamlı
Resolve error and upload again.,"Xətanı həll edin və yenidən yükləyin."
Rest Of The World,Dünyanın Qalan Hissəsi
Restart Subscription,Abunəliyi Yenidən Başlat
Restaurant,Restoran
Result Date,Nəticə Tarixi
Result already Submitted,Nəticə artıq təqdim edilib
Resume,CV
Retail,Pərakəndə
Retail & Wholesale,Pərakəndə və Topdan
Retail Operations,Pərakəndə Əməliyyatlar
Retained Earnings,Bölüşdürülməmiş Mənfəət
Retention Stock Entry,Qalıq Stok Girişi
Retention Stock Entry already created or Sample Quantity not provided,Qalıq Stok Girişi artıq yaradılıb və ya Nümunə Miqdarı təqdim edilməyib
Return,Geri Qaytarma
Return / Credit Note,Geri Qaytarma / Kredit Qəbzi
Return / Debit Note,Geri Qaytarma / Debet Qəbzi
Returns,Qaytarmalar
Reverse Journal Entry,Tərs Uçot Qəbzi
Review Invitation Sent,İcmal Dəvəti Göndərildi
Review and Action,Baxış və Tədbir
Rooms Booked,Otaqlar Rezerv Edilib
Root Company,Kök Şirkət
Root Type,Kök Növü
Root Type is mandatory,Kök Növü məcburidir
Root cannot be edited.,Kök redaktə edilə bilməz.
Root cannot have a parent cost center,Kökün ana xərc mərkəzi ola bilməz
Round Off,Yuvarlaqlaşdırma
Rounded Total,Yuvarlaqlaşdırılmış Cəmi
Route,Marşrut
"Row # {0}:","Sətir # {0}:"
"Row # {0}: Batch No must be same as {1} {2}","Sətir # {0}: Partiya Nömrəsi {1} {2} ilə eyni olmalıdır"
"Row # {0}: Cannot return more than {1} for Item {2}","Sətir # {0}: {2} materialı üçün {1}-dən çox qaytarıla bilməz"
"Row # {0}: Rate cannot be greater than the rate used in {1} {2}","Sətir # {0}: Qiymət {1} {2}-də istifadə olunan qiymətdən böyük ola bilməz"
"Row # {0}: Serial No is mandatory","Sətir # {0}: Seriya Nömrəsi məcburidir"
"Row # {0}: Serial No {1} does not match with {2} {3}","Sətir # {0}: Seriya Nömrəsi {1}, {2} {3} ilə uyğun gəlmir"
"Row #{0} (Payment Table): Amount must be negative","Sətir #{0} (Ödəniş Cədvəli): Məbləğ mənfi olmalıdır"
"Row #{0} (Payment Table): Amount must be positive","Sətir #{0} (Ödəniş Cədvəli): Məbləğ müsbət olmalıdır"
"Row #{0}: Account {1} does not belong to company {2}","Sətir #{0}: {1} hesabı {2} şirkətinə aid deyil"
"Row #{0}: Allocated Amount cannot be greater than outstanding amount.","Sətir #{0}: Təhsis edilmiş Məbləğ ödənilməmiş məbləğdən böyük ola bilməz."
"Row #{0}: Asset {1} cannot be submitted, it is already {2}","Sətir #{0}: {1} aktivi təqdim edilə bilməz, o artıq {2}-dir"
"Row #{0}: Cannot set Rate if amount is greater than billed amount for Item {1}.","Sətir #{0}: Əgər məbləğ {1} materialı üçün fakturalanmış məbləğdən böyükdürsə, Qiyməti təyin etmək olmaz."
"Row #{0}: Clearance date {1} cannot be before Cheque Date {2}","Sətir #{0}: Klirinq tarixi {1} Çek Tarixindən {2} əvvəl ola bilməz"
"Row #{0}: Duplicate entry in References {1} {2}","Sətir #{0}: {1} {2} İstinadlarında təkrarlanan giriş"
"Row #{0}: Expected Delivery Date cannot be before Purchase Order Date","Sətir #{0}: Gözlənilən Çatdırılma Tarixi Satınalma Sifarişi Tarixindən əvvəl ola bilməz"
"Row #{0}: Item added","Sətir #{0}: Material əlavə edildi"
"Row #{0}: Journal Entry {1} does not have account {2} or already matched against another voucher","Sətir #{0}: {1} Uçot Qəbzində {2} hesabı yoxdur və ya artıq başqa sənədlə üzləşib"
"Row #{0}: Not allowed to change Supplier as Purchase Order already exists","Sətir #{0}: Satınalma Sifarişi artıq mövcud olduğundan Təchizatçını dəyişməyə icazə verilmir"
"Row #{0}: Please set reorder quantity","Sətir #{0}: Zəhmət olmasa yenidən sifariş miqdarını təyin edin"
"Row #{0}: Please specify Serial No for Item {1}","Sətir #{0}: Zəhmət olmasa {1} materialı üçün Seriya Nömrəsini qeyd edin"
"Row #{0}: Qty increased by 1","Sətir #{0}: Miqdar 1 vahid artırıldı"
"Row #{0}: Rate must be same as {1}: {2} ({3} / {4})","Sətir #{0}: Qiymət {1} ilə eyni olmalıdır: {2} ({3} / {4})"
"Row #{0}: Reference Document Type must be one of Expense Claim or Journal Entry","Sətir #{0}: Referans Sənəd Növü Xərc Tələbi və ya Uçot Qəbzi olmalıdır"
"Row #{0}: Reference Document Type must be one of Purchase Order, Purchase Invoice or Journal Entry","Sətir #{0}: Referans Sənəd Növü Satınalma Sifarişi, Satınalma Fakturası və ya Uçot Qəbzi olmalıdır"
"Row #{0}: Rejected Qty can not be entered in Purchase Return","Sətir #{0}: Rədd edilmiş Miqdar Satınalma Qaytarmasına daxil edilə bilməz"
"Row #{0}: Rejected Warehouse is mandatory against rejected Item {1}","Sətir #{0}: Rədd edilmiş {1} materialı üçün Rədd Edilən Anbarı məcburidir"
"Row #{0}: Reqd by Date cannot be before Transaction Date","Sətir #{0}: Tələb olunan Tarix Əməliyyat Tarixindən əvvəl ola bilməz"
"Row #{0}: Set Supplier for item {1}","Sətir #{0}: {1} materialı üçün Təchizatçı təyin edin"
"Row #{0}: Status must be {1} for Invoice Discounting {2}","Sətir #{0}: Faktura Endirimi {2} üçün Status {1} olmalıdır"
"Row #{0}: The batch {1} has only {2} qty. Please select another batch which has {3} qty available or split the row into multiple rows, to deliver/issue from multiple batches","Sətir #{0}: {1} partiyasında cəmi {2} miqdar var. Zəhmət olmasa, {3} mövcud miqdarı olan başqa bir partiyanı seçin və ya sətiri bir neçə partiyadan çatdırmaq/buraxmaq üçün bölün"
"Row #{0}: Timings conflicts with row {1}","Sətir #{0}: Vaxtlar {1} sətri ilə ziddiyyət təşkil edir"
"Row #{0}: {1} can not be negative for item {2}","Sətir #{0}: {2} materialı üçün {1} mənfi ola bilməz"
"Row No {0}: Amount cannot be greater than Pending Amount against Expense Claim {1}. Pending Amount is {2}","Sətir No {0}: Məbləğ {1} Xərc Tələbi üzrə Gözləyən Məbləğdən böyük ola bilməz. Gözləyən Məbləğ {2}-dir"
"Row {0} : Operation is required against the raw material item {1}","Sətir {0} : {1} xammal materialı üçün Əməliyyat tələb olunur"
"Row {0}# Item {1} cannot be transferred more than {2} against Purchase Order {3}","Sətir {0}# {1} materialı {3} Satınalma Sifarişi üzrə {2}-dən çox transfer edilə bilməz"
"Row {0}: Activity Type is mandatory.","Sətir {0}: Fəaliyyət Növü məcburidir."
"Row {0}: Advance against Customer must be credit","Sətir {0}: Müştəriyə qarşı avans kredit olmalıdır"
"Row {0}: Advance against Supplier must be debit","Sətir {0}: Təchizatçıya qarşı avans debet olmalıdır"
"Row {0}: Allocated amount {1} must be less than or equals to Payment Entry amount {2}","Sətir {0}: Təhsis edilmiş {1} məbləği {2} Ödəniş Qəbzi məbləğindən az və ya ona bərabər olmalıdır"
"Row {0}: Allocated amount {1} must be less than or equals to invoice outstanding amount {2}","Sətir {0}: Təhsis edilmiş {1} məbləği {2} faktura üzrə ödənilməmiş məbləğdən az və ya ona bərabər olmalıdır"
"Row {0}: An Reorder entry already exists for this warehouse {1}","Sətir {0}: Bu anbar {1} üçün Sifariş qeydi artıq mövcuddur"
"Row {0}: Bill of Materials not found for the Item {1}","Sətir {0}: {1} Materialı üçün Materiallar Siyahısı tapılmadı"
"Row {0}: Conversion Factor is mandatory","Sətir {0}: Çevrilmə Əmsalı məcburidir"
"Row {0}: Cost center is required for an item {1}","Sətir {0}: {1} materialı üçün Xərc mərkəzi tələb olunur"
"Row {0}: Credit entry can not be linked with a {1}","Sətir {0}: Kredit qeydi {1} ilə əlaqələndirilə bilməz"
"Row {0}: Currency of the BOM #{1} should be equal to the selected currency {2}","Sətir {0}: BOM #{1} valyutası seçilmiş {2} valyutasına bərabər olmalıdır"
"Row {0}: Debit entry can not be linked with a {1}","Sətir {0}: Debet qeydi {1} ilə əlaqələndirilə bilməz"
"Row {0}: Depreciation Start Date is required","Sətir {0}: Amortizasiya Başlama Tarixi tələb olunur"
"Row {0}: Enter location for the asset item {1}","Sətir {0}: {1} aktiv materialı üçün yeri daxil edin"
"Row {0}: Exchange Rate is mandatory","Sətir {0}: Məzənnə məcburidir"
"Row {0}: Expected Value After Useful Life must be less than Gross Purchase Amount","Sətir {0}: Faydalı Ömürdən Sonra Gözlənilən Dəyər Ümumi Satınalma Məbləğindən az olmalıdır"
"Row {0}: From Time and To Time is mandatory.","Sətir {0}: Başlama Vaxtı və Bitmə Vaxtı məcburidir."
"Row {0}: From Time and To Time of {1} is overlapping with {2}","Sətir {0}: {1}-in Başlama və Bitmə Vaxtı {2} ilə üst-üstə düşür"
"Row {0}: From time must be less than to time","Sətir {0}: Başlama vaxtı bitmə vaxtından az olmalıdır"
"Row {0}: Hours value must be greater than zero.","Sətir {0}: Saat dəyəri sıfırdan böyük olmalıdır."
"Row {0}: Invalid reference {1}","Sətir {0}: Yanlış istinad {1}"
"Row {0}: Party / Account does not match with {1} / {2} in {3} {4}","Sətir {0}: Tərəf / Hesab {3} {4}-də {1} / {2} ilə uyğun gəlmir"
"Row {0}: Party Type and Party is required for Receivable / Payable account {1}","Sətir {0}: Debitor / Kreditor hesabı {1} üçün Tərəf Növü və Tərəf tələb olunur"
"Row {0}: Payment against Sales/Purchase Order should always be marked as advance","Sətir {0}: Satış/Satınalma Sifarişi qarşılığında ödəniş həmişə avans kimi qeyd edilməlidir"
"Row {0}: Please check 'Is Advance' against Account {1} if this is an advance entry.","Sətir {0}: Əgər bu avans qeydisə, {1} Hesabı üçün 'Avansdır' seçimini yoxlayın."
"Row {0}: Please set at Tax Exemption Reason in Sales Taxes and Charges","Sətir {0}: Zəhmət olmasa Satış Vergiləri və Məsrəflərində Vergi Güzəşti Səbəbini təyin edin"
"Row {0}: Please set the Mode of Payment in Payment Schedule","Sətir {0}: Zəhmət olmasa Ödəniş Cədvəlində Ödəniş üsulunu təyin edin"
"Row {0}: Please set the correct code on Mode of Payment {1}","Sətir {0}: Zəhmət olmasa {1} Ödəniş Üsulunda düzgün kodu təyin edin"
"Row {0}: Qty is mandatory","Sətir {0}: Miqdar məcburidir"
"Row {0}: Quality Inspection rejected for item {1}","Sətir {0}: {1} materialı üçün Keyfiyyət Yoxlaması rədd edildi"
"Row {0}: UOM Conversion Factor is mandatory","Sətir {0}: Vahid Çevrilmə Əmsalı məcburidir"
"Row {0}: select the workstation against the operation {1}","Sətir {0}: {1} əməliyyatı üçün iş stansiyasını seçin"
"Row {0}: {1} Serial numbers required for Item {2}. You have provided {3}.","Sətir {0}: {2} Materialı üçün {1} Seriya nömrələri tələb olunur. Siz {3} təqdim etmisiniz."
"Row {0}: {1} must be greater than 0","Sətir {0}: {1} 0-dan böyük olmalıdır"
"Row {0}: {1} {2} does not match with {3}","Sətir {0}: {1} {2} {3} ilə uyğun gəlmir"
"Row {0}:Start Date must be before End Date","Sətir {0}: Başlama Tarixi Bitmə Tarixindən əvvəl olmalıdır"
"Rows with duplicate due dates in other rows were found: {0}","Digər sətirlərdə təkrarlanan son tarixləri olan sətirlər tapıldı: {0}"
Rules for adding shipping costs.,"Çatdırılma xərclərini əlavə etmək üçün qaydalar."
Rules for applying pricing and discount.,"Qiymət və endirimlərin tətbiqi qaydaları."
S.O. No.,Sifariş No
SGST Amount,SGST Məbləği
SO Qty,Sifariş Miqdarı
Safety Stock,Təhlükəsiz Stok səviyyəsi
Salary,Əmək haqqı
"Salary Slip submitted for period from {0} to {1}","Əmək haqqı sənədi {0}-dən {1}-ə qədər olan dövr üçün təqdim edildi"
Salary Structure must be submitted before submission of Tax Ememption Declaration,Vergi Güzəşti Bəyannaməsi təqdim edilməzdən əvvəl Maaş Strukturu təqdim edilməlidir
Sales,Satış
Sales Account,Satış Hesabı
Sales Expenses,Satış Xərcləri
Sales Funnel,Satış Kanalı
Sales Invoice,Satış Fakturası
"Sales Invoice {0} has already been submitted","Satış Fakturası {0} artıq təqdim edilib"
"Sales Invoice {0} must be cancelled before cancelling this Sales Order","Bu Satış Sifarişini ləğv etməzdən əvvəl Satış Fakturası {0} ləğv edilməlidir"
Sales Manager,Satış Meneceri
Sales Master Manager,Satış Master Meneceri
Sales Order,Satış Sifarişi
Sales Order Item,Satış Sifarişi Materialı
Sales Order required for Item {0},{0} Materialı üçün Satış Sifarişi tələb olunur
Sales Order to Payment,Satış Sifarişindən Ödənişə
"Sales Order {0} is not submitted","Satış Sifarişi {0} təqdim edilməyib"
"Sales Order {0} is not valid","Satış Sifarişi {0} etibarlı deyil"
"Sales Order {0} is {1}","Satış Sifarişi {0} {1}-dir"
Sales Orders,Satış Sifarişləri
Sales Partner,Satış Partnyoru
Sales Pipeline,Satış Kanalı
Sales Price List,Satış Qiymət Cədvəli
Sales Return,Satışın Qaytarılması
Sales Summary,Satış Xülasəsi
Sales Tax Template,Satış Vergi Şablonu
Sales Team,Satış Komandası
Sales User,Satış İstifadəçisi
Sales and Returns,Satış və Qaytarmalar
Sales campaigns.,Satış kampaniyaları.
Sales orders are not available for production,İstehsal üçün satış sifarişləri mövcud deyil
Salutation,Xitabnamə
Same Company is entered more than once,Eyni Şirkət bir neçə dəfə daxil edilib
Same item cannot be entered multiple times.,Eyni material bir neçə dəfə daxil edilə bilməz.
Same supplier has been entered multiple times,Eyni təchizatçı bir neçə dəfə daxil edilib
Sample Collection,Nümunə Toplanması
"Sample quantity {0} cannot be more than received quantity {1}","Nümunə miqdarı {0} qəbul edilmiş miqdardan {1} çox ola bilməz"
Sanctioned,Sanksiyalaşdırılmış
Sand,Qum
Saturday,Şənbə
"Saving {0}","Qeyd edilir {0}"
Scan Barcode,Barkodu skan et
Schedule,Cədvəl
Schedule Admission,Qəbulu Planlaşdır
Schedule Course,Kursu Planlaşdır
Schedule Date,Cədvəl Tarixi
Schedule Discharge,Buraxılışı Planlaşdır
Scheduled,Planlaşdırılmış
Scheduled Upto,Planlaşdırılıb (Tarixə qədər)
"Schedules for {0} overlaps, do you want to proceed after skiping overlaped slots ?","{0} üçün cədvəllər üst-üstə düşür, üst-üstə düşən slotları atladıqdan sonra davam etmək istəyirsiniz?"
Score cannot be greater than Maximum Score,Bal Maksimum Baldan çox ola bilməz
Scorecards,Qiymətləndirmə kartları
Scrapped,Ləğv edildi
Search,Axtar
Search Results,Axtarış Nəticələri
Search Sub Assemblies,Alt Assambleyaları Axtar
"Search by item code, serial number, batch no or barcode","Material kodu, seriya nömrəsi, partiya nömrəsi və ya barkod ilə axtarış"
"Seasonality for setting budgets, targets etc.","Büdcələrin, hədəflərin və s. təyini üçün mövsümilik."
Secret Key,Məxfi Açar
Secretary,Katib
Section Code,Bölmə Kodu
Secured Loans,Təminatlı Kreditlər
Securities & Commodity Exchanges,Qiymətli Kağızlar və Əmtəə Birjaları
Securities and Deposits,Qiymətli Kağızlar və Depozitlər
See All Articles,Bütün Məqalələrə Bax
See all open tickets,Bütün açıq biletlərə bax
See past orders,Keçmiş sifarişlərə bax
See past quotations,Keçmiş təkliflərə bax
Select,Seçin
Select Alternate Item,Alternativ Material Seçin
Select Attribute Values,Atribut Dəyərlərini Seçin
Select BOM,Resept Seçin
Select BOM and Qty for Production,İstehsal üçün Resept və Miqdar seçin
"Select BOM, Qty and For Warehouse","Resept, Miqdar və Anbar Seçin"
Select Batch,Partiya Seçin
Select Batch Numbers,Partiya Nömrələrini Seçin
Select Brand...,Brend Seçin...
Select Company,Şirkət Seçin
Select Company...,Şirkət Seçin...
Select Customer,Müştəri Seçin
Select Days,Günləri Seçin
Select Default Supplier,Əsas Təchizatçını Seçin
Select DocType,Sənəd Növünü Seçin
Select Fiscal Year...,Maliyyə İlini Seçin...
Select Item (optional),Material Seçin (könüllü)
Select Items based on Delivery Date,Çatdırılma Tarixinə əsasən Materialları Seçin
Select Items to Manufacture,İstehsal ediləcək Materialları Seçin
Select Loyalty Program,Sadiqlik Proqramını Seçin
Select Patient,Pasiyent Seçin
Select Possible Supplier,Mümkün Təchizatçını Seçin
Select Quantity,Miqdarı Seçin
Select Serial Numbers,Seriya Nömrələrini Seçin
Select Target Warehouse,Giriş Anbarını Seçin
Select Warehouse...,Anbar Seçin...
Select an account to print in account currency,Hesab valyutasında çap etmək üçün hesab seçin
Select at least one value from each of the attributes.,Atributların hər birindən ən azı bir dəyər seçin.
Select change amount account,Dəyişiklik məbləği hesabını seçin
Select company first,Əvvəlcə şirkəti seçin
Select students manually for the Activity based Group,Fəaliyyət əsaslı Qrup üçün tələbələri əl ilə seçin
Select the customer or supplier.,Müştəri və ya təchizatçını seçin.
Select the nature of your business.,Biznesinizin təbiətini seçin.
Select the program first,Əvvəlcə proqramı seçin
Select to add Serial Number.,Seriya Nömrəsi əlavə etmək üçün seçin.
Select your Domains,Domenlərinizi seçin
Selected Price List should have buying and selling fields checked.,Seçilmiş Qiymət Cədvəlində alış və satış sahələri işarələnməlidir.
Sell,Sat
Selling,Satış
Selling Amount,Satış Məbləği
Selling Price List,Satış Qiymət Cədvəli
Selling Rate,Satış Qiyməti
"Selling must be checked, if Applicable For is selected as {0}","Əgər Tətbiq Edilir kimi {0} seçilibsə, Satış işarələnməlidir"
Send Grant Review Email,Qrant İcmalı E-poçtu Göndər
Send Now,İndi Göndər
Send SMS,SMS Göndər
Send mass SMS to your contacts,Kontaktlarınıza kütləvi SMS göndərin
Sensitivity,Həssaslıq
Sent,Göndərildi
Serial No and Batch,Seriya Nömrəsi və Partiya
Serial No is mandatory for Item {0},{0} Materialı üçün Seriya Nömrəsi məcburidir
Serial No {0} does not belong to Batch {1},Seriya nömrəsi {0} {1} partiyasına aid deyil
Serial No {0} does not belong to Delivery Note {1},Seriya nömrəsi {0} {1} Satış Qaiməsinə aid deyil
Serial No {0} does not belong to Item {1},Seriya nömrəsi {0} {1} materialına aid deyil
Serial No {0} does not belong to Warehouse {1},Seriya nömrəsi {0} {1} anbarına aid deyil
Serial No {0} does not belong to any Warehouse,Seriya nömrəsi {0} heç bir anbara aid deyil
Serial No {0} does not exist,Seriya nömrəsi {0} mövcud deyil
Serial No {0} has already been received,Seriya nömrəsi {0} artıq qəbul edilib
Serial No {0} is under maintenance contract upto {1},Seriya nömrəsi {0} {1} tarixinə qədər texniki xidmət müqaviləsi altındadır
Serial No {0} is under warranty upto {1},Seriya nömrəsi {0} {1} tarixinə qədər zəmanət altındadır
Serial No {0} not found,Seriya nömrəsi {0} tapılmadı
Serial No {0} not in stock,Seriya nömrəsi {0} stokda yoxdur
Serial No {0} quantity {1} cannot be a fraction,Seriya nömrəsi {0} miqdarı {1} kəsr ola bilməz
Serial Nos Required for Serialized Item {0},Seriyalı {0} Materialı üçün Seriya Nömrələri tələb olunur
Serial Number: {0} is already referenced in Sales Invoice: {1},Seriya Nömrəsi: {0} artıq {1} Satış Fakturasında istinad edilib
Serial Numbers,Seriya Nömrələri
Serial Numbers in row {0} does not match with Delivery Note,{0} sətrindəki Seriya Nömrələri Satış Qaiməsi ilə uyğun gəlmir
serial no {0} has been already returned,Seriya nömrəsi {0} artıq qaytarılıb
serial number {0} entered more than once,Seriya nömrəsi {0} birdən çox daxil edilib
Serialized Inventory,Seriyalı İnventar
Series Updated,Seriya Yeniləndi
Series Updated Successfully,Seriya Uğurla Yeniləndi
Series is mandatory,Seriya məcburidir
Service,Xidmət
Service Level Agreement,Xidmət Səviyyəsi Müqaviləsi
Service Level Agreement.,Xidmət Səviyyəsi Müqaviləsi.
Service Level.,Xidmət Səviyyəsi.
Service Stop Date cannot be after Service End Date,Xidmətin Dayandırılma Tarixi Xidmətin Bitmə Tarixindən sonra ola bilməz
Service Stop Date cannot be before Service Start Date,Xidmətin Dayandırılma Tarixi Xidmətin Başlama Tarixindən əvvəl ola bilməz
Services,Xidmətlər
"Set Default Values like Company, Currency, Current Fiscal Year, etc.","Şirkət, Valyuta, Cari Maliyyə İli və s. kimi İlkin Dəyərləri təyin edin."
Set Details,Detalları təyin edin
Set New Release Date,Yeni Buraxılış Tarixini təyin edin
Set Project and all Tasks to status {0}?,Layihə və bütün Tapşırıqların statusu {0} təyin edilsin?
Set Status,Statusu təyin edin
Set Tax Rule for shopping cart,Səbət üçün Vergi Qaydasını təyin edin
Set as Closed,Bağlı kimi təyin edin
Set as Completed,Tamamlanmış kimi təyin edin
Set as Lost,İtirilmiş kimi təyin edin
Set as Open,Açıq kimi təyin edin
Set default inventory account for perpetual inventory,Daimi inventar üçün ilkin inventar hesabını təyin edin
Set this if the customer is a Public Administration company.,Müştəri Dövlət İdarəçiliyi şirkətidirsə, bunu təyin edin.
Set {0} in asset category {1} or company {2},{1} aktiv kateqoriyasında və ya {2} şirkətində {0} təyin edin
"Setting Events to {0}, since the Employee attached to the below Sales Persons does not have a User ID{1}","Hadisələr {0} təyin edilir, çünki aşağıdakı Satıcılara bağlı olan İşçinin İstifadəçi ID-si {1} yoxdur"
Setting defaults,İlkin dəyərlərin təyini
Setting up Email,E-poçt quraşdırılır
Setting up Email Account,E-poçt Hesabı quraşdırılır
Setting up Employees,İşçilərin quraşdırılması
Setting up Taxes,Vergilərin quraşdırılması
Setting up company,Şirkətin quraşdırılması
Settings,Parametrlər
"Settings for online shopping cart such as shipping rules, price list etc.","Çatdırılma qaydaları, qiymət cədvəli və s. kimi onlayn alış-veriş səbəti üçün parametrlər."
Settings for website homepage,Vebsayt ana səhifəsi üçün parametrlər
Settings for website product listing,Vebsayt məhsul siyahısı üçün parametrlər
Settled,Həll edildi
Setup Gateway accounts.,Ödəniş qapısı hesablarını quraşdırın.
Setup SMS gateway settings,SMS qapısı parametrlərini quraşdırın
Setup cheque dimensions for printing,Çap üçün çek ölçülərini quraşdırın
Setup default values for POS Invoices,POS Fakturaları üçün ilkin dəyərləri quraşdırın
Setup mode of POS (Online / Offline),POS rejimini quraşdırın (Onlayn / Offlayn)
Setup your Institute in ERPNext,ERPNext-də İnstitutunuzu quraşdırın
Share Balance,Səhm Balansı
Share Ledger,Səhm Reyestri
Share Management,Səhm İdarəetməsi
Share Transfer,Səhm Transferi
Share Type,Səhm Növü
Shareholder,Səhmdar
Ship To State,Göndəriləcək Ştat
Shipments,Göndərişlər
Shipping Address,Çatdırılma Ünvanı
"Shipping Address does not have country, which is required for this Shipping Rule","Çatdırılma Ünvanında ölkə qeyd edilməyib, bu Çatdırılma Qaydası üçün tələb olunur"
Shipping rule only applicable for Buying,Çatdırılma qaydası yalnız Alış üçün tətbiq edilir
Shipping rule only applicable for Selling,Çatdırılma qaydası yalnız Satış üçün tətbiq edilir
Shopify Supplier,Shopify Təchizatçısı
Shopping Cart,Alış-veriş Səbəti
Shopping Cart Settings,Alış-veriş Səbəti Parametrləri
Short Name,Qısa Ad
Shortage Qty,Çatışmazlıq Miqdarı
Show Completed,Tamamlanmışları Göstər
Show Cumulative Amount,Kumulyativ Məbləği Göstər
Show Open,Açıqları Göstər
Show Opening Entries,Açılış Qeydlərini Göstər
Show Payment Details,Ödəniş Detallarını Göstər
Show Return Entries,Qaytarma Qeydlərini Göstər
Show Variant Attributes,Variant Atributlarını Göstər
Show Variants,Variantları Göstər
Show closed,Bağlıları Göstər
Show exploded view,Genişləndirilmiş görünüşü göstər
Show only POS,Yalnız POS göstər
Show unclosed fiscal year's P&L balances,Bağlanmamış maliyyə ilinin M&Z balanslarını göstər
Show zero values,Sıfır dəyərləri göstər
Silt,Lil
Single Variant,Tək Variant
Single unit of an Item.,Materialın tək vahidi.
"Skipping Leave Allocation for the following employees, as Leave Allocation records already exists against them. {0}","Aşağıdakı işçilər üçün Məzuniyyət Təyinatı atlanır, çünki onlar üçün artıq məzuniyyət təyinatı qeydləri mövcuddur. {0}"
Slideshow,Slayd-şou
Slots for {0} are not added to the schedule,{0} üçün slotlar cədvələ əlavə edilməyib
Small,Kiçik
Soap & Detergent,Sabun və Yuyucu Vasitə
Software,Proqram təminatı
Software Developer,Proqram təminatı tərtibatçısı
Softwares,Proqram təminatları
Soil compositions do not add up to 100,Torpaq tərkibi 100-ə bərabər deyil
Sold,Satıldı
Some emails are invalid,Bəzi e-poçtlar yanlışdır
Some information is missing,Bəzi məlumatlar çatışmır
Something went wrong!,Xəta baş verdi!
"Sorry, Serial Nos cannot be merged","Üzr istəyirik, Seriya Nömrələri birləşdirilə bilməz"
Source,Mənbə
Source Name,Mənbə Adı
Source Warehouse,Çıxış Anbarı
Source and Target Location cannot be same,Çıxış və giriş yeri eyni ola bilməz
Source and target warehouse cannot be same for row {0},{0} sətri üçün çıxış və giriş anbarı eyni ola bilməz
Source and target warehouse must be different,Çıxış və giriş anbarı fərqli olmalıdır
Source of Funds (Liabilities),Vəsait Mənbəyi (Öhdəliklər)
Source warehouse is mandatory for row {0},{0} sətri üçün çıxış anbarı məcburidir
Specified BOM {0} does not exist for Item {1},Qeyd edilmiş {0} Resepti (BOM) {1} materialı üçün mövcud deyil
Split,Böl
Split Batch,Partiyanı Böl
Split Issue,Tapşırığı Böl
Sports,İdman
Standard Buying,Standart Alış
Standard Selling,Standart Satış
Standard contract terms for Sales or Purchase.,"Satış və ya Alış üçün standart müqavilə şərtləri."
Start Date,Başlama Tarixi
Start Date of Agreement can't be greater than or equal to End Date.,Müqavilənin Başlama Tarixi Bitmə Tarixinə bərabər və ya ondan böyük ola bilməz.
Start Year,Başlanğıc İli
Start date should be less than end date for Item {0},{0} materialı üçün başlama tarixi bitmə tarixindən əvvəl olmalıdır
Start date should be less than end date for task {0},{0} tapşırığı üçün başlama tarixi bitmə tarixindən əvvəl olmalıdır
Start day is greater than end day in task '{0}','{0}' tapşırığında başlama günü bitmə günündən böyükdür
Start on,Başla
State,Ştat
State/UT Tax,Ştat/Ərazi Vergisi
Statement of Account,Hesab Çıxarışı
Status must be one of {0},Status {0} birisi olmalıdır
Stock,Stok
Stock Adjustment,Stok Düzəlişi
Stock Analytics,Stok Analitikası
Stock Assets,Stok Aktivləri
Stock Available,Mövcud Stok
Stock Balance,Stok Balansı
Stock Entries already created for Work Order,İş Sifarişi üçün Stok Girişləri artıq yaradılıb
Stock Entry,Stok Qəbzi
Stock Entry {0} created,Stok Qəbzi {0} yaradıldı
Stock Entry {0} is not submitted,Stok Qəbzi {0} təsdiq edilməyib
Stock Expenses,Stok Xərcləri
Stock In Hand,Əldə olan Stok
Stock Items,Stok Materialları
Stock Ledger,Stok Hərəkət Jurnalı
Stock Ledger Entries and GL Entries are reposted for the selected Purchase Receipts,Seçilmiş Satınalma Qəbzləri üçün Stok Jurnalı və Baş Kitab qeydləri yenidən daxil edildi
Stock Levels,Stok Səviyyələri
Stock Liabilities,Stok Öhdəlikləri
Stock Qty,Stok Miqdarı
Stock Received But Not Billed,Stok Qəbul Edilib lakin Fakturalanmayıb
Stock Reports,Stok Hesabatları
Stock Summary,Stok Xülasəsi
Stock Transactions,Stok Əməliyyatları
Stock UOM,Stok Vahidi
Stock Value,Stok Dəyəri
Stock balance in Batch {0} will become negative {1} for Item {2} at Warehouse {3},{3} anbarında {2} materialı üçün {0} partiyasındakı stok balansı mənfi {1} olacak
Stock cannot be updated against Delivery Note {0},Stok Satış Qaiməsi {0} üzrə yenilənə bilməz
Stock cannot be updated against Purchase Receipt {0},Stok Satınalma Qaiməsi {0} üzrə yenilənə bilməz
Stock cannot exist for Item {0} since has variants,Variantları olduğu üçün {0} materialı üçün stok mövcud ola bilməz
Stock transactions before {0} are frozen,{0} tarixindən əvvəlki stok əməliyyatları dondurulub
Stop,Dayandır
Stopped,Dayandırıldı
"Stopped Work Order cannot be cancelled, Unstop it first to cancel","Dayandırılmış İş Sifarişi ləğv edilə bilməz, ləğv etmək üçün əvvəlcə onu aktivləşdirin"
Stores,Mağazalar
Student,Tələbə
Student Activity,Tələbə Fəaliyyəti
Student Address,Tələbə Ünvanı
Student Admissions,Tələbə Qəbulları
Student Attendance,Tələbə Davamiyyəti
"Student Batches help you track attendance, assessments and fees for students","Tələbə Partiyaları tələbələrin davamiyyətini, qiymətləndirilməsini və ödənişlərini izləməyə kömək edir"
Student Email Address,Tələbə E-poçt Ünvanı
Student Email ID,Tələbə E-poçt ID-si
Student Group,Tələbə Qrupu
Student Group Strength,Tələbə Qrupunun Tutumu
Student Group is already updated.,Tələbə Qrupu artıq yenilənib.
Student Group:,Tələbə Qrupu:
Student ID,Tələbə ID-si
Student ID:,Tələbə ID-si:
Student LMS Activity,Tələbə LMS Fəaliyyəti
Student Mobile No.,Tələbə Mobil No.
Student Name,Tələbə Adı
Student Name:,Tələbə Adı:
Student Report Card,Tələbə Qiymət Cədvəli
Student is already enrolled.,Tələbə artıq qeydiyyatdan keçib.
Student {0} - {1} appears Multiple times in row {2} & {3},Tələbə {0} - {1} {2} və {3} sətrində bir neçə dəfə görünür
Student {0} does not belong to group {1},Tələbə {0} {1} qrupuna aid deyil
Student {0} exist against student applicant {1},Tələbə {0} tələbə müraciətçisi {1} üzrə mövcuddur
"Students are at the heart of the system, add all your students","Tələbələr sistemin mərkəzindədir, bütün tələbələrinizi əlavə edin"
Sub Assemblies,Alt Assambleyalar
Sub Type,Alt Növ
Sub-contracting,Subpodratçılıq
Subcontract,Subpodrat
Subject,Mövzu
Submit,Təsdiq Et
Submit this Work Order for further processing.,Daha sonra emal üçün bu İş Sifarişini təsdiq edin.
Subscription,Abunəlik
Subscription Management,Abunəlik İdarəetməsi
Subscriptions,Abunəliklər
Subtotal,Net Məbləğ
Successful,Uğurlu
Successfully Reconciled,Uğurla Üzləşdirildi
Successfully Set Supplier,Təchizatçı Uğurla Təyin Edildi
Successfully created payment entries,Ödəniş qeydləri uğurla yaradıldı
Successfully deleted all transactions related to this company!,Bu şirkətlə bağlı bütün əməliyyatlar uğurla silindi!
Sum of Scores of Assessment Criteria needs to be {0}.,Qiymətləndirmə Meyarlarının Ballarının Cəmi {0} olmalıdır.
Sum of points for all goals should be 100. It is {0},Bütün hədəflər üçün xalların cəmi 100 olmalıdır. Hazırda {0}-dır
Summary,Xülasə
Summary for this month and pending activities,Bu ay üçün xülasə və gözləyən fəaliyyətlər
Summary for this week and pending activities,Bu həftə üçün xülasə və gözləyən fəaliyyətlər
Sunday,Bazar
Suplier,Təchizatçı
Supplier,Təchizatçı
Supplier Group,Təchizatçı Qrupu
Supplier Group master.,Təchizatçı Qrupu masteri.
Supplier Id,Təchizatçı ID-si
Supplier Invoice Date cannot be greater than Posting Date,Təchizatçı Faktura Tarixi Qeydiyyat Tarixindən böyük ola bilməz
Supplier Invoice No,Təchizatçı Faktura No
Supplier Invoice No exists in Purchase Invoice {0},Təchizatçı Faktura No {0} Satınalma Fakturasında mövcuddur
Supplier Name,Təchizatçı Adı
Supplier Part No,Təchizatçı Partiya No
Supplier Quotation,Təchizatçı Təklif Qəbzi
Supplier Scorecard,Təchizatçı Qiymətləndirmə Kartı
Supplier Warehouse mandatory for sub-contracted Purchase Receipt,Subpodrat Satınalma Qaiməsi üçün Təchizatçı Anbarı məcburidir
Supplier database.,Təchizatçı məlumat bazası.
Supplier {0} not found in {1},{0} təchizatçısı {1}-də tapılmadı
Supplier(s),Təchizatçı(lar)
Supplies made to UIN holders,UIN sahiblərinə edilən tədarüklər
Supplies made to Unregistered Persons,Qeydiyyatdan keçməmiş şəxslərə edilən tədarüklər
Suppliies made to Composition Taxable Persons,Kompozisiya Vergisi ödəyicilərinə edilən tədarüklər
Supply Type,Təchizat Növü
Support,Dəstək
Support Analytics,Dəstək Analitikası
Support Settings,Dəstək Parametrləri
Support Tickets,Dəstək Biletləri
Support queries from customers.,Müştərilərdən gələn dəstək sorğuları.
Susceptible,Həssas
Sync has been temporarily disabled because maximum retries have been exceeded,Maksimum cəhdlər sayını keçdiyi üçün sinxronizasiya müvəqqəti olaraq dayandırılıb
Syntax error in condition: {0},Şərtdə sintaksis xətası: {0}
Syntax error in formula or condition: {0},Düstur və ya şərtdə sintaksis xətası: {0}
System Manager,Sistem Meneceri
TDS Rate %,TDS Dərəcəsi %
Tap items to add them here,Materialları bura əlavə etmək üçün toxunun
Target,Hədəf
Target ({}),Hədəf ({})
Target On,Hədəf (Əsas)
Target Warehouse,Giriş Anbarı
Target warehouse is mandatory for row {0},{0} sətri üçün giriş anbarı məcburidir
Task,Tapşırıq
Tasks,Tapşırıqlar
Tasks have been created for managing the {0} disease (on row {1}),{1} sətrindəki {0} xəstəliyini idarə etmək üçün tapşırıqlar yaradıldı
Tax,Vergi
Tax Assets,Vergi Aktivləri
Tax Category,Vergi Kateqoriyası
Tax Category for overriding tax rates.,Vergi dərəcələrini ləğv etmək üçün Vergi Kateqoriyası.
"Tax Category has been changed to ""Total"" because all the Items are non-stock items","Bütün materiallar qeyri-stok materialları olduğu üçün Vergi Kateqoriyası ""Cəmi"" olaraq dəyişdirildi"
Tax ID,VÖEN
Tax Id:,VÖEN:
Tax Rate,Vergi Dərəcəsi
Tax Rule Conflicts with {0},Vergi Qaydası {0} ilə ziddiyyət təşkil edir
Tax Rule for transactions.,Əməliyyatlar üçün Vergi Qaydası.
Tax Template is mandatory.,Vergi Şablonu məcburidir.
Tax Withholding rates to be applied on transactions.,Əməliyyatlara tətbiq ediləcək vergi tutulma dərəcələri.
Tax template for buying transactions.,Alış əməliyyatları üçün vergi şablonu.
Tax template for item tax rates.,Material vergi dərəcələri üçün vergi şablonu.
Tax template for selling transactions.,Satış əməliyyatları üçün vergi şablonu.
Taxable Amount,Vergiyə cəlb olunan məbləğ
Taxes,Vergilər
Technology,Texnologiya
Telecommunications,Telekommunikasiya
Telephone Expenses,Telefon Xərcləri
Television,Televiziya
Template Name,Şablon Adı
Template of terms or contract.,Şərtlər və ya müqavilə şablonu.
Templates of supplier scorecard criteria.,Təchizatçı qiymətləndirmə kartı meyarlarının şablonları.
Templates of supplier scorecard variables.,Təchizatçı qiymətləndirmə kartı dəyişənlərinin şablonları.
Templates of supplier standings.,Təchizatçı statuslarının şablonları.
Temporarily on Hold,Müvəqqəti Gözləmədə
Temporary,Müvəqqəti
Temporary Accounts,Müvəqqəti Hesablar
Temporary Opening,Müvəqqəti Açılış
Terms and Conditions,Qaydalar və Şərtlər
Terms and Conditions Template,Qaydalar və Şərtlər Şablonu
Territory,Ərazi
Thank you for your business!,Bizimlə işlədiyiniz üçün təşəkkür edirik!
The 'From Package No.' field must neither be empty nor it's value less than 1.,'Bağlama No-dan' sahəsi nə boş olmalı, nə də dəyəri 1-dən az olmalıdır.
The Brand,Brend
The Item {0} cannot have Batch,{0} Materialının partiyası ola bilməz
The Loyalty Program isn't valid for the selected company,Sadiqlik Proqramı seçilmiş şirkət üçün etibarlı deyil
The Payment Term at row {0} is possibly a duplicate.,{0} sətrindəki Ödəniş Şərti yəqin ki, təkrardır.
The Term End Date cannot be earlier than the Term Start Date. Please correct the dates and try again.,Müddətin Bitmə Tarixi Müddətin Başlama Tarixindən əvvəl ola bilməz. Zəhmət olmasa tarixləri düzəldin və yenidən cəhd edin.
The Term End Date cannot be later than the Year End Date of the Academic Year to which the term is linked (Academic Year {}). Please correct the dates and try again.,"Müddətin Bitmə Tarixi, müddətin əlaqələndirildiyi Akademik İlin (Akademik İl {}) İl Sonu Tarixindən gec ola bilməz. Zəhmət olmasa tarixləri düzəldin və yenidən cəhd edin."
The Term Start Date cannot be earlier than the Year Start Date of the Academic Year to which the term is linked (Academic Year {}). Please correct the dates and try again.,"Müddətin Başlama Tarixi, müddətin əlaqələndirildiyi Akademik İlin (Akademik İl {}) İl Başlama Tarixindən əvvəl ola bilməz. Zəhmət olmasa tarixləri düzəldin və yenidən cəhd edin."
The Year End Date cannot be earlier than the Year Start Date. Please correct the dates and try again.,İl Sonu Tarixi İl Başlama Tarixindən əvvəl ola bilməz. Zəhmət olmasa tarixləri düzəldin və yenidən cəhd edin.
The amount of {0} set in this payment request is different from the calculated amount of all payment plans: {1}. Make sure this is correct before submitting the document.,"Bu ödəniş sorğusunda təyin edilmiş {0} məbləği bütün ödəniş planlarının hesablanmış məbləğindən fərqlidir: {1}. Sənədi təqdim etməzdən əvvəl bunun düzgün olduğundan əmin olun."
The field From Shareholder cannot be blank,Səhmdardan sahəsi boş ola bilməz
The field To Shareholder cannot be blank,Səhmdara sahəsi boş ola bilməz
The fields From Shareholder and To Shareholder cannot be blank,Səhmdardan və Səhmdara sahələri boş ola bilməz
The folio numbers are not matching,Folio nömrələri uyğun gəlmir
The holiday on {0} is not between From Date and To Date,{0} tarihindəki bayram Başlama Tarixi və Bitmə Tarixi arasında deyil
The name of the institute for which you are setting up this system.,Bu sistemi quraşdırdığınız institutun adı.
The name of your company for which you are setting up this system.,Bu sistemi quraşdırdığınız şirkətinizin adı.
The number of shares and the share numbers are inconsistent,Səhmlərin sayı və səhm nömrələri uyğunsuzluq təşkil edir
The payment gateway account in plan {0} is different from the payment gateway account in this payment request,{0} planındakı ödəniş qapısı hesabı bu ödəniş sorğusundakı ödəniş qapısı hesabından fərqlidir
The selected BOMs are not for the same item,Seçilmiş Reseptlər (BOM) eyni material üçün deyil
The selected item cannot have Batch,Seçilmiş materialın Partiyası ola bilməz
The seller and the buyer cannot be the same,Satıcı və alıcı eyni ola bilməz
The shareholder does not belong to this company,Səhmdar bu şirkətə aid deyil
The shares already exist,Səhmlər artıq mövcuddur
The shares don't exist with the {0},Səhmlər {0} ilə mövcud deyil
"The task has been enqueued as a background job. In case there is any issue on processing in background, the system will add a comment about the error on this Stock Reconciliation and revert to the Draft stage","Tapşırıq fon işi olaraq növbəyə salınıb. Arxa planda emal zamanı hər hansı bir problem yaranarsa, sistem bu Stok Sayımı üzərinə xəta haqqında şərh əlavə edəcək və Qaralama mərhələsinə qayıdacaq."
"Then Pricing Rules are filtered out based on Customer, Customer Group, Territory, Supplier, Supplier Type, Campaign, Sales Partner etc.","Sonra Qiymət Qaydaları Müştəri, Müştəri Qrupu, Ərazi, Təchizatçı, Təchizatçı Növü, Kampaniya, Satış Partnyoru və s. əsasında süzülür."
"There are inconsistencies between the rate, no of shares and the amount calculated","Qiymət, səhmlərin sayı və hesablanan məbləğ arasında uyğunsuzluqlar var"
There can be multiple tiered collection factor based on the total spent. But the conversion factor for redemption will always be same for all the tier.,Ümumi xərclərə əsaslanan çox səviyyəli toplama amili ola bilər. Ancaq istifadə üçün çevrilmə amili bütün səviyyələr üçün həmişə eyni olacaq.
There can only be 1 Account per Company in {0} {1},{0} {1}-də hər Şirkət üçün yalnız 1 Hesab ola bilər
"There can only be one Shipping Rule Condition with 0 or blank value for ""To Value""","""Məbləğdən az"" üçün 0 və ya boş dəyəri olan yalnız bir Çatdırılma Qaydası Şərti ola bilər"
There is not enough leave balance for Leave Type {0},{0} Məzuniyyət Növü üçün kifayət qədər məzuniyyət balansı yoxdur
There is nothing to edit.,Redaktə ediləcək heç nə yoxdur.
There isn't any item variant for the selected item,Seçilmiş material üçün heç bir variant yoxdur
"There seems to be an issue with the server's GoCardless configuration. Don't worry, in case of failure, the amount will get refunded to your account.","Serverin GoCardless konfiqurasiyasında problem olduğu görünür. Narahat olmayın, uğursuzluq halında məbləğ hesabınıza qaytarılacaq."
There were errors creating Course Schedule,Kurs Cədvəli yaradılarkən xətalar baş verdi
There were errors.,Xətalar var idi.
This Item is a Template and cannot be used in transactions. Item attributes will be copied over into the variants unless 'No Copy' is set,Bu Material Şablondur və əməliyyatlarda istifadə edilə bilməz. 'Kopyalanmasın' təyin edilmədiyi təqdirdə material atributları variantlara kopyalanacaq
This Item is a Variant of {0} (Template).,Bu Material {0} (Şablon) Variantıdır.
This Month's Summary,Bu Ayın Xülasəsi
This Week's Summary,Bu Həftənin Xülasəsi
This action will stop future billing. Are you sure you want to cancel this subscription?,Bu əməliyyat gələcək fakturalandırmanı dayandıracaq. Bu abunəliyi ləğv etmək istədiyinizə əminsiniz?
This covers all scorecards tied to this Setup,Bu, bu Quraşdırmaya bağlı olan bütün qiymətləndirmə kartlarını əhatə edir
This document is over limit by {0} {1} for item {4}. Are you making another {3} against the same {2}?,Bu sənəd {4} materialı üçün {0} {1} limitini aşır. Eyni {2} üçün başqa bir {3} edirsiniz?
This is a root account and cannot be edited.,Bu kök hesabdır və redaktə edilə bilməz.
This is a root customer group and cannot be edited.,Bu kök müştəri qrupudur və redaktə edilə bilməz.
This is a root department and cannot be edited.,Bu kök şöbədir və redaktə edilə bilməz.
This is a root healthcare service unit and cannot be edited.,Bu kök səhiyyə xidməti vahididir və redaktə edilə bilməz.
This is a root item group and cannot be edited.,Bu kök material qrupudur və redaktə edilə bilməz.
This is a root sales person and cannot be edited.,Bu kök satıcıdır və redaktə edilə bilməz.
This is a root supplier group and cannot be edited.,Bu kök təchizatçı qrupudur və redaktə edilə bilməz.
This is a root territory and cannot be edited.,Bu kök ərazidir və redaktə edilə bilməz.
This is an example website auto-generated from ERPNext,Bu, ERPNext-dən avtomatik yaradılmış nümunə vebsaytdır
This is based on logs against this Vehicle. See timeline below for details,Bu, bu Nəqliyyat vasitəsinə qarşı olan jurnallara əsaslanır. Təfərrüatlar üçün aşağıdakı qrafikə baxın
This is based on stock movement. See {0} for details,Bu stok hərəkətinə əsaslanır. Təfərrüatlar üçün {0}-a baxın
This is based on the Time Sheets created against this project,Bu, bu layihə üçün yaradılmış Vaxt Cədvəllərinə əsaslanır
This is based on the attendance of this Student,Bu, bu Tələbənin davamiyyətinə əsaslanır
This is based on transactions against this Customer. See timeline below for details,Bu, bu Müştəriyə qarşı olan əməliyyatlara əsaslanır. Təfərrüatlar üçün aşağıdakı qrafikə baxın
This is based on transactions against this Healthcare Practitioner.,Bu, bu Tibb İşçisinə qarşı olan əməliyyatlara əsaslanır.
This is based on transactions against this Patient. See timeline below for details,Bu, bu Pasiyentə qarşı olan əməliyyatlara əsaslanır. Təfərrüatlar üçün aşağıdakı qrafikə baxın
This is based on transactions against this Sales Person. See timeline below for details,Bu, bu Satıcıya qarşı olan əməliyyatlara əsaslanır. Təfərrüatlar üçün aşağıdakı qrafikə baxın
This is based on transactions against this Supplier. See timeline below for details,Bu, bu Təchizatçıya qarşı olan əməliyyatlara əsaslanır. Təfərrüatlar üçün aşağıdakı qrafikə baxın
This {0} conflicts with {1} for {2} {3},Bu {0}, {2} {3} üçün {1} ilə ziddiyyət təşkil edir
Time Sheet for manufacturing.,İstehsal üçün Vaxt Cədvəli.
Time Tracking,Vaxtın İzlənməsi
"Time slot skiped, the slot {0} to {1} overlap exisiting slot {2} to {3}","Vaxt slotu atlandı, {0}-{1} slotu mövcud {2}-{3} slotu ilə üst-üstə düşür"
Time slots added,Vaxt slotları əlavə edildi
Time(in mins),Vaxt (dəqiqələrlə)
Timer,Timer
Timer exceeded the given hours.,Timer verilən saatları keçdi.
Timesheet,Vaxt Cədvəli
Timesheet for tasks.,Tapşırıqlar üçün Vaxt Cədvəli.
Timesheet {0} is already completed or cancelled,Vaxt Cədvəli {0} artıq tamamlanıb və ya ləğv edilib
Timesheets,Vaxt Cədvəlləri
"Timesheets help keep track of time, cost and billing for activites done by your team","Vaxt Cədvəlləri komandanız tərəfindən yerinə yetirilən fəaliyyətlər üçün vaxtı, xərcləri və fakturaları izləməyə kömək edir"
Titles for print templates e.g. Proforma Invoice.,Çap şablonları üçün başlıqlar, məsələn Proforma Faktura.
To,Kimə
To Address 1,Ünvan 1 (Kimə)
To Address 2,Ünvan 2 (Kimə)
To Bill,Fakturalandırmaq üçün
To Date,Bitmə Tarixi
To Date cannot be before From Date,Bitmə Tarixi Başlama Tarixindən əvvəl ola bilməz
To Date cannot be less than From Date,Bitmə Tarixi Başlama Tarixindən az ola bilməz
To Date must be greater than From Date,Bitmə Tarixi Başlama Tarixindən böyük olmalıdır
To Date should be within the Fiscal Year. Assuming To Date = {0},Bitmə Tarixi Maliyyə İli daxilində olmalıdır. Bitmə Tarixi = {0} hesab edilir
To Datetime,Bitmə Tarix-Saat
To Deliver,Çatdırmaq üçün
To Deliver and Bill,Çatdırmaq və Fakturalandırmaq üçün
To Fiscal Year,Maliyyə İlinə
To GSTIN,GSTIN-ə
To Party Name,Tərəfin Adına
To Pin Code,Pin Koda
To Place,Yerə
To Receive,Qəbul etmək üçün
To Receive and Bill,Qəbul etmək və Fakturalandırmaq üçün
To State,Ştata
To Warehouse,Anbara
To create a Payment Request reference document is required,Ödəniş Sorğusu yaratmaq üçün istinad sənədi tələb olunur
"To filter based on Party, select Party Type first","Tərəfə görə süzgəcdən keçirmək üçün əvvəlcə Tərəf Növünü seçin"
"To get the best out of ERPNext, we recommend that you take some time and watch these help videos.","ERPNext-dən maksimum yararlanmaq üçün bir az vaxt ayırıb bu kömək videolarına baxmağınızı tövsiyə edirik."
"To include tax in row {0} in Item rate, taxes in rows {1} must also be included","{0} sətrindəki vergini Material qiymətinə daxil etmək üçün, {1} sətrindəki vergilər də daxil edilməlidir"
To make Customer based incentive schemes.,Müştəri əsaslı həvəsləndirmə sxemləri yaratmaq üçün.
"To merge, following properties must be same for both items","Birləşdirmək üçün hər iki materialın aşağıdakı xüsusiyyətləri eyni olmalıdır"
"To not apply Pricing Rule in a particular transaction, all applicable Pricing Rules should be disabled.","Müəyyən bir əməliyyatda Qiymət Qaydasını tətbiq etməmək üçün bütün tətbiq olunan Qiymət Qaydaları deaktiv edilməlidir."
"To set this Fiscal Year as Default, click on 'Set as Default'","Bu Maliyyə İlini İlkin olaraq təyin etmək üçün 'İlkin olaraq Təyin Et' düyməsinə klikləyin"
To view logs of Loyalty Points assigned to a Customer.,Müştəriyə təyin edilmiş Sadiqlik Xallarının jurnallarına baxmaq üçün.
To {0},Kimə {0}
To {0} | {1} {2},Kimə {0} | {1} {2}
Toggle Filters,Filtrləri Aç/Bağla
Too many columns. Export the report and print it using a spreadsheet application.,Çoxlu sütun var. Hesabatı ixrac edin və cədvəl tətbiqi istifadə edərək çap edin.
Tools,Alətlər
Total (Credit),Cəmi (Kredit)
Total (Without Tax),Cəmi (Vergisiz)
Total Achieved,Cəmi Əldə Edilən
Total Actual,Cəmi Faktiki
Total Amount,Ümumi Məbləğ
Total Amount Credited,Cəmi Kreditləşdirilmiş Məbləğ
Total Applicable Charges in Purchase Receipt Items table must be same as Total Taxes and Charges,Satınalma Qaiməsi Materialları cədvəlindəki Cəmi Tətbiq Olunan Xərclər Ümumi Vergilər və Məsrəflər ilə eyni olmalıdır
Total Budget,Ümumi Büdcə
Total Collected: {0},Cəmi Toplanmış: {0}
Total Commission,Ümumi Komissiya
Total Contribution Amount: {0},Ümumi Töhfə Məbləği: {0}
Total Credit/ Debit Amount should be same as linked Journal Entry,Ümumi Kredit / Debet Məbləği əlaqəli Uçot Qəbzi ilə eyni olmalıdır
Total Debit must be equal to Total Credit. The difference is {0},Ümumi Debet Ümumi Kreditə bərabər olmalıdır. Fərq {0}-dır
Total Invoiced Amount,Ümumi Fakturalanmış Məbləğ
Total Order Considered,Nəzərə Alınan Ümumi Sifariş
Total Order Value,Ümumi Sifariş Dəyəri
Total Outgoing,Ümumi Çıxış
Total Outstanding,Ümumi Ödənilməmiş
Total Outstanding Amount,Ümumi Ödənilməmiş Məbləğ
Total Outstanding: {0},Ümumi Ödənilməmiş: {0}
Total Paid Amount,Ümumi Ödənilmiş Məbləğ
Total Payment Amount in Payment Schedule must be equal to Grand / Rounded Total,Ödəniş Cədvəlindəki Ümumi Ödəniş Məbləği Yekun / Yuvarlaqlaşdırılmış Cəmə bərabər olmalıdır
Total Payments,Ümumi Ödənişlər
Total Qty,Ümumi Miqdar
Total Quantity,Ümumi Miqdar
Total Revenue,Ümumi Gəlir
Total Student,Cəmi Tələbə
Total Target,Ümumi Hədəf
Total Tax,Ümumi Vergi
Total Taxable Amount,Ümumi Vergiyə Cəlb Olunan Məbləğ
Total Taxable Value,Ümumi Vergiyə Cəlb Olunan Dəyər
Total Unpaid: {0},Cəmi Ödənilməmiş: {0}
Total Variance,Ümumi Fərq
Total Weightage of all Assessment Criteria must be 100%,Bütün Qiymətləndirmə Meyarlarının Ümumi Çəkisi 100% olmalıdır
Total advance ({0}) against Order {1} cannot be greater than the Grand Total ({2}),{1} Sifarişi üzrə ümumi avans ({0}) Yekun Cəmdən ({2}) çox ola bilməz
Total advance amount cannot be greater than total claimed amount,Ümumi avans məbləği ümumi tələb olunan məbləğdən çox ola bilməz
Total allocated leaves are more days than maximum allocation of {0} leave type for employee {1} in the period,Ümumi təsis edilmiş məzuniyyətlər, {1} işçisi üçün dövr ərzində {0} məzuniyyət növünün maksimum təyinatından daha çox gündür
Total allocated leaves are more than days in the period,Ümumi təsis edilmiş məzuniyyətlər dövr ərzindəki günlərdən daha çoxdur
Total allocated percentage for sales team should be 100,Satış komandası üçün ümumi ayrılan faiz 100 olmalıdır
Total cannot be zero,Cəm sıfır ola bilməz
Total contribution percentage should be equal to 100,Ümumi töhfə faizi 100-ə bərabər olmalıdır
Total hours: {0},Ümumi saatlar: {0}
Total {0} ({1}),Cəmi {0} ({1})
"Total {0} for all items is zero, may be you should change 'Distribute Charges Based On'","Bütün materiallar üçün Ümumi {0} sıfırdır, bəlkə 'Xərcləri Buna Əsasən Paylaşdır' seçimini dəyişdirməlisiniz"
Total(Amt),Cəmi (Məb)
Total(Qty),Cəmi (Miq)
Traceability,İzləniləbilirlik
Track Leads by Lead Source.,Potensial müştəriləri Mənbəyə görə izləyin.
Transaction,Əməliyyat
Transaction Date,Əməliyyat Tarixi
Transaction Type,Əməliyyat Növü
Transaction currency must be same as Payment Gateway currency,Əməliyyat valyutası Ödəniş Qapısı valyutası ilə eyni olmalıdır
Transaction not allowed against stopped Work Order {0},Dayandırılmış İş Sifarişi {0} üzrə əməliyyata icazə verilmir
Transaction reference no {0} dated {1},{1} tarixli {0} nömrəli əməliyyat istinadı
Transactions,Əməliyyatlar
Transactions can only be deleted by the creator of the Company,Əməliyyatlar yalnız Şirkətin yaradıcısı tərəfindən silinə bilər
Transfer,Transfer
Transfer Material,Material Transferi
Transfer Type,Transfer Növü
Transfer an asset from one warehouse to another,Aktivi bir anbardan digərinə transfer edin
Transfered,Transfer edildi
Transferred Quantity,Transfer edilmiş Miqdar
Transport Receipt Date,Nəqliyyat qəbzi tarixi
Transport Receipt No,Nəqliyyat qəbzi nömrəsi
Transportation,Daşınma
Transporter ID,Nəqliyyatçı ID-si
Transporter Name,Nəqliyyatçı Adı
Travel Expenses,Səyahət Xərcləri
Tree Type,Ağac Növü
Tree of Bill of Materials,Materiallar Siyahısı Ağacı
Tree of Item Groups.,Material Qrupları Ağacı.
Tree of Procedures,Prosedurlar Ağacı
Tree of Quality Procedures.,Keyfiyyət Prosedurları Ağacı.
Tree of financial Cost Centers.,Maliyyə Xərc Mərkəzləri Ağacı.
Tree of financial accounts.,Maliyyə hesabları Ağacı.
Treshold {0}% appears more than once,Hədd {0}% bir neçə dəfə görünür
Trial Period End Date Cannot be before Trial Period Start Date,Sınaq Müddətinin Bitmə Tarixi Sınaq Müddətinin Başlama Tarixindən əvvəl ola bilməz
Trialling,Sınaq
Type of Business,Biznes Növü
Types of activities for Time Logs,Vaxt Jurnalları üçün fəaliyyət növləri
UOM,Vahid
UOM Conversion factor is required in row {0},{0} sətrində Vahid Çevrilmə əmsalı tələb olunur
UOM coversion factor required for UOM: {0} in Item: {1},Material: {1}-də Vahid: {0} üçün Vahid çevrilmə əmsalı tələb olunur
URL,URL
Unable to find exchange rate for {0} to {1} for key date {2}. Please create a Currency Exchange record manually,"Açar tarix {2} üçün {0}-dən {1}-ə məzənnə tapılmadı. Zəhmət olmasa Valyuta Mübadiləsi qeydini əl ilə yaradın"
Unable to find score starting at {0}. You need to have standing scores covering 0 to 100,{0}-dan başlayan bal tapılmadı. 0-dan 100-ə qədər olan status ballarına sahib olmalısınız
Unable to find variable:,Dəyişən tapılmadı:
Unblock Invoice,Faktura Blokunu Aç
Uncheck all,Hamısını işarədən çıxar
Unclosed Fiscal Years Profit / Loss (Credit),Bağlanmamış Maliyyə İllərinin Mənfəəti / Zərəri (Kredit)
Unit,Vahid
Unit of Measure,Ölçü Vahidi
Unit of Measure {0} has been entered more than once in Conversion Factor Table,Ölçü Vahidi {0} Çevrilmə Əmsalı Cədvəlində bir neçə dəfə daxil edilib
Unknown,Naməlum
Unpaid,Ödənilməmiş
Unsecured Loans,Təminatsız Kreditlər
Unsubscribe from this Email Digest,Bu E-poçt Xülasəsindən abunəliyi ləğv et
Unsubscribed,Abunəlik ləğv edildi
Until,Qədər
Unverified Webhook Data,Təsdiqlənməmiş Vebhuk Məlumatları
Update Account Name / Number,Hesab Adını / Nömrəsini Yenilə
Update Account Number / Name,Hesab Nömrəsini / Adını Yenilə
Update Cost,Dəyəri Yenilə
Update Items,Materialları Yenilə
Update Print Format,Çap Formatını Yenilə
Update bank payment dates with journals.,Bank ödəniş tarixlərini jurnallarla yeniləyin.
Update in progress. It might take a while.,Yeniləmə davam edir. Bu bir az vaxt apara bilər.
Update rate as per last purchase,Son alışa uyğun qiyməti yenilə
Update stock must be enable for the purchase invoice {0},Satınalma fakturası {0} üçün stok yeniləməsi aktiv olmalıdır
Updating Variants...,Variantlar yenilənir...
Upload your letter head and logo. (you can edit them later).,Sənəd başlığınızı və loqonuzu yükləyin. (onları daha sonra redaktə edə bilərsiniz).
Upper Income,Yuxarı Gəlir
Use Sandbox,Sandbox İstifadə Et
User,İstifadəçi
User ID,İstifadəçi ID-si
User ID not set for Employee {0},{0} İşçisi üçün İstifadəçi ID-si təyin edilməyib
User Remark,İstifadəçi Qeydi
User has not applied rule on the invoice {0},İstifadəçi {0} fakturasına qayda tətbiq etməyib
User {0} already exists,İstifadəçi {0} artıq mövcuddur
User {0} created,İstifadəçi {0} yaradıldı
User {0} does not exist,İstifadəçi {0} mövcud deyil
User {0} doesn't have any default POS Profile. Check Default at Row {1} for this User.,"{0} İstifadəçisinin heç bir ilkin POS Profili yoxdur. Bu İstifadəçi üçün Sətir {1}-də İlkini yoxlayın."
User {0} is already assigned to Employee {1},İstifadəçi {0} artıq {1} İşçisinə təyin edilib
User {0} is already assigned to Healthcare Practitioner {1},İstifadəçi {0} artıq {1} Tibb İşçisinə təyin edilib
Users,İstifadəçilər
Utility Expenses,Kommunal Xərclər
Valid From Date must be lesser than Valid Upto Date.,Etibarlılıq Başlama Tarixi Etibarlılıq Bitmə Tarixindən kiçik olmalıdır.
Valid Till,Tarixə qədər etibarlıdır
Valid from and valid upto fields are mandatory for the cumulative,Kumulyativ üçün etibarlılıq başlama və bitmə tarixləri məcburidir
Valid from date must be less than valid upto date,Etibarlılıq başlama tarixi etibarlılıq bitmə tarixindən az olmalıdır
Valid till date cannot be before transaction date,Etibarlılıq bitmə tarixi əməliyyat tarixindən əvvəl ola bilməz
Validity,Etibarlılıq
Validity period of this quotation has ended.,Bu təklifin etibarlılıq müddəti bitib.
Valuation Rate,Maya Qiyməti
Valuation Rate is mandatory if Opening Stock entered,Açılış Stoku daxil edilibsə, Maya Qiyməti məcburidir
Valuation type charges can not marked as Inclusive,Qiymətləndirmə tipli xərclər Daxildir kimi qeyd edilə bilməz
Value Or Qty,Dəyər Və ya Miqdar
Value Proposition,Dəyər Təklifi
Value for Attribute {0} must be within the range of {1} to {2} in the increments of {3} for Item {4},"{4} Materialı üçün {0} Atributunun dəyəri {1} ilə {2} aralığında, {3} artımlarla olmalıdır"
Value must be between {0} and {1},Dəyər {0} və {1} arasında olmalıdır
"Values of exempt, nil rated and non-GST inward supplies","Azad edilmiş, sıfır dərəcəli və GST-siz daxil olan təchizatların dəyərləri"
Variance,Fərq
Variance ({}),Fərq ({})
Variant,Variant
Variant Attributes,Variant Atributları
Variant Based On cannot be changed,Variant Əsası dəyişdirilə bilməz
Variant Details Report,Variant Təfərrüatları Hesabatı
Variant creation has been queued.,Variant yaradılması növbəyə salındı.
Vehicle Expenses,Nəqliyyat Xərcləri
Vehicle No,Nəqliyyat vasitəsi No
Vehicle Type,Nəqliyyat Növü
Vehicle/Bus Number,Nəqliyyat/Avtobus Nömrəsi
Venture Capital,Vençur Kapitalı
View Chart of Accounts,Hesablar Planına Bax
View Fees Records,Ödəniş Qeydlərinə Bax
View Form,Formaya Bax
View Lab Tests,Laboratoriya Testlərinə Bax
View Leads,Potensial Müştərilərə Bax
View Ledger,Reyestrə Bax
View Now,İndi Bax
View a list of all the help videos,Bütün kömək videolarının siyahısına baxın
View in Cart,Səbətdə Bax
Visit report for maintenance call.,Texniki xidmət çağırışı üçün ziyarət hesabatı.
Visit the forums,Forumlara baş çəkin
Vital Signs,Həyati Göstəricilər
Volunteer,Könüllü
Volunteer Type information.,Könüllü Növü məlumatı.
Volunteer information.,Könüllü məlumatı.
Voucher #,Sənəd #
Voucher No,Sənəd Nömrəsi
Voucher Type,Sənəd Növü
WIP Warehouse,Yarımçıq İstehsalat Anbarı
Warehouse can not be deleted as stock ledger entry exists for this warehouse.,Bu anbar üçün stok reyestri qeydi olduğu üçün anbar silinə bilməz.
Warehouse cannot be changed for Serial No.,Seriya Nömrəsi üçün anbar dəyişdirilə bilməz.
Warehouse is mandatory,Anbar məcburidir
Warehouse is mandatory for stock Item {0} in row {1},{1} sətrindəki stok Materialı {0} üçün anbar məcburidir
Warehouse not found in the system,Anbar sistemdə tapılmadı
"Warehouse required at Row No {0}, please set default warehouse for the item {1} for the company {2}","Sətir No {0}-da anbar tələb olunur, zəhmət olmasa {2} şirkəti üçün {1} materialına ilkin anbar təyin edin"
Warehouse required for stock Item {0},Stok Materialı {0} üçün anbar tələb olunur
Warehouse {0} can not be deleted as quantity exists for Item {1},"{1} Materialı üçün miqdar olduğu üçün {0} Anbarı silinə bilməz"
Warehouse {0} does not belong to company {1},{0} Anbarı {1} şirkətinə aid deyil
Warehouse {0} does not exist,{0} Anbarı mövcud deyil
"Warehouse {0} is not linked to any account, please mention the account in  the warehouse record or set default inventory account in company {1}.","{0} Anbarı heç bir hesabla əlaqələndirilməyib, zəhmət olmasa anbar qeydində hesabı qeyd edin və ya {1} şirkətində ilkin inventar hesabını təyin edin."
Warehouses with child nodes cannot be converted to ledger,Alt düyünləri olan anbarlar reyestrə çevrilə bilməz
Warehouses with existing transaction can not be converted to group.,Mövcud əməliyyatı olan anbarlar qrupa çevrilə bilməz.
Warehouses with existing transaction can not be converted to ledger.,Mövcud əməliyyatı olan anbarlar reyestrə çevrilə bilməz.
Warning,Xəbərdarlıq
Warning: Another {0} # {1} exists against stock entry {2},Xəbərdarlıq: {2} stok qəbzinə qarşı başqa {0} # {1} mövcuddur
Warning: Invalid SSL certificate on attachment {0},Xəbərdarlıq: {0} əlavəsində etibarsız SSL sertifikatı
Warning: Invalid attachment {0},Xəbərdarlıq: Etibarsız əlavə {0}
Warning: Material Requested Qty is less than Minimum Order Qty,Xəbərdarlıq: Material Tələb Olunan Miqdar Minimum Sifariş Miqdarından azdır
Warning: Sales Order {0} already exists against Customer's Purchase Order {1},Xəbərdarlıq: Müştərinin Satınalma Sifarişi {1} qarşılığında Satış Sifarişi {0} artıq mövcuddur
Warning: System will not check overbilling since amount for Item {0} in {1} is zero,Xəbərdarlıq: {1}-də {0} Materialı üçün məbləğ sıfır olduğu üçün sistem artıq fakturalandırmanı yoxlamayacaq
Warranty,Zəmanət
Warranty Claim,Zəmanət Tələbi
"Warranty Claim against Serial No.","Seriya Nömrəsinə qarşı Zəmanət Tələbi"
"Website","Vebsayt"
"Website Image should be a public file or website URL","Vebsayt Şəkli ictimai fayl və ya vebsayt URL-i olmalıdır"
"Website Image {0} attached to Item {1} cannot be found","{1} Materialına əlavə edilmiş {0} Vebsayt Şəkli tapılmadı"
"Website Manager","Vebsayt Meneceri"
"Website Settings","Vebsayt Parametrləri"
"Wednesday","Çərşənbə"
"Week","Həftə"
"Weekly","Həftəlik"
"Weight is mentioned,
Please mention "Weight UOM" too","Çəki qeyd olunub,
Zəhmət olmasa "Çəki Vahidi"ni də qeyd edin"
"Welcome email sent","Xoş gəldin e-poçtu göndərildi"
"Welcome to ERPNext","ERPNext-ə Xoş Gəlmisiniz"
"What do you need help with?","Sizə nə ilə bağlı kömək lazımdır?"
"What does it do?","Bu nə edir?"
"Where manufacturing operations are carried.","İstehsal əməliyyatlarının aparıldığı yer."
"White","Ağ"
"Wire Transfer","Bank Köçürməsi"
"WooCommerce Products","WooCommerce Məhsulları"
"Work In Progress","Natamam İstehsal"
"Work Order","İş Sifarişi"
"Work Order already created for all items with BOM","BOM olan bütün materiallar üçün İş Sifarişi artıq yaradılıb"
"Work Order cannot be raised against a Item Template","Material Şablonuna qarşı İş Sifarişi qaldırıla bilməz"
"Work Order has been {0}","İş Sifarişi {0}"
"Work Order not created","İş Sifarişi yaradılmadı"
"Work Order {0} must be cancelled before cancelling this Sales Order","Bu Satış Sifarişini ləğv etməzdən əvvəl İş Sifarişi {0} ləğv edilməlidir"
"Work Order {0} must be submitted","İş Sifarişi {0} təsdiq edilməlidir"
"Work Orders Created: {0}","Yaradılan İş Sifarişləri: {0}"
"Work-in-Progress Warehouse is required before Submit","Təsdiq etməzdən əvvəl Natamam İstehsal Anbarı tələb olunur"
"Working","İşləyir"
"Working Hours","İş Saatları"
"Workstation","İş Stansiyası"
"Workstation is closed on the following dates as per Holiday List: {0}","Tətil Siyahısına əsasən İş Stansiyası aşağıdakı tarixlərdə bağlıdır: {0}"
"Wrapping up","Yekunlaşdırılır"
"Wrong Password","Yanlış Şifrə"
"Year start date or end date is overlapping with {0}. To avoid please set company","İl başlanğıc tarixi və ya bitmə tarixi {0} ilə üst-üstə düşür. Bunun qarşısını almaq üçün şirkəti təyin edin"
"You are not authorized to add or update entries before {0}","{0} tarixindən əvvəl qeydlər əlavə etmək və ya yeniləmək səlahiyyətiniz yoxdur"
"You are not authorized to set Frozen value","Dondurulmuş dəyəri təyin etmək səlahiyyətiniz yoxdur"
"You can not change rate if BOM mentioned agianst any item","Hər hansı materiala qarşı BOM qeyd olunubsa, qiyməti dəyişə bilməzsiniz"
"You can not enter current voucher in 'Against Journal Entry' column","'Uçot Qəbzinə Qarşı' sütununda cari sənədi daxil edə bilməzsiniz"
"You can only have Plans with the same billing cycle in a Subscription","Abunəlikdə yalnız eyni faktura dövrü olan Planlara sahib ola bilərsiniz"
"You can only redeem max {0} points in this order.","Bu sifarişdə maksimum {0} xal istifadə edə bilərsiniz."
"You can only renew if your membership expires within 30 days","Yalnız üzvlüyünüz 30 gün ərzində bitdikdə yeniləyə bilərsiniz"
"You can only select a maximum of one option from the list of check boxes.","Qutular siyahısından maksimum bir seçim edə bilərsiniz."
"You can't redeem Loyalty Points having more value than the Grand Total.","Ümumi Cəmdən daha çox dəyərə malik Sadiqlik Xallarını istifadə edə bilməzsiniz."
"You cannot credit and debit same account at the same time","Eyni hesabı eyni vaxtda kredit və debet edə bilməzsiniz"
"You cannot delete Fiscal Year {0}. Fiscal Year {0} is set as default in Global Settings","{0} Maliyyə İlini silə bilməzsiniz. {0} Maliyyə İli Qlobal Parametrlərdə standart olaraq təyin edilib"
"You cannot delete Project Type 'External'","'Xarici' Layihə Növünü silə bilməzsiniz"
"You cannot edit root node.","Kök qovşağı redaktə edə bilməzsiniz."
"You cannot restart a Subscription that is not cancelled.","Ləğv edilməmiş Abunəliyi yenidən başlada bilməzsiniz."
"You don't have enough Loyalty Points to redeem","İstifadə etmək üçün kifayət qədər Sadiqlik Xalınız yoxdur"
"You have already assessed for the assessment criteria {}.","{0} qiymətləndirmə meyarları üzrə artıq qiymətləndirmisiniz."
"You have already selected items from {0} {1}","{0} {1}-dən materialları artıq seçmisiniz"
"You have been invited to collaborate on the project: {0}","Siz layihədə əməkdaşlıq etmək üçün dəvət olunmusunuz: {0}"
"You have entered duplicate items. Please rectify and try again.","Siz təkrarlanan materiallar daxil etmisiniz. Zəhmət olmasa düzəldin və yenidən cəhd edin."
"You need to be a user other than Administrator with System Manager and Item Manager roles to register on Marketplace.","Marketplace-də qeydiyyatdan keçmək üçün Administrator-dan fərqli, Sistem Meneceri və Material Meneceri rollarına malik istifadəçi olmalısınız."
"You need to be a user with System Manager and Item Manager roles to add users to Marketplace.","Marketplace-ə istifadəçi əlavə etmək üçün Sistem Meneceri və Material Meneceri rollarına malik istifadəçi olmalısınız."
"You need to be a user with System Manager and Item Manager roles to register on Marketplace.","Marketplace-də qeydiyyatdan keçmək üçün Sistem Meneceri və Material Meneceri rollarına malik istifadəçi olmalısınız."
"You need to enable Shopping Cart","Alış-veriş Səbətini aktivləşdirməlisiniz"
"You will lose records of previously generated invoices. Are you sure you want to restart this subscription?","Əvvəllər yaradılmış fakturaların qeydlərini itirəcəksiniz. Bu abunəliyi yenidən başlatmaq istədiyinizə əminsiniz?"
"Your Organization","Təşkilatınız"
"Your cart is Empty","Səbətiniz boşdur"
"Your email address...","E-poçt ünvanınız..."
"Your order is out for delivery!","Sifarişiniz çatdırılmaq üzrədir!"
"Your tickets","Sizin biletləriniz"
"ZIP Code","Poçt İndeksi"
"[Error]","[Xəta]"
"[{0}](#Form/Item/{0}) is out of stock","[{0}](#Form/Item/{0}) stokda yoxdur"
`Freeze Stocks Older Than` should be smaller than %d days.`,`Dondurulmuş Stoklar` %d gündən az olmalıdır.
"based_on","əsasında"
"cannot be greater than 100","100-dən böyük ola bilməz"
"disabled user","deaktiv edilmiş istifadəçi"
"e.g. ""Build tools for builders""","məs. ""İnşaatçılar üçün tikinti alətləri"""
"e.g. ""Primary School"" or ""University""","məs. ""İbtidai Məktəb"" və ya ""Universitet"""
"e.g. Bank, Cash, Credit Card","məs. Bank, Nağd, Kredit Kartı"
"hidden","gizli"
"modified","dəyişdirildi"
"old_parent","köhnə_ana"
"on","tarixində"
"{0} '{1}' is disabled","{0} '{1}' deaktivdir"
"{0} '{1}' not in Fiscal Year {2}","{0} '{1}' {2} Maliyyə İlində deyil"
"{0} ({1}) cannot be greater than planned quantity ({2}) in Work Order {3}","{3} İş Sifarişində {0} ({1}) planlaşdırılmış miqdardan ({2}) böyük ola bilməz"
"{0} - {1} is inactive student","{0} - {1} qeyri-aktiv tələbədir"
"{0} - {1} is not enrolled in the Batch {2}","{0} - {1} {2} Partiyasına qeydiyyatdan keçməyib"
"{0} - {1} is not enrolled in the Course {2}","{0} - {1} {2} Kursuna qeydiyyatdan keçməyib"
"{0} Budget for Account {1} against {2} {3} is {4}. It will exceed by {5}","{2} {3} üzrə {1} Hesabı üçün {0} Büdcəsi {4}-dür. {5} qədər aşılacaq"
"{0} Digest","{0} İcmalı"
"{0} Request for {1}","{1} üçün {0} Sorğusu"
"{0} Result submittted","{0} Nəticəsi təqdim edildi"
"{0} Serial Numbers required for Item {1}. You have provided {2}.","{1} Materialı üçün {0} Seriya Nömrəsi tələb olunur. Siz {2} təqdim etmisiniz."
"{0} Student Groups created.","{0} Tələbə Qrupu yaradıldı."
"{0} Students have been enrolled","{0} Tələbə qeydiyyata alındı"
"{0} against Bill {1} dated {2}","{2} tarixli {1} Fakturasına qarşı {0}"
"{0} against Purchase Order {1}","{1} Satınalma Sifarişinə qarşı {0}"
"{0} against Sales Invoice {1}","{1} Satış Fakturasına qarşı {0}"
"{0} against Sales Order {1}","{1} Satış Sifarişinə qarşı {0}"
"{0} asset cannot be transferred","{0} aktivi transfer edilə bilməz"
"{0} can not be negative","{0} mənfi ola bilməz"
"{0} created","{0} yaradıldı"
"{0} currently has a {1} Supplier Scorecard standing, and Purchase Orders to this supplier should be issued with caution.","{0} hazırda {1} Təchizatçı Qiymətləndirmə Kartı statusuna malikdir və bu təchizatçıya Satınalma Sifarişləri ehtiyatla verilməlidir."
"{0} currently has a {1} Supplier Scorecard standing, and RFQs to this supplier should be issued with caution.","{0} hazırda {1} Təchizatçı Qiymətləndirmə Kartı statusuna malikdir və bu təchizatçıya Sorğular (RFQ) ehtiyatla verilməlidir."
"{0} does not belong to Company {1}","{0} {1} Şirkətinə aid deyil"
"{0} does not have a Healthcare Practitioner Schedule. Add it in Healthcare Practitioner master","{0} üçün Tibb İşçisi Cədvəli yoxdur. Bunu Tibb İşçisi əsas məlumatlarında əlavə edin"
"{0} entered twice in Item Tax","{0} Material Vergisində iki dəfə daxil edilib"
"{0} for {1}","{1} üçün {0}"
"{0} has been submitted successfully","{0} uğurla təsdiq edildi"
"{0} has fee validity till {1}","{0} {1} tarixinə qədər ödəniş etibarlılığına malikdir"
"{0} hours","{0} saat"
"{0} in row {1}","{1} sətrində {0}"
"{0} is blocked so this transaction cannot proceed","{0} bloklandığı üçün bu əməliyyat davam etdirilə bilməz"
"{0} is mandatory","{0} məcburidir"
"{0} is mandatory for Item {1}","{1} Materialı üçün {0} məcburidir"
"{0} is mandatory. Maybe Currency Exchange record is not created for {1} to {2}.","{0} məcburidir. Ola bilsin ki, {1}-dən {2}-ə Valyuta Mübadiləsi qeydi yaradılmayıb."
"{0} is not a stock Item","{0} stok Materialı deyil"
"{0} is not a valid Batch Number for Item {1}","{0}, {1} Materialı üçün etibarlı Partiya Nömrəsi deyil"
"{0} is not added in the table","{0} cədvələ əlavə edilməyib"
"{0} is now the default Fiscal Year. Please refresh your browser for the change to take effect.","{0} indi standart Maliyyə İlidir. Dəyişikliyin qüvvəyə minməsi üçün brauzerinizi yeniləyin."
"{0} is on hold till {1}","{0} {1} tarixinə qədər gözləmədədir"
"{0} item found.","{0} material tapıldı."
"{0} items found.","{0} material tapıldı."
"{0} items in progress","{0} material icra olunur"
"{0} items produced","{0} material istehsal olundu"
"{0} must appear only once","{0} yalnız bir dəfə görünməlidir"
"{0} must be negative in return document","{0} geri qaytarma sənədində mənfi olmalıdır"
"{0} not allowed to transact with {1}. Please change the Company.","{0} {1} ilə əməliyyat apara bilməz. Zəhmət olmasa Şirkəti dəyişin."
"{0} not found for item {1}","{1} materialı üçün {0} tapılmadı"
"{0} parameter is invalid","{0} parametri yanlışdır"
"{0} payment entries can not be filtered by {1}","{0} ödəniş qeydləri {1} ilə filtrlənə bilməz"
"{0} should be a value between 0 and 100","{0} 0 ilə 100 arasında bir dəyər olmalıdır"
"{0} units of [{1}](#Form/Item/{1}) found in [{2}](#Form/Warehouse/{2})","[{2}](#Form/Warehouse/{2}) anbarında {0} vahid [{1}](#Form/Item/{1}) tapıldı"
"{0} units of {1} needed in {2} on {3} {4} for {5} to complete this transaction.","{5} üçün bu əməliyyatı tamamlamaq məqsədilə {3} {4} tarixində {2} anbarında {0} vahid {1} lazımdır."
"{0} units of {1} needed in {2} to complete this transaction.","Bu əməliyyatı tamamlamaq üçün {2} anbarında {0} vahid {1} lazımdır."
"{0} valid serial nos for Item {1}","{1} Materialı üçün {0} etibarlı seriya nömrəsi"
"{0} variants created.","{0} variant yaradıldı."
"{0} {1} created","{0} {1} yaradıldı"
"{0} {1} does not exist","{0} {1} mövcud deyil"
"{0} {1} has been modified. Please refresh.","{0} {1} dəyişdirilib. Zəhmət olmasa yeniləyin."
"{0} {1} has not been submitted so the action cannot be completed","{0} {1} təsdiq edilmədiyi üçün əməliyyat tamamlana bilməz"
"{0} {1} is associated with {2}, but Party Account is {3}","{0} {1} {2} ilə əlaqəlidir, lakin Tərəf Hesabı {3}-dür"
"{0} {1} is cancelled or closed","{0} {1} ləğv edilib və ya bağlanıb"
"{0} {1} is cancelled or stopped","{0} {1} ləğv edilib və ya dayandırılıb"
"{0} {1} is cancelled so the action cannot be completed","{0} {1} ləğv edildiyi üçün əməliyyat tamamlana bilməz"
"{0} {1} is closed","{0} {1} bağlıdır"
"{0} {1} is disabled","{0} {1} deaktivdir"
"{0} {1} is frozen","{0} {1} dondurulub"
"{0} {1} is fully billed","{0} {1} tam fakturalanıb"
"{0} {1} is not active","{0} {1} aktiv deyil"
"{0} {1} is not associated with {2} {3}","{0} {1} {2} {3} ilə əlaqəli deyil"
"{0} {1} is not present in the parent company","{0} {1} ana şirkətdə mövcud deyil"
"{0} {1} is not submitted","{0} {1} təsdiq edilməyib"
"{0} {1} is {2}","{0} {1} {2}-dir"
"{0} {1} must be submitted","{0} {1} təsdiq edilməlidir"
"{0} {1} not in any active Fiscal Year.","{0} {1} heç bir aktiv Maliyyə İlində deyil."
"{0} {1} status is {2}","{0} {1} statusu {2}-dir"
"{0} {1}: 'Profit and Loss' type account {2} not allowed in Opening Entry","{0} {1}: 'Mənfəət və Zərər' tipli {2} hesabına Açılış Qeydində icazə verilmir"
"{0} {1}: Account {2} does not belong to Company {3}","{0} {1}: {2} Hesabı {3} Şirkətinə aid deyil"
"{0} {1}: Account {2} is inactive","{0} {1}: {2} Hesabı qeyri-aktivdir"
"{0} {1}: Accounting Entry for {2} can only be made in currency: {3}","{0} {1}: {2} üçün Mühasibat Qeydi yalnız bu valyutada edilə bilər: {3}"
"{0} {1}: Cost Center is mandatory for Item {2}","{0} {1}: {2} Materialı üçün Xərc Mərkəzi məcburidir"
"{0} {1}: Cost Center is required for 'Profit and Loss' account {2}. Please set up a default Cost Center for the Company.","{0} {1}: 'Mənfəət və Zərər' hesabı {2} üçün Xərc Mərkəzi tələb olunur. Zəhmət olmasa Şirkət üçün standart Xərc Mərkəzi təyin edin."
"{0} {1}: Cost Center {2} does not belong to Company {3}","{0} {1}: {2} Xərc Mərkəzi {3} Şirkətinə aid deyil"
"{0} {1}: Customer is required against Receivable account {2}","{0} {1}: {2} Debitor hesabı üçün Müştəri tələb olunur"
"{0} {1}: Either debit or credit amount is required for {2}","{0} {1}: {2} üçün debet və ya kredit məbləği tələb olunur"
"{0} {1}: Supplier is required against Payable account {2}","{0} {1}: {2} Kredit hesabı üçün Təchizatçı tələb olunur"
"{0}% Billed","{0}% Fakturalanıb"
"{0}% Delivered","{0}% Çatdırılıb"
"{0}: From {1}","{0}: {1}-dən"
"{0}: {1} does not exists","{0}: {1} mövcud deyil"
"{0}: {1} not found in Invoice Details table","{0}: {1} Faktura Təfərrüatları cədvəlində tapılmadı"
"{} of {}","{}-dən {}"
"Assigned To","Təyin Edilib"
"Chat","Çat"
"Completed By","Tərəfindən Tamamlanıb"
"Day of Week","Həftənin Günü"
"Dear System Manager,","Hörmətli Sistem Meneceri,"
"Default Value","İlkin Dəyər"
"Email Group","E-poçt Qrupu"
"Email Settings","E-poçt Parametrləri"
"Email not sent to {0} (unsubscribed / disabled)","{0} ünvanına e-poçt göndərilmədi (abunəlikdən çıxıb / deaktiv edilib)"
"Error Message","Xəta Mesajı"
"Fieldtype","Sahə Növü"
"Help Articles","Kömək Məqalələri"
"ID","İD"
"Import","İdxal"
"Language","Dil"
"Likes","Bəyənmələr"
"Merge with existing","Mövcud olanla birləşdir"
"Orientation","Orientasiya"
"Parent","Ana"
"Payment Failed","Ödəniş Uğursuz Oldu"
"Personal","Şəxsi"
"Post","Paylaş"
"Postal Code","Poçt İndeksi"
"Provider","Provayder"
"Read Only","Yalnız Oxuna Bilən"
"Recipient","Qəbul Edən"
"Reviews","Rəylər"
"Sender","Göndərən"
"There were errors while sending email. Please try again.","E-poçt göndərilərkən xətalar baş verdi. Zəhmət olmasa yenidən cəhd edin."
"Values Changed","Dəyərlər Dəyişdirildi"
"or","və ya"
"Ageing Range 4","Köhnəlmə Aralığı 4"
"Allocated amount cannot be greater than unadjusted amount","Təhsis olunmuş məbləğ düzəliş edilməmiş məbləğdən böyük ola bilməz"
"Allocated amount cannot be negative","Təhsis olunmuş məbləğ mənfi ola bilməz"
"Difference Account must be a Asset/Liability type account, since this Stock Entry is an Opening Entry","Fərq Hesabı Aktiv/Öhdəlik tipli hesab olmalıdır, çünki bu Stok Qeydi Açılış Qeydidir"
"Import Successful","İdxal Uğurlu Oldu"
"Please save first","Zəhmət olmasa əvvəlcə yadda saxlayın"
"Price not found for item {0} in price list {1}","{1} qiymət cədvəlində {0} materialı üçün qiymət tapılmadı"
"Warehouse Type","Anbar Növü"
"'Date' is required","'Tarix' tələb olunur"
"Budgets","Büdcələr"
"Bundle Qty","Paket Miqdarı"
"Company GSTIN","Şirkət VÖEN-i"
"Company field is required","Şirkət sahəsi tələb olunur"
"Creating Dimensions...","Xüsusiyyətlər Yaradılır..."
"Duplicate entry against the item code {0} and manufacturer {1}","{0} material kodu və {1} istehsalçısına qarşı təkrarlanan giriş"
"Invalid GSTIN! The input you've entered doesn't match the GSTIN format for UIN Holders or Non-Resident OIDAR Service Providers","Yanlış VÖEN! Daxil etdiyiniz məlumat UIN Sahibləri və ya Qeyri-Rezident OIDAR Xidmət Təminatçıları üçün VÖEN formatına uyğun gəlmir"
"Invoice Grand Total","Faktura Ümumi Cəmi"
"Last carbon check date cannot be a future date","Son karbon yoxlama tarixi gələcək tarix ola bilməz"
"Make Stock Entry","Stok Qeydi Yarat"
"Quality Feedback","Keyfiyyət Rəyi"
"Quality Feedback Template","Keyfiyyət Rəyi Şablonu"
"Rules for applying different promotional schemes.","Müxtəlif promosyon sxemlərinin tətbiqi qaydaları."
"Show {0}","{0} Göstər"
"Target Details","Hədəf Detalları"
"{0} already has a Parent Procedure {1}.","{0} artıq {1} Ana Proseduruna malikdir."
"API","API"
"Annual","İllik"
"Change","Dəyişdir"
"Contact Email","Əlaqə E-poçtu"
"From Date","Başlama Tarixi"
"Group By","Qruplaşdır"
"Invalid URL","Yanlış URL"
"Landscape","Landşaft"
"Naming Series","Adlandırma Seriyası"
"No data to export","İxrac ediləcək məlumat yoxdur"
"Portrait","Portret"
"Print Heading","Çap Başlığı"
"Scheduler Inactive","Planlaşdırıcı Qeyri-aktivdir"
"Scheduler is inactive. Cannot import data.","Planlaşdırıcı qeyri-aktivdir. Məlumat idxal edilə bilməz."
"Show Document","Sənədi Göstər"
"Show Traceback","İzləməni Göstər"
"Video","Video"
"% Of Grand Total","Ümumi Cəmin %-i"
"<b>Company</b> is a mandatory filter.","<b>Şirkət</b> məcburi filtrdir."
"<b>From Date</b> is a mandatory filter.","<b>Başlama Tarixi</b> məcburi filtrdir."
"<b>From Time</b> cannot be later than <b>To Time</b> for {0}","{0} üçün <b>Başlama Vaxtı</b> <b>Bitmə Vaxtı</b>ndan gec ola bilməz"
"<b>To Date</b> is a mandatory filter.","<b>Bitmə Tarixi</b> məcburi filtrdir."
"A new appointment has been created for you with {0}","Sizin üçün {0} ilə yeni bir görüş yaradıldı"
"Account Value","Hesab Dəyəri"
"Account is mandatory to get payment entries","Ödəniş qeydlərini almaq üçün Hesab məcburidir"
"Account is not set for the dashboard chart {0}","{0} idarəetmə paneli qrafiki üçün Hesab təyin edilməyib"
"Account {0} does not exists in the dashboard chart {1}","{0} hesabı {1} idarəetmə paneli qrafikində mövcud deyil"
"Account: <b>{0}</b> is capital Work in progress and can not be updated by Journal Entry","Hesab: <b>{0}</b> kapital Natamam İstehsal hesabıdır və Uçot Qəbzi ilə yenilənə bilməz"
"Account: {0} is not permitted under Payment Entry","Hesab: {0} Ödəniş Qəbzi altında icazə verilmir"
"Accounting Dimension <b>{0}</b> is required for 'Balance Sheet' account {1}.","'Balans Hesabatı' hesabı {1} üçün <b>{0}</b> Uçot Xüsusiyyəti tələb olunur."
"Accounting Dimension <b>{0}</b> is required for 'Profit and Loss' account {1}.","'Mənfəət və Zərər' hesabı {1} üçün <b>{0}</b> Uçot Xüsusiyyəti tələb olunur."
"Accounting Masters","Mühasibat Əsasları"
"Accounting Period overlaps with {0}","Mühasibat Dövrü {0} ilə üst-üstə düşür"
"Activity","Fəaliyyət"
"Add / Manage Email Accounts.","E-poçt Hesabları Əlavə et / İdarə et."
"Add Child","Alt Element Əlavə et"
"Add Multiple","Çoxlu Əlavə et"
"Add Participants","İştirakçıları Əlavə et"
"Add to Featured Item","Seçilmiş Materiallara Əlavə et"
"Add your review","Rəyinizi əlavə edin"
"Add/Edit Coupon Conditions","Kupon Şərtlərini Əlavə et/Düzəliş et"
"Added to Featured Items","Seçilmiş Materiallara Əlavə edildi"
"Added {0} ({1})","{0} ({1}) əlavə edildi"
"Address Line 1","Ünvan Sətri 1"
"Addresses","Ünvanlar"
"Admission End Date should be greater than Admission Start Date.","Qəbulun Bitmə Tarixi Qəbulun Başlama Tarixindən böyük olmalıdır."
"All","Hamısı"
"All bank transactions have been created","Bütün bank əməliyyatları yaradıldı"
"All the depreciations has been booked","Bütün amortizasiyalar qeydə alındı"
"Allow Resetting Service Level Agreement from Support Settings.","Dəstək Parametrlərindən Xidmət Səviyyəsi Müqaviləsini Sıfırlamağa İcazə Ver."
"Amount of {0} is required for Loan closure","Kreditin bağlanması üçün {0} məbləği tələb olunur"
"Applied Coupon Code","Tətbiq Edilən Kupon Kodu"
"Apply Coupon Code","Kupon Kodunu Tətbiq et"
"Appointment Booking","Görüş Rezervasiyası"
"As there are existing transactions against item {0}, you can not change the value of {1}","{0} materialına qarşı mövcud əməliyyatlar olduğu üçün {1} dəyərini dəyişə bilməzsiniz"
"Asset Id","Aktiv İD"
"Asset Value","Aktiv Dəyəri"
"Asset Value Adjustment cannot be posted before Asset's purchase date <b>{0}</b>.","Aktiv Dəyərinin Düzəlişi Aktivin alış tarixindən <b>{0}</b> əvvəl göndərilə bilməz."
"Asset {0} does not belongs to the custodian {1}","{0} Aktivi {1} məsul şəxsinə aid deyil"
"Asset {0} does not belongs to the location {1}","{0} Aktivi {1} məkanına aid deyil"
"At least one of the Applicable Modules should be selected","Tətbiq olunan Modullardan ən azı biri seçilməlidir"
"Atleast one asset has to be selected.","Ən azı bir aktiv seçilməlidir."
"Authentication Failed","Autentifikasiya Uğursuz Oldu"
"Automatic Reconciliation","Avtomatik Üzləşdirmə"
"Available For Use Date","İstifadə Üçün Yararlı Tarix"
"Available Stock","Mövcud Stok"
"Available quantity is {0}, you need {1}","Mövcud miqdar {0}, sizə isə {1} lazımdır"
"BOM 1","BOM 1"
"BOM 2","BOM 2"
"BOM Comparison Tool","BOM Müqayisə Aləti"
"BOM recursion: {0} cannot be child of {1}","BOM rekursiyası: {0} {1}-in alt elementi ola bilməz"
"BOM recursion: {0} cannot be parent or child of {1}","BOM rekursiyası: {0} {1}-in ana və ya alt elementi ola bilməz"
"Back to Messages","Mesajlara Qayıt"
"Bank Data mapper doesn't exist","Bank Məlumat Xəritələyicisi mövcud deyil"
"Bank Details","Bank Detalları"
"Bank account '{0}' has been synchronized","Bank hesabı '{0}' sinxronizasiya edildi"
"Bank account {0} already exists and could not be created again","Bank hesabı {0} artıq mövcuddur və yenidən yaradıla bilməz"
"Bank accounts added","Bank hesabları əlavə edildi"
"Batch no is required for batched item {0}","{0} partiyalı material üçün partiya nömrəsi tələb olunur"
"Billing Date","Hesablaşma Tarixi"
"Billing Interval Count cannot be less than 1","Hesablaşma İntervalı Sayı 1-dən az ola bilməz"
"Blue","Mavi"
"Book","Kitab"
"Book Appointment","Görüş təyin et"
"Brand","Brend"
"Browse","Gözdən keçir"
"Call Connected","Zəng Bağlandı"
"Call Disconnected","Zəng Kəsildi"
"Call Missed","Buraxılmış Zəng"
"Call Summary","Zəng Xülasəsi"
"Call Summary Saved","Zəng Xülasəsi Yadda Saxlanıldı"
"Cancelled","Ləğv edildi"
"Cannot Calculate Arrival Time as Driver Address is Missing.","Sürücü Ünvanı çatışmadığı üçün Çatış Vaxtı hesablana bilmir."
"Cannot Optimize Route as Driver Address is Missing.","Sürücü Ünvanı çatışmadığı üçün Marşrut optimallaşdırıla bilmir."
"Cannot complete task {0} as its dependant task {1} are not ccompleted / cancelled.","{0} tapşırığı tamamlana bilmir, çünki ondan asılı olan {1} tapşırığı tamamlanmayıb / ləğv edilməyib."
"Cannot find a matching Item. Please select some other value for {0}.","Uyğun Material tapılmadı. Zəhmət olmasa {0} üçün başqa bir dəyər seçin."
"Cannot overbill for Item {0} in row {1} more than {2}. To allow over-billing, please set allowance in Accounts Settings","{1} sətrindəki {0} Materialı üçün {2}-dən artıq hesab təqdim edilə bilməz. Artıq hesablamaya icazə vermək üçün Hesab Parametrlərində tolerantlığı təyin edin"
"Capacity Planning Error, planned start time can not be same as end time","Tutum Planlaması Xətası, planlaşdırılan başlama vaxtı bitmə vaxtı ilə eyni ola bilməz"
"Categories","Kateqoriyalar"
"Changes in {0}","{0}-də dəyişikliklər"
"Chart","Qrafik"
"Choose a corresponding payment","Müvafiq ödənişi seçin"
"Click on the link below to verify your email and confirm the appointment","E-poçtunuzu təsdiqləmək və görüşü təsdiqləmək üçün aşağıdakı linkə klikləyin"
"Close","Bağla"
"Communication","Əlaqə"
"Compact Item Print","Yığcam Material Çapı"
"Company","Şirkət"
"Company of asset {0} and purchase document {1} doesn't matches.","{0} aktivinin şirkəti ilə {1} satınalma sənədinin şirkəti uyğun gəlmir."
"Compare BOMs for changes in Raw Materials and Operations","Xammal və Əməliyyatlardakı dəyişikliklər üçün BOM-ları müqayisə edin"
"Compare List function takes on list arguments","Siyahını Müqayisə et funksiyası siyahı arqumentlərini qəbul edir"
"Complete","Tamamla"
"Completed","Tamamlandı"
"Completed Quantity","Tamamlanmış Miqdar"
"Connect your Exotel Account to ERPNext and track call logs","Exotel Hesabınızı ERPNext-ə qoşun və zəng jurnallarını izləyin"
"Connect your bank accounts to ERPNext","Bank hesablarınızı ERPNext-ə qoşun"
"Contact Seller","Satıcı ilə Əlaqə Saxla"
"Continue","Davam et"
"Cost Center: {0} does not exist","Xərc Mərkəzi: {0} mövcud deyil"
"Couldn't Set Service Level Agreement {0}.","Xidmət Səviyyəsi Müqaviləsini {0} təyin etmək mümkün olmadı."
"Country","Ölkə"
"Country Code in File does not match with country code set up in the system","Fayldakı Ölkə Kodu sistemdə təyin edilmiş ölkə kodu ilə uyğun gəlmir"
"Create New Contact","Yeni Kontakt Yarat"
"Create New Lead","Yeni Potensial Müştəri Yarat"
"Create Pick List","Mal Seçimi Siyahısı Yarat"
"Create Quality Inspection for Item {0}","{0} Materialı üçün Keyfiyyət Yoxlaması Yarat"
"Creating Accounts...","Hesablar Yaradılır..."
"Creating bank entries...","Bank qeydləri yaradılır..."
"Credit limit is already defined for the Company {0}","{0} Şirkəti üçün kredit limiti artıq müəyyən edilib"
"Ctrl + Enter to submit","Təsdiq etmək üçün Ctrl + Enter"
"Ctrl+Enter to submit","Təsdiq etmək üçün Ctrl+Enter"
"Currency","Valyuta"
"Current Status","Cari Status"
"Customer PO","Müştəri Satınalma Sifarişi"
"Daily","Gündəlik"
"Date","Tarix"
"Date of Birth cannot be greater than Joining Date.","Doğum Tarixi İşə Qəbul Tarixindən böyük ola bilməz."
"Dear","Hörmətli"
"Default","İlkin dəyər"
"Define coupon codes.","Kupon kodlarını təyin edin."
"Delayed Days","Gecikdirilmiş Günlər"
"Delete","Sil"
"Delivered Quantity","Çatdırılmış Miqdar"
"Delivery Notes","Satış (Yük) Qaimələri"
"Depreciated Amount","Amortizasiya Məbləği"
"Description","Təsvir"
"Designation","Vəzifə"
"Difference Value","Fərq Dəyəri"
"Dimension Filter","Xüsusiyyət Filtri"
"Disabled","Passiv"
"Disbursement and Repayment","Ödəniş və Geri Ödəniş"
"Distance cannot be greater than 4000 kms","Məsafə 4000 km-dən çox ola bilməz"
"Do you want to submit the material request","Material sorğusunu təsdiq etmək istəyirsiniz?"
"Doctype","Sənəd Növü"
"Document {0} successfully uncleared","{0} sənədi uğurla təmizləndi"
"Download Template","Şablonu Yüklə"
"Dr","Debet"
"Due Date","Bitiş tarixi"
"Duplicate","Kopyala"
"Duplicate Project with Tasks","Tapşırıqlarla Layihəni Kopyala"
"Duplicate project has been created","Layihənin kopyası yaradıldı"
"E-Way Bill JSON can only be generated from a submitted document","E-Way Qaimə JSON yalnız təsdiq edilmiş sənəddən yaradıla bilər"
"E-Way Bill JSON can only be generated from submitted document","E-Way Qaimə JSON yalnız təsdiq edilmiş sənəddən yaradıla bilər"
"E-Way Bill JSON cannot be generated for Sales Return as of now","Hələlik Satış Qaytarması üçün E-Way Qaimə JSON yaradıla bilməz"
"ERPNext could not find any matching payment entry","ERPNext heç bir uyğun ödəniş qeydi tapa bilmədi"
"Earliest Age","Ən Erkən Yaş"
"Edit Details","Detalları Redaktə et"
"Either GST Transporter ID or Vehicle No is required if Mode of Transport is Road","Nəqliyyat Növü Avtomobil Yoludursa, ya GST Nəqliyyatçı İD-si, ya da Avtomobil Nömrəsi tələb olunur"
"Email","E-poçt"
"Email Campaigns","E-poçt Kampaniyaları"
"Employee ID is linked with another instructor","İşçi İD-si başqa bir təlimatçı ilə əlaqəlidir"
"Employee Tax and Benefits","İşçi Vergisi və Müavinətlər"
"Employee is required while issuing Asset {0}","{0} Aktivini buraxarkən İşçi tələb olunur"
"Employee {0} does not belongs to the company {1}","{0} işçisi {1} şirkətinə aid deyil"
"Enable Auto Re-Order","Avtomatik Sifarişi Aktivləşdir"
"End Date of Agreement can't be less than today.","Müqavilənin Bitmə Tarixi bu gündən az ola bilməz."
"End Time","Bitmə Vaxtı"
"Energy Point Leaderboard","Enerji Xalı Liderlər Lövhəsi"
"Enter API key in Google Settings.","Google Parametrlərində API açarını daxil edin."
"Enter Supplier","Təchizatçı Daxil edin"
"Enter Value","Dəyər Daxil edin"
"Entity Type","Obyekt Növü"
"Error","Xəta"
"Error in Exotel incoming call","Exotel gələn zəngində xəta"
"Error: {0} is mandatory field","Xəta: {0} məcburi sahədir"
"Exception occurred while reconciling {0}","{0} üzləşdirilərkən istisna hal baş verdi"
"Expected and Discharge dates cannot be less than Admission Schedule date","Gözlənilən və Buraxılış tarixləri Qəbul Cədvəli tarixindən az ola bilməz"
"Expired","Müddəti bitib"
"Export","İxrac"
"Export not allowed. You need {0} role to export.","İxrac icazə verilmir. İxrac etmək üçün {0} roluna ehtiyacınız var."
"Failed to add Domain","Domen əlavə edilə bilmədi"
"Fetch Items from Warehouse","Materialları Anbardan gətir"
"Fetching...","Gətirilir..."
"Field","Sahə"
"Filters","Filtrlər"
"Finding linked payments","Əlaqəli ödənişlər tapılır"
"Fleet Management","Avtopark İdarəetmə"
"Following fields are mandatory to create address:","Ünvan yaratmaq üçün aşağıdakı sahələr məcburidir:"
"For Month","Ay Üçün"
"For item {0} at row {1}, count of serial numbers does not match with the picked quantity","{1} sətrindəki {0} materialı üçün seriya nömrələrinin sayı seçilmiş miqdarla uyğun gəlmir"
"For operation {0}: Quantity ({1}) can not be greter than pending quantity({2})","{0} əməliyyatı üçün: Miqdar ({1}) gözləyən miqdardan ({2}) böyük ola bilməz"
"For quantity {0} should not be greater than work order quantity {1}","Miqdar {0} İş Sifarişi miqdarından {1} böyük olmamalıdır"
"Free item not set in the pricing rule {0}","{0} qiymət qaydasında pulsuz material təyin edilməyib"
"From Date and To Date are Mandatory","Başlama Tarixi və Bitmə Tarixi Məcburidir"
"From employee is required while receiving Asset {0} to a target location","{0} Aktivini hədəf məkana qəbul edərkən Göndərən İşçi tələb olunur"
"Future Payment Amount","Gələcək Ödəniş Məbləği"
"Future Payment Ref","Gələcək Ödəniş İstinadı"
"Future Payments","Gələcək Ödənişlər"
"GST HSN Code does not exist for one or more items","Bir və ya daha çox material üçün GST HSN Kodu mövcud deyil"
"Generate E-Way Bill JSON","E-Way Qaimə JSON Yarat"
"Get Items","Materialları Al"
"Get Outstanding Documents","Ödənilməmiş Sənədləri Göstər"
"Goal","Hədəf"
"Greater Than Amount","Məbləğdən böyük"
"Green","Yaşıl"
"Group","Qrup"
"Group By Customer","Müştəriyə Görə Qruplaşdır"
"Group By Supplier","Təchizatçıya Görə Qruplaşdır"
"Group Node","Qrupdur"
"Group Warehouses cannot be used in transactions. Please change the value of {0}","Qrup Anbarları əməliyyatlarda istifadə edilə bilməz. Zəhmət olmasa {0} dəyərini dəyişin"
"Help","Kömək"
"Help Article","Kömək Məqaləsi"
"Helps you keep tracks of Contracts based on Supplier, Customer and Employee","Təchizatçı, Müştəri və İşçiyə əsaslanan Müqavilələri izləməyə kömək edir"
"Helps you manage appointments with your leads","Potensial müştərilərlə görüşləri idarə etməyə kömək edir"
"Home","Ana Səhifə"
"IBAN is not valid","IBAN etibarlı deyil"
"Import Data from CSV / Excel files.","CSV / Excel fayllarından Məlumatları İdxal et."
"In Progress","İcra Olunur"
"Incoming call from {0}","{0} nömrəsindən gələn zəng"
"Incorrect Warehouse","Yanlış Anbar"
"Invalid Barcode. There is no Item attached to this barcode.","Yanlış Barkod. Bu barkoda heç bir Material əlavə edilməyib."
"Invalid credentials","Yanlış giriş məlumatları"
"Issue Priority.","Problemin Prioriteti."
"Issue Type.","Problem Növü."
"It seems that there is an issue with the server's stripe configuration. In case of failure, the amount will get refunded to your account.","Serverin stripe konfiqurasiyasında problem olduğu görünür. Uğursuzluq halında, məbləğ hesabınıza qaytarılacaq."
"Item Reported","Material məlumat verildi"
"Item listing removed","Material siyahısı silindi"
"Item quantity can not be zero","Material miqdarı sıfır ola bilməz"
"Item taxes updated","Material vergiləri yeniləndi"
"Item {0}: {1} qty produced.","Material {0}: {1} miqdar istehsal edildi."
"Joining Date can not be greater than Leaving Date","İşə Qəbul Tarixi İşdən Çıxma Tarixindən böyük ola bilməz"
"Lab Test Item {0} already exist","Laboratoriya Testi Materialı {0} artıq mövcuddur"
"Last Issue","Son Buraxılış"
"Latest Age","Ən Son Yaş"
"Leaves Taken","İstifadə edilmiş Məzuniyyətlər"
"Less Than Amount","Məbləğdən az"
"Liabilities","Öhdəliklər"
"Loading...","Yüklənir..."
"Loan Applications from customers and employees.","Müştərilərdən və işçilərdən Kredit Müraciətləri."
"Loan Processes","Kredit Prosesləri"
"Loan Type for interest and penalty rates","Faiz və cərimə dərəcələri üçün Kredit Növü"
"Loans","Kreditlər"
"Loans provided to customers and employees.","Müştərilərə və işçilərə verilən kreditlər."
"Location","Məkan"
"Looks like someone sent you to an incomplete URL. Please ask them to look into it.","Deyəsən kimsə sizə natamam URL göndərib. Zəhmət olmasa onlardan bunu araşdırmalarını xahiş edin."
"Make Journal Entry","Uçot Qəbzi Yarat"
"Make Purchase Invoice","Satınalma Fakturası Yarat"
"Manufactured","İstehsal edilib"
"Mark Work From Home","Evdən İşləməyi Qeyd et"
"Master","Master"
"Max strength cannot be less than zero.","Maksimum güc sıfırdan az ola bilməz."
"Maximum attempts for this quiz reached!","Bu viktorina üçün maksimum cəhdlərə çatdı!"
"Message","Mesaj"
"Missing Values Required","Çatışmayan Dəyərlər Tələb olunur"
"Mobile No","Mobil nömrə"
"Mobile Number","Mobil Nömrə"
"Month","Ay"
"Name","Ad"
"Near you","Sizə yaxın"
"Net Profit/Loss","Xalis Mənfəət/Zərər"
"New Expense","Yeni Xərc"
"New Invoice","Yeni Faktura"
"New Payment","Yeni Ödəniş"
"New release date should be in the future","Yeni buraxılış tarixi gələcəkdə olmalıdır"
"No Account matched these filters: {}","Bu filtrlərə uyğun heç bir Hesab tapılmadı: {}"
"No communication found.","Heç bir əlaqə tapılmadı."
"No correct answer is set for {0}","{0} üçün düzgün cavab təyin edilməyib"
"No description","Təsvir yoxdur"
"No issue has been raised by the caller.","Zəng edən tərəfindən heç bir problem qaldırılmayıb."
"No items to publish","Dərc ediləcək material yoxdur"
"No outstanding invoices found","Ödənilməmiş faktura tapılmadı"
"No outstanding invoices found for the {0} {1} which qualify the filters you have specified.","Göstərdiyiniz filtrlərə uyğun gələn {0} {1} üçün ödənilməmiş faktura tapılmadı."
"No outstanding invoices require exchange rate revaluation","Heç bir ödənilməmiş faktura məzənnənin yenidən qiymətləndirilməsini tələb etmir"
"No reviews yet","Hələ rəy yoxdur"
"No views yet","Hələ baxış yoxdur"
"Non stock items","Stok olmayan materiallar"
"Not Allowed","İcazə Verilmir"
"Not allowed to create accounting dimension for {0}","{0} üçün uçot xüsusiyyəti yaratmağa icazə verilmir"
"Not permitted. Please disable the Lab Test Template","İcazə verilmir. Zəhmət olmasa Laboratoriya Testi Şablonunu deaktiv edin"
"Note","Qeyd"
"Notes:","Qeydlər:"
"On Converting Opportunity","Fürsəti Çevirərkən"
"On Purchase Order Submission","Satınalma Sifarişinin Təsdiqi Zamanı"
"On Sales Order Submission","Satış Sifarişinin Təsdiqi Zamanı"
"On Task Completion","Tapşırığın Tamamlanması Zamanı"
"On {0} Creation","{0} Yaradılması Zamanı"
"On Item Creation","Materialın Yaradılması Zamanı"
"On Lead Creation","Potensial Müştərinin Yaradılması Zamanı"
"On Supplier Creation","Təchizatçının Yaradılması Zamanı"
"On Customer Creation","Müştərinin Yaradılması Zamanı"
"Only .csv and .xlsx files are supported currently","Hazırda yalnız .csv və .xlsx faylları dəstəklənir"
"Open","Açıq"
"Open Contact","Açıq Kontakt"
"Open Lead","Açıq Potensial Müştəri"
"Opening and Closing","Açılış və Bağlanma"
"Operating Cost as per Work Order / BOM","İş Sifarişi / BOM üzrə Əməliyyat Xərci"
"Order Amount","Sifariş Məbləği"
"Page {0} of {1}","Səhifə {0} / {1}"
"Paid amount cannot be less than {0}","Ödənilən məbləğ {0}-dən az ola bilməz"
"Parent Company must be a group company","Ana Şirkət qrup şirkəti olmalıdır"
"Passing Score value should be between 0 and 100","Keçid Balı dəyəri 0 ilə 100 arasında olmalıdır"
"Patient History","Pasiyent Tarixçəsi"
"Pause","Fasilə"
"Pay","Mexaric"
"Payment Document Type","Ödəniş Sənədinin Növü"
"Payment Name","Ödəniş Adı"
"Pending","Gözləyən"
"Performance","Performans"
"Period based On","Dövr əsasında"
"Perpetual inventory required for the company {0} to view this report.","Bu hesabatı görmək üçün {0} şirkəti üçün daimi inventar tələb olunur."
"Phone","Telefon"
"Pick List","Mal seçimi siyahısı"
"Plaid authentication error","Plaid autentifikasiya xətası"
"Plaid public token error","Plaid ictimai token xətası"
"Plaid transactions sync error","Plaid əməliyyatlarının sinxronizasiya xətası"
"Please check the error log for details about the import errors","İdxal xətaları haqqında təfərrüatlar üçün xəta jurnalını yoxlayın"
"Please create <b>DATEV Settings</b> for Company <b>{}</b>.","Zəhmət olmasa <b>{}</b> Şirkəti üçün <b>DATEV Parametrləri</b>ni yaradın."
"Please create adjustment Journal Entry for amount {0}","Zəhmət olmasa {0} məbləği üçün düzəliş Uçot Qəbzi yaradın"
"Please do not create more than 500 items at a time","Zəhmət olmasa bir dəfəyə 500-dən çox material yaratmayın"
"Please enter <b>Difference Account</b> or set default <b>Stock Adjustment Account</b> for company {0}","Zəhmət olmasa <b>Fərq Hesabını</b> daxil edin və ya {0} şirkəti üçün <b>Stok Düzəliş Hesabını</b> təyin edin"
"Please enter GSTIN and state for the Company Address {0}","Zəhmət olmasa {0} Şirkət Ünvanı üçün GSTIN və ştatı daxil edin"
"Please enter Item Code to get item taxes","Material vergilərini almaq üçün Material Kodunu daxil edin"
"Please enter Warehouse and Date","Zəhmət olmasa Anbar və Tarixi daxil edin"
"Please login as a Marketplace User to edit this item.","Bu materialı redaktə etmək üçün Marketplace İstifadəçisi kimi daxil olun."
"Please login as a Marketplace User to report this item.","Bu materialı məlumat vermək üçün Marketplace İstifadəçisi kimi daxil olun."
"Please select <b>Template Type</b> to download template","Şablonu yükləmək üçün <b>Şablon Növünü</b> seçin"
"Please select Customer first","Zəhmət olmasa əvvəlcə Müştərini seçin"
"Please select Item Code first","Zəhmət olmasa əvvəlcə Material Kodunu seçin"
"Please select a Delivery Note","Zəhmət olmasa Satış (Yük) Qaiməsini seçin"
"Please select a Sales Person for item: {0}","{0} materialı üçün Satıcı seçin"
"Please select another payment method. Stripe does not support transactions in currency '{0}'","Zəhmət olmasa başqa ödəniş üsulunu seçin. Stripe '{0}' valyutasında əməliyyatları dəstəkləmir"
"Please select the customer.","Zəhmət olmasa müştərini seçin."
"Please set a Supplier against the Items to be considered in the Purchase Order.","Satınalma Sifarişində nəzərə alınacaq Materiallar üçün Təchizatçı təyin edin."
"Please set account heads in GST Settings for Compnay {0}","Zəhmət olmasa {0} Şirkəti üçün GST Parametrlərində hesab başlıqlarını təyin edin"
"Please set an email id for the Lead {0}","Zəhmət olmasa {0} Potensial Müştərisi üçün e-poçt id-si təyin edin"
"Please set default UOM in Stock Settings","Zəhmət olmasa Stok Parametrlərində standart Ölçü Vahidini təyin edin"
"Please set filter based on Item or Warehouse due to a large amount of entries.","Böyük miqdarda qeydlər olduğuna görə Material və ya Anbar əsasında filtr təyin edin."
"Please set up the Campaign Schedule in the Campaign {0}","Zəhmət olmasa {0} Kampaniyasında Kampaniya Cədvəlini qurun"
"Please set valid GSTIN No. in Company Address for company {0}","Zəhmət olmasa {0} şirkəti üçün Şirkət Ünvanında etibarlı GSTIN Nömrəsini təyin edin"
"Please set {0}","Zəhmət olmasa {0} təyin edin"
"Please setup a default bank account for company {0}","Zəhmət olmasa {0} şirkəti üçün standart bank hesabı təyin edin"
"Please specify","Zəhmət olmasa qeyd edin"
"Please specify a {0}","Zəhmət olmasa {0} qeyd edin"
"Priority","Prioritet"
"Priority has been changed to {0}.","Prioritet {0} olaraq dəyişdirildi."
"Priority {0} has been repeated.","{0} prioriteti təkrarlanıb."
"Processing XML Files","XML Faylları Emal Edilir"
"Profitability","Gəlirlilik"
"Project","Layihə"
"Provide the academic year and set the starting and ending date.","Akademik ili təqdim edin və başlama və bitmə tarixini təyin edin."
"Public token is missing for this bank","Bu bank üçün ictimai token çatışmır"
"Publish 1 Item","1 Materialı Dərc et"
"Publish Items","Materialları Dərc et"
"Publish More Items","Daha Çox Material Dərc et"
"Publish Your First Items","İlk Materiallarınızı Dərc Edin"
"Publish {0} Items","{0} Materialı Dərc et"
"Published Items","Dərc Edilmiş Materiallar"
"Purchase Invoice cannot be made against an existing asset {0}","Mövcud {0} aktivinə qarşı Satınalma Fakturası hazırlana bilməz"
"Purchase Invoices","Satınalma Fakturaları"
"Purchase Orders","Satınalma Sifarişləri"
"Purchase Receipt doesn't have any Item for which Retain Sample is enabled.","Satınalma Qaiməsində Nümunə Saxlanması aktivləşdirilmiş heç bir Material yoxdur."
"Purchase Return","Satınalma Qaytarması"
"Qty of Finished Goods Item","Hazır Məhsulun Miqdarı"
"Quality Inspection required for Item {0} to submit","Təsdiq etmək üçün {0} Materialı üzrə Keyfiyyət Yoxlaması tələb olunur"
"Quantity to Manufacture","İstehsal Ediləcək Miqdar"
"Quantity to Manufacture can not be zero for the operation {0}","{0} əməliyyatı üçün İstehsal Ediləcək Miqdar sıfır ola bilməz"
"Quarterly","Rüblük"
"Queued","Növbəyə alındı"
"Quick Entry","Sürətli Giriş"
"Quiz {0} does not exist","Viktorina {0} mövcud deyil"
"Quotation Amount","Təklif Məbləği"
"Rate or Discount is required for the price discount.","Qiymət endirimi üçün Qiymət və ya Endirim tələb olunur."
"Reason","Səbəb"
"Reconcile Entries","Qeydləri Üzləşdir"
"Reconcile this account","Bu hesabı üzləşdirmək"
"Reconciled","Üzləşdirildi"
"Recruitment","İşə Qəbul"
"Red","Qırmızı"
"Release date must be in the future","Buraxılış tarixi gələcəkdə olmalıdır"
"Relieving Date must be greater than or equal to Date of Joining","İşdən çıxma tarixi İşə Qəbul Tarixindən böyük və ya bərabər olmalıdır"
"Rename","Adını dəyişdir"
"Rename Not Allowed","Adın dəyişdirilməsinə icazə verilmir"
"Report Item","Hesabat Materialı"
"Report this Item","Bu Materialı Bildir"
"Reserved Qty for Subcontract: Raw materials quantity to make subcontracted items.","Subpodrat üçün Rezerv Miqdar: Subpodrat məhsulları hazırlamaq üçün xammal miqdarı."
"Reset","Sıfırla"
"Reset Service Level Agreement","Xidmət Səviyyəsi Müqaviləsini Sıfırla"
"Resetting Service Level Agreement.","Xidmət Səviyyəsi Müqaviləsi sıfırlanır."
"Return amount cannot be greater unclaimed amount","Qaytarılan məbləğ tələb olunmamış məbləğdən çox ola bilməz"
"Review","Rəy"
"Room","Otaq"
"Room Type","Otaq Növü"
"Row #","Sətir #"
"Row #{0}: Accepted Warehouse and Supplier Warehouse cannot be same","Sətir #{0}: Qəbul Edilən Anbar və Təchizatçı Anbarı eyni ola bilməz"
"Row #{0}: Cannot delete item {1} which has already been billed.","Sətir #{0}: Artıq fakturalanmış {1} materialını silmək olmaz."
"Row #{0}: Cannot delete item {1} which has already been delivered","Sətir #{0}: Artıq çatdırılmış {1} materialını silmək olmaz."
"Row #{0}: Cannot delete item {1} which has already been received","Sətir #{0}: Artıq qəbul edilmiş {1} materialını silmək olmaz."
"Row #{0}: Cannot delete item {1} which has work order assigned to it.","Sətir #{0}: Üzərində iş sifarişi təyin edilmiş {1} materialını silmək olmaz."
"Row #{0}: Cannot delete item {1} which is assigned to customer's purchase order.","Sətir #{0}: Müştərinin satınalma sifarişinə təyin edilmiş {1} materialını silmək olmaz."
"Row #{0}: Cannot select Supplier Warehouse while suppling raw materials to subcontractor","Sətir #{0}: Subpodratçıya xammal verərkən Təchizatçı Anbarını seçmək olmaz"
"Row #{0}: Cost Center {1} does not belong to company {2}","Sətir #{0}: {1} Xərc Mərkəzi {2} şirkətinə məxsus deyil"
"Row #{0}: Operation {1} is not completed for {2} qty of finished goods in Work Order {3}. Please update operation status via Job Card {4}.","Sətir #{0}: {3} İş Sifarişindəki {2} miqdar hazır məhsul üçün {1} Əməliyyatı tamamlanmayıb. Zəhmət olmasa, {4} İş Kartı vasitəsilə əməliyyat statusunu yeniləyin."
"Row #{0}: Payment document is required to complete the transaction","Sətir #{0}: Əməliyyatı tamamlamaq üçün ödəniş sənədi tələb olunur"
"Row #{0}: Serial No {1} does not belong to Batch {2}","Sətir #{0}: {1} Seriya Nömrəsi {2} Partiyasına aid deyil"
"Row #{0}: Service End Date cannot be before Invoice Posting Date","Sətir #{0}: Xidmətin Bitmə Tarixi Faktura Tarixindən əvvəl ola bilməz"
"Row #{0}: Service Start Date cannot be greater than Service End Date","Sətir #{0}: Xidmətin Başlama Tarixi Xidmətin Bitmə Tarixindən böyük ola bilməz"
"Row #{0}: Service Start and End Date is required for deferred accounting","Sətir #{0}: Təxirə salınmış mühasibatlıq üçün Xidmətin Başlama və Bitmə Tarixi tələb olunur"
"Row {0}: Invalid Item Tax Template for item {1}","Sətir {0}: {1} materialı üçün Yanlış Material Vergi Şablonu"
"Row {0}: Quantity not available for {4} in warehouse {1} at posting time of the entry ({2} {3})","Sətir {0}: Girişin qeyd edilməsi zamanı ({2} {3}) {1} anbarında {4} üçün miqdar mövcud deyil"
"Row {0}: user has not applied the rule {1} on the item {2}","Sətir {0}: istifadəçi {2} materialına {1} qaydasını tətbiq etməyib"
"Row {0}:Sibling Date of Birth cannot be greater than today.","Sətir {0}:Bacının/Qardaşın Doğum Tarixi bu gündən böyük ola bilməz."
"Row({0}): {1} is already discounted in {2}","Sətir({0}): {1} artıq {2}-də endirim edilib"
"Rows Added in {0}","{0}-də əlavə edilmiş sətirlər"
"Rows Removed in {0}","{0}-də silinmiş sətirlər"
"Save","Qeyd Et"
"Save Item","Materialı Qeyd Et"
"Saved Items","Qeyd Edilmiş Materiallar"
"Search Items ...","Materialları Axtar ..."
"Search for a payment","Ödəniş axtar"
"Search for anything ...","Hər şeyi axtar ..."
"Search results for","Axtarış nəticələri:"
"Select Difference Account","Fərq Hesabını Seçin"
"Select a Default Priority.","İlkin Prioriteti Seçin."
"Select a company","Şirkət seçin"
"Select finance book for the item {0} at row {1}","{1} sətrindəki {0} materialı üçün maliyyə kitabı seçin"
"Select only one Priority as Default.","İlkin olaraq yalnız bir Prioritet seçin."
"Seller Information","Satıcı Məlumatı"
"Send","Göndər"
"Send a message","Mesaj göndər"
"Sending","Göndərilir"
"Sends Mails to lead or contact based on a Campaign schedule","Kampaniya cədvəlinə əsasən potensial müştəriyə və ya əlaqəyə e-poçt göndərir"
"Serial Number Created","Yaradılmış Seriya Nömrəsi"
"Serial Numbers Created","Yaradılmış Seriya Nömrələri"
"Serial no(s) required for serialized item {0}","{0} seriyalı material üçün seriya nömrə(ləri) tələb olunur"
"Series","Seriya"
"Server Error","Server Xətası"
"Service Level Agreement has been changed to {0}.","Xidmət Səviyyəsi Müqaviləsi {0} olaraq dəyişdirildi."
"Service Level Agreement was reset.","Xidmət Səviyyəsi Müqaviləsi sıfırlandı."
"Service Level Agreement with Entity Type {0} and Entity {1} already exists.","{0} Obyekt Növü və {1} Obyekti ilə Xidmət Səviyyəsi Müqaviləsi artıq mövcuddur."
"Set Meta Tags","Meta Teqləri Təyin Et"
"Set {0} in company {1}","{1} şirkətində {0} təyin et"
"Setup","Quraşdırma"
"Shift Management","Növbə İdarəetmə"
"Show Future Payments","Gələcək Ödənişləri Göstər"
"Show Linked Delivery Notes","Əlaqəli Satış (Yük) Qaimələrini Göstər"
"Show Sales Person","Satıcını Göstər"
"Show Stock Ageing Data","Stok Yaşlandırma Məlumatlarını Göstər"
"Show Warehouse-wise Stock","Anbar üzrə Stoku Göstər"
"Size","Ölçü"
"Something went wrong while evaluating the quiz.","Viktorina qiymətləndirilərkən xəta baş verdi."
"Sr","Sıra"
"Start","Başla"
"Start Date cannot be before the current date","Başlama Tarixi cari tarixdən əvvəl ola bilməz"
"Start Time","Başlama Vaxtı"
"Status","Status"
"Status must be Cancelled or Completed","Status Ləğv Edildi və ya Tamamlandı olmalıdır"
"Stock Balance Report","Stok Balansı Hesabatı"
"Stock Entry has been already created against this Pick List","Bu Seçim Siyahısı (Pick List) üçün Stok Qəbzi artıq yaradılıb"
"Stock Ledger ID","Stok Hərəkət Jurnalı ID"
"Stock Value ({0}) and Account Balance ({1}) are out of sync for account {2} and it's linked warehouses.","{2} hesabı və onun əlaqəli anbarları üçün Stok Dəyəri ({0}) və Hesab Balansı ({1}) sinxronizasiyadan kənardır."
"Stores - {0}","Mağazalar - {0}"
"Student with email {0} does not exist","{0} e-poçtu olan tələbə mövcud deyil"
"Submit Review","Rəy Göndər"
"Submitted","Təstiq Edilmiş"
"Supplier Addresses And Contacts","Təchizatçı Ünvan Və Əlaqələr"
"Synchronize this account","Bu hesabı sinxronlaşdır"
"Tag","Etiket"
"Target Location is required while receiving Asset {0} from an employee","İşçidən {0} Aktivi qəbul edilərkən Hədəf Məkanı tələb olunur"
"Target Location is required while transferring Asset {0}","{0} Aktivi köçürülərkən Hədəf Məkanı tələb olunur"
"Target Location or To Employee is required while receiving Asset {0}","{0} Aktivi qəbul edilərkən Hədəf Məkanı və ya İşçi tələb olunur"
"Task's {0} End Date cannot be after Project's End Date.","Tapşırığın {0} Bitmə Tarixi Layihənin Bitmə Tarixindən sonra ola bilməz."
"Task's {0} Start Date cannot be after Project's End Date.","Tapşırığın {0} Başlama Tarixi Layihənin Bitmə Tarixindən sonra ola bilməz."
"Tax Account not specified for Shopify Tax {0}","Shopify Vergisi {0} üçün Vergi Hesabı göstərilməyib"
"Tax Total","Vergi Cəmi"
"Template","Şablon"
"The Campaign '{0}' already exists for the {1} '{2}'","'{1}' '{2}' üçün '{0}' Kampaniyası artıq mövcuddur"
"The difference between from time and To Time must be a multiple of Appointment","Başlama vaxtı və Bitmə vaxtı arasındakı fərq Randevu müddətinin misli olmalıdır"
"The field Asset Account cannot be blank","Aktiv Hesabı sahəsi boş ola bilməz"
"The field Equity/Liability Account cannot be blank","Kapital/Öhdəlik Hesabı sahəsi boş ola bilməz"
"The following serial numbers were created: <br><br> {0}","Aşağıdakı seriya nömrələri yaradıldı: <br><br> {0}"
"The parent account {0} does not exists in the uploaded template","Yüklənmiş şablonda {0} ana hesabı mövcud deyil"
"The question cannot be duplicate","Sual təkrarlana bilməz"
"The selected payment entry should be linked with a creditor bank transaction","Seçilmiş ödəniş girişi kreditor bank əməliyyatı ilə əlaqələndirilməlidir"
"The selected payment entry should be linked with a debtor bank transaction","Seçilmiş ödəniş girişi debitor bank əməliyyatı ilə əlaqələndirilməlidir"
"The total allocated amount ({0}) is greated than the paid amount ({1}).","Ümumi təhsis edilmiş məbləğ ({0}) ödənilmiş məbləğdən ({1}) çoxdur."
"This Service Level Agreement is specific to Customer {0}","Bu Xidmət Səviyyəsi Müqaviləsi {0} Müştərisi üçün xüsusidir"
"This action will unlink this account from any external service integrating ERPNext with your bank accounts. It cannot be undone. Are you certain ?","Bu əməliyyat bu hesabın ERPNext-i bank hesablarınızla inteqrasiya edən hər hansı xarici xidmətdən əlaqəsini kəsəcək. Bu əməliyyatı geri qaytarmaq mümkün deyil. Əminsiniz?"
"This bank account is already synchronized","Bu bank hesabı artıq sinxronlaşdırılıb"
"This bank transaction is already fully reconciled","Bu bank əməliyyatı artıq tam üzləşdrilib"
"This page keeps track of items you want to buy from sellers.","Bu səhifə satıcılardan almaq istədiyiniz materialları izləyir."
"This page keeps track of your items in which buyers have showed some interest.","Bu səhifə alıcıların maraq göstərdiyi materiallarınızı izləyir."
"Thursday","Cümə axşamı"
"Title","Başlıq"
"To allow over billing, update ""Over Billing Allowance"" in Accounts Settings or the Item.","Həddindən artıq fakturalandırmaya icazə vermək üçün Hesab Parametrlərində və ya Materialda ""Həddindən Artıq Fakturalandırma İcazəsi""ni yeniləyin."
"To allow over receipt / delivery, update ""Over Receipt/Delivery Allowance"" in Stock Settings or the Item.","Həddindən artıq qəbula / çatdırılmaya icazə vermək üçün Stok Parametrlərində və ya Materialda ""Həddindən Artıq Qəbul/Çatdırılma İcazəsi""ni yeniləyin."
"Total","Cəmi"
"Total Payment Request amount cannot be greater than {0} amount","Ümumi Ödəniş Tələbi məbləği {0} məbləğindən çox ola bilməz"
"Total payments amount can't be greater than {}","Ümumi ödəniş məbləği {} -dən çox ola bilməz"
"Totals","Cəmlər"
"Transactions already retreived from the statement","Əməliyyatlar artıq çıxarışdan alınıb"
"Transfer Material to Supplier","Materialı Təchizatçıya Transfer Et"
"Transport Receipt No and Date are mandatory for your chosen Mode of Transport","Seçdiyiniz Nəqliyyat Növü üçün Nəqliyyat Qəbzi Nömrəsi və Tarixi məcburidir"
"Tuesday","Çərşənbə axşamı"
"Type","Növü"
"Unable to find the time slot in the next {0} days for the operation {1}.","Növbəti {0} gün ərzində {1} əməliyyatı üçün vaxt intervalı tapılmadı."
"Unable to update remote activity","Uzaq fəaliyyəti yeniləmək mümkün olmadı"
"Unknown Caller","Naməlum Zəng"
"Unlink external integrations","Xarici inteqrasiyaları ayır"
"Unpublish Item","Materialı Dərcdən Çıxar"
"Unreconciled","Üzləşdirilməmiş"
"Unsupported GST Category for E-Way Bill JSON generation","E-Way Bill JSON yaradılması üçün dəstəklənməyən GST Kateqoriyası"
"Update","Yenilə"
"Update Taxes for Items","Materiallar üçün Vergiləri Yenilə"
"Upload a bank statement, link or reconcile a bank account","Bank çıxarışı yükləyin, əlaqələndirin və ya bank hesabını üzləşdirin"
"Upload a statement","Çıxarış yüklə"
"Use a name that is different from previous project name","Əvvəlki layihə adından fərqli bir ad istifadə edin"
"User {0} is disabled","{0} istifadəçisi deaktiv edilib"
"Users and Permissions","İstifadəçilər və İcazələr"
"Valuation Rate required for Item {0} at row {1}","{1} sətrindəki {0} Materialı üçün Maya Qiyməti tələb olunur"
"Values Out Of Sync","Dəyərlər Sinxronizasiyadan Kənar"
"Vehicle Type is required if Mode of Transport is Road","Nəqliyyat Növü Avtomobil Yolu olarsa, Nəqliyyat Vasitəsi Növü tələb olunur"
"Vendor Name","Satıcı Adı"
"Verify Email","E-poçtu Təsdiqlə"
"View","Göstər"
"View all issues from {0}","{0}-dən bütün problemlərə bax"
"View call log","Zəng jurnalına bax"
"Warehouse","Anbar"
"Warehouse not found against the account {0}","{0} hesabı üzrə Anbar tapılmadı"
"Welcome to {0}","{0}-ə Xoş Gəlmisiniz"
"Why do think this Item should be removed?","Niyə bu Materialın silinməli olduğunu düşünürsünüz?"
"Work Order {0}: Job Card not found for the operation {1}","İş Sifarişi {0}: {1} əməliyyatı üçün İş Kartı tapılmadı"
"Workday {0} has been repeated.","İş günü {0} təkrarlanıb."
"XML Files Processed","XML Faylları Emal Edildi"
"Year","İl"
"Yearly","İllik"
"You are not allowed to enroll for this course","Bu kursa qeydiyyatdan keçməyə icazəniz yoxdur"
"You are not enrolled in program {0}","Siz {0} proqramına qeydiyyatdan keçməmisiniz"
"You can Feature upto 8 items.","8-ə qədər materialı Fərqləndirə bilərsiniz."
"You can also copy-paste this link in your browser","Bu linki brauzerinizə kopyalayıb yapışdıra da bilərsiniz"
"You can publish upto 200 items.","200-ə qədər material dərc edə bilərsiniz."
"You have to enable auto re-order in Stock Settings to maintain re-order levels.","Yenidən sifariş səviyyələrini saxlamaq üçün Stok Parametrlərində avtomatik yenidən sifarişi aktivləşdirməlisiniz."
"You must be a registered supplier to generate e-Way Bill","E-Way Bill yaratmaq üçün qeydiyyatdan keçmiş təchizatçı olmalısınız"
"You need to login as a Marketplace User before you can add any reviews.","Rəy əlavə etmədən əvvəl Marketplace İstifadəçisi kimi daxil olmalısınız."
"Your Featured Items","Seçilmiş Materiallarınız"
"Your Items","Materiallarınız"
"Your Profile","Profiliniz"
"Your rating:","Sizin reytinqiniz:"
"and","və"
"e-Way Bill already exists for this document","Bu sənəd üçün e-Way Bill artıq mövcuddur"
"woocommerce - {0}","woocommerce - {0}"
"{0} Coupon used are {1}. Allowed quantity is exhausted","{0} Kupon istifadə edildi {1}. İcazə verilən miqdar tükəndi"
"{0} Operations: {1}","{0} Əməliyyatlar: {1}"
"{0} bank transaction(s) created","{0} bank əməliyyatı yaradıldı"
"{0} bank transaction(s) created and {1} errors","{0} bank əməliyyatı yaradıldı və {1} xəta"
"{0} can not be greater than {1}","{0} {1}-dən böyük ola bilməz"
"{0} conversations","{0} danışıqlar"
"{0} is not a company bank account","{0} şirkət bank hesabı deyil"
"{0} is not a group node. Please select a group node as parent cost center","{0} qrup qovşağı deyil. Zəhmət olmasa, ana xərc mərkəzi kimi qrup qovşağını seçin"
"{0} is not the default supplier for any items.","{0} heç bir material üçün əsas təchizatçı deyil."
"{0} is required","{0} tələb olunur"
"{0}: {1} must be less than {2}","{0}: {1} {2}-dən kiçik olmalıdır"
"{} is required to generate E-Way Bill JSON","E-Way Bill JSON yaratmaq üçün {} tələb olunur"
"Invalid lost reason {0}, please create a new lost reason","Yanlış itki səbəbi {0}, zəhmət olmasa yeni itki səbəbi yaradın"
"Profit This Year","Bu İl Mənfəət"
"Total Expense","Ümumi Xərc"
"Total Expense This Year","Bu İl Ümumi Xərc"
"Total Income","Ümumi Gəlir"
"Total Income This Year","Bu İl Ümumi Gəlir"
"Barcode","Barkod"
"Clear","Təmizlə"
"Comments","Şərhlər"
"DocType","Sənəd Növü"
"Download","Yüklə"
"Left","Sol"
"Link","Keçid"
"New","Yeni"
"Print","Çap"
"Reference Name","İstinad Adı"
"Refresh","Yenilə"
"Success","Uğurlu"
"Time","Vaxt"
"Value","Dəyər"
"Actual","Faktiki"
"Add to Cart","Səbətə əlavə et"
"Days Since Last Order","Son Sifarişdən Sonrakı Günlər"
"In Stock","Stokda"
"Mode Of Payment","Ödəniş Üsulu"
"No students Found","Tələbə tapılmadı"
"Not in Stock","Stokda yoxdur"
"Please select a Customer","Zəhmət olmasa Müştəri seçin"
"Received From","Kimdən alınıb"
"Sales Person","Satıcı"
"To date cannot be before From date","""Tarixə"" ""Tarixdən"" əvvəl ola bilməz"
"Write Off","Silinmə"
"{0} Created","{0} Yaradıldı"
"Email Id","E-poçt"
"No","Xeyr"
"Reference Doctype","İstinad Sənəd Növü"
"Yes","Bəli"
"Actual","Faktiki"
"Add to cart","Səbətə əlavə et"
"Budget","Büdcə"
"Chart of Accounts","Hesablar Planı"
"Customer database.","Müştəri bazası."
"Days Since Last order","Son Sifarişdən Sonrakı Günlər"
"Download as JSON","JSON kimi yüklə"
"End date can not be less than start date","Bitmə tarixi başlama tarixindən az ola bilməz"
"For Default Supplier (Optional)","Əsas Təchizatçı üçün (İstəyə bağlı)"
"From date cannot be greater than To date","""Tarixdən"" ""Tarixə""-dən böyük ola bilməz"
"Group by","Qruplaşdır"
"In stock","Stokda"
"Item name","Material adı"
"Minimum Qty","Minimum Miqdar"
"More details","Daha ətraflı"
"Nature of Supplies","Təchizatın Təbiəti"
"No Items found.","Material tapılmadı."
"No students found","Tələbə tapılmadı"
"Not in stock","Stokda yoxdur"
"Not permitted","İcazə verilmir"
"Open Issues","Açıq Problemlər"
"Open Projects","Açıq Layihələr"
"Open To Do","Açıq Tapşırıqlar"
"Operation Id","Əməliyyat ID"
"Partially ordered","Qismən sifariş edilib"
"Please select company first","Zəhmət olmasa əvvəlcə şirkət seçin"
"Please select patient","Zəhmət olmasa pasiyent seçin"
"Printed On","Çap edilib"
"Projected qty","Proqnozlaşdırılan miqdar"
"Sales person","Satıcı"
"Serial No {0} Created","{0} Seriya Nömrəsi Yaradıldı"
"Source Location is required for the Asset {0}","{0} Aktivi üçün Mənbə Məkanı tələb olunur"
"Tax Id","VÖEN"
"To Time","Bitmə Vaxtı"
"To date cannot be before from date","""Tarixə"" ""Tarixdən"" əvvəl ola bilməz"
"Total Taxable value","Ümumi Vergi Tutulan Dəyər"
"Upcoming Calendar Events","Gələcək Təqvim Hadisələri"
"Value or Qty","Dəyər və ya Miqdar"
"Variance","Fərq"
"Variant of","Variantı"
"Write off","Silinmə"
"hours","saat"
"received from","kimdən alınıb"
"to","-a"
"Cards","Kartlar"
"Percentage","Faiz"
"Failed to setup defaults for country {0}. Please contact support@erpnext.com","{0} ölkəsi üçün ilkin dəyərləri təyin etmək mümkün olmadı. Zəhmət olmasa support@erpnext.com ilə əlaqə saxlayın"
"Row #{0}: Item {1} is not a Serialized/Batched Item. It cannot have a Serial No/Batch No against it.","Sətir #{0}: {1} Materialı Seriyalı/Partiyalı Material deyil. Onun Seriya No/Partiya No ola bilməz."
"Please set {0}","Zəhmət olmasa {0} təyin edin"
"Please set {0}","Zəhmət olmasa {0} təyin edin"
"Draft","Qaralama"
"Cancelled","Ləğv edildi"
"Please setup Instructor Naming System in Education > Education Settings","Zəhmət olmasa Təhsil > Təhsil Parametrləri bölməsində Təlimatçı Adlandırma Sistemini quraşdırın"
"Please set Naming Series for {0} via Setup > Settings > Naming Series","Zəhmət olmasa Quraşdırma > Parametrlər > Seriya Adlandırma vasitəsilə {0} üçün Adlandırma Seriyasını təyin edin"
"UOM Conversion factor ({0} -> {1}) not found for item: {2}","{2} materialı üçün Vahid Çevrilmə əmsalı ({0} -> {1}) tapılmadı"
"Item Code > Item Group > Brand","Material Kodu > Material Qrupu > Brend"
"Customer > Customer Group > Territory","Müştəri > Müştəri Qrupu > Ərazi"
"Supplier > Supplier Type","Təchizatçı > Təchizatçı Növü"
"The value of {0} differs between Items {1} and {2}","{0} dəyəri {1} və {2} Materialları arasında fərqlənir"
"Auto Fetch","Avtomatik Gətir"
"Fetch Serial Numbers based on FIFO","Seriya Nömrələrini FIFO əsasında gətir"
"Outward taxable supplies(other than zero rated, nil rated and exempted)","Xarici vergi tutulan təchizatlar (sıfır dərəcəli, boş dərəcəli və azad edilmişlər istisna olmaqla)"
"To allow different rates, disable the {0} checkbox in {1}.","Fərqli qiymətlərə icazə vermək üçün {1}-də {0} qutusunu deaktiv edin."
"Asset{} {assets_link} created for {}","{} üçün Aktiv{} {assets_link} yaradıldı"
"Row {}: Asset Naming Series is mandatory for the auto creation for item {}","Sətir {}: {} materialı üçün avtomatik yaratma zamanı Aktiv Adlandırma Seriyası məcburidir"
"Assets not created for {0}. You will have to create asset manually.","{0} üçün Aktivlər yaradılmadı. Aktivi əl ilə yaratmalı olacaqsınız."
"{0} {1} has accounting entries in currency {2} for company {3}. Please select a receivable or payable account with currency {2}.","{3} şirkəti üçün {0} {1}-in {2} valyutasında mühasibat qeydləri var. Zəhmət olmasa {2} valyutası ilə debitor və ya kreditor hesabı seçin."
"Invalid Account","Yanlış Hesab"
"Purchase Order Required","Satınalma Sifarişi Tələb olunur"
"Purchase Receipt Required","Satınalma Qaiməsi Tələb olunur"
"Account Missing","Hesab Çatışmır"
"Requested","Tələb olunan"
"Partially Paid","Qismən Ödənilib"
"Invalid Account Currency","Yanlış Hesab Valyutası"
"Row {0}: The item {1}, quantity must be positive number","Sətir {0}: {1} materialı, miqdar müsbət ədəd olmalıdır"
"Please set {0} for Batched Item {1}, which is used to set {2} on Submit.","Zəhmət olmasa {1} Partiyalı Materialı üçün {0} təyin edin, bu Təsdiq zamanı {2} təyin etmək üçün istifadə olunur."
"Expiry Date Mandatory","Bitmə Tarixi Məcburidir"
"Variant Item","Variant Material"
"BOM 1 {0} and BOM 2 {1} should not be same","Resept 1 {0} və Resept 2 {1} eyni olmamalıdır"
"Note: Item {0} added multiple times","Qeyd: {0} Materialı bir neçə dəfə əlavə edildi"
"YouTube","YouTube"
"Vimeo","Vimeo"
"Publish Date","Dərc Tarixi"
"Duration","Müddət"
"Advanced Settings","Qabaqcıl Parametrlər"
"Path","Yol"
"Components","Komponentlər"
"Verified By","Təsdiqləyən"
"Invalid naming series (. missing) for {0}","{0} üçün yanlış adlandırma seriyası (. çatışmır)"
"Filter Based On","Əsasında Filtrlə"
"Reqd by date","Tələb olunan tarix"
"Manufacturer Part Number <b>{0}</b> is invalid","İstehsalçı Partiya Nömrəsi <b>{0}</b> yanlışdır"
"Invalid Part Number","Yanlış Partiya Nömrəsi"
"Select atleast one Social Media from Share on.","Paylaşmaq üçün ən azı bir Sosial Media seçin."
"Invalid Scheduled Time","Yanlış Planlaşdırılmış Vaxt"
"Length Must be less than 280.","Uzunluq 280-dən az olmalıdır."
"Error while POSTING {0}","{0} GÖNDƏRİLƏRKƏN xəta"
"Session not valid, Do you want to login?","Sessiya etibarsızdır, Giriş etmək istəyirsiniz?"
"Session Active","Sessiya Aktivdir"
"Session Not Active. Save doc to login.","Sessiya Aktiv Deyil. Giriş etmək üçün sənədi yadda saxlayın."
"Error! Failed to get request token.","Xəta! Sorğu tokeni alına bilmədi."
"Invalid {0} or {1}","Yanlış {0} və ya {1}"
"Error! Failed to get access token.","Xəta! Giriş tokeni alına bilmədi."
"Invalid Consumer Key or Consumer Secret Key","Yanlış İstehlakçı Açarı və ya İstehlakçı Məxfi Açarı"
"Your Session will be expire in","Sessiyanızın bitməsinə"
"days.","gün qalıb."
"Session is expired. Save doc to login.","Sessiya bitib. Giriş etmək üçün sənədi yadda saxlayın."
"Error While Uploading Image","Şəkil Yüklənərkən Xəta"
"You Didn't have permission to access this API","Bu API-yə daxil olmaq üçün icazəniz yoxdur"
"Valid Upto date cannot be before Valid From date","""Bitmə tarixi"" ""Başlama tarixi""ndən əvvəl ola bilməz"
"Valid From date not in Fiscal Year {0}","""Başlama tarixi"" {0} Maliyyə İlində deyil"
"Valid Upto date not in Fiscal Year {0}","""Bitmə tarixi"" {0} Maliyyə İlində deyil"
"Group Roll No","Qrup Roll No"
"Maintain Same Rate Throughout Sales Cycle","Satış Dövrü Ərzində Eyni Qiyməti Saxla"
"Row {1}: Quantity ({0}) cannot be a fraction. To allow this, disable '{2}' in UOM {3}.","Sətir {1}: Miqdar ({0}) kəsr ola bilməz. Buna icazə vermək üçün {3} Vahidində '{2}' seçimini deaktiv edin."
"Must be Whole Number","Tam Ədəd Olmalıdır"
"Please setup Razorpay Plan ID","Zəhmət olmasa Razorpay Plan ID-sini quraşdırın"
"Contact Creation Failed","Kontakt Yaradılması Uğursuz Oldu"
"Leaves Expired","Məzuniyyətlərin Müddəti Bitdi"
"Row #{}: {} of {} should be {}. Please modify the account or select a different account.","Sətir #{}: {} / {} - {} olmalıdır. Zəhmət olmasa hesabı dəyişdirin və ya başqa hesab seçin."
"Row #{}: Please asign task to a member.","Sətir #{}: Zəhmət olmasa tapşırığı bir üzvə təyin edin."
"Process Failed","Proses Uğursuz Oldu"
"Tally Migration Error","Tally Miqrasiya Xətası"
"Please set Warehouse in Woocommerce Settings","Zəhmət olmasa Woocommerce Parametrlərində Anbar təyin edin"
"Row {0}: Delivery Warehouse ({1}) and Customer Warehouse ({2}) can not be same","Sətir {0}: Çatdırılma Anbarı ({1}) və Müştəri Anbarı ({2}) eyni ola bilməz"
"Row {0}: Due Date in the Payment Terms table cannot be before Posting Date","Sətir {0}: Ödəniş Şərtləri cədvəlindəki Son Tarix Qeyd Tarixindən əvvəl ola bilməz"
"Cannot find {} for item {}. Please set the same in Item Master or Stock Settings.","{} materialı üçün {} tapılmadı. Zəhmət olmasa Material Kartında və ya Stok Parametrlərində eynisini təyin edin."
"Row #{0}: The batch {1} has already expired.","Sətir #{0}: {1} partiyasının istifadə müddəti artıq bitib."
"Start Year and End Year are mandatory","Başlanğıc İli və Bitmə İli məcburidir"
"GL Entry","Baş Kitab Qeydi"
"Cannot allocate more than {0} against payment term {1}","{1} ödəniş şərtinə qarşı {0}-dan çox vəsait ayrıla bilməz"
"The root account {0} must be a group","{0} kök hesabı qrup olmalıdır"
"Shipping rule not applicable for country {0} in Shipping Address","Çatdırılma qaydası Çatdırılma Ünvanındakı {0} ölkəsi üçün tətbiq edilmir"
"Get Payments from","Ödənişləri buradan al"
"Set Shipping Address or Billing Address","Çatdırılma Ünvanı və ya Faktura Ünvanını təyin edin"
"Consultation Setup","Konsultasiya Quraşdırması"
"Fee Validity","Ödənişin Etibarlılığı"
"Laboratory Setup","Laboratoriya Quraşdırması"
"Dosage Form","Doza Forması"
"Records and History","Qeydlər və Tarixçə"
"Patient Medical Record","Pasiyent Tibbi Qeydi"
"Rehabilitation","Reabilitasiya"
"Exercise Type","Məşq Növü"
"Exercise Difficulty Level","Məşq Çətinlik Səviyyəsi"
"Therapy Type","Terapiya Növü"
"Therapy Plan","Terapiya Planı"
"Therapy Session","Terapiya Seansı"
"Motor Assessment Scale","Motor Qiymətləndirmə Şkalası"
"[Important] [ERPNext] Auto Reorder Errors","[Vacib] [ERPNext] Avtomatik Sifariş Xətaları"
"Regards,","Hörmətlə,"
"The following {0} were created: {1}","Aşağıdakı {0} yaradıldı: {1}"
"Work Orders","İş Sifarişləri"
"The {0} {1} created sucessfully","{0} {1} uğurla yaradıldı"
"Work Order cannot be created for following reason: <br> {0}","İş Sifarişi aşağıdakı səbəbə görə yaradıla bilməz: <br> {0}"
"Add items in the Item Locations table","Material Yerləri cədvəlinə materiallar əlavə edin"
"Update Current Stock","Cari Stoku Yenilə"
"{0} Retain Sample is based on batch, please check Has Batch No to retain sample of item","{0} Nümunə Saxlama partiyaya əsaslanır, zəhmət olmasa materialın nümunəsini saxlamaq üçün Partiya Nömrəsi Var seçimini yoxlayın"
"Empty","Boş"
"Currently no stock available in any warehouse","Hazırda heç bir anbarda stok mövcud deyil"
"BOM Qty","Resept Miqdarı"
"Time logs are required for {0} {1}","{0} {1} üçün vaxt qeydləri tələb olunur"
"Total Completed Qty","Ümumi Tamamlanmış Miqdar"
"Qty to Manufacture","İstehsal Olunacaq Miqdar"
"Social Media Campaigns","Sosial Media Kampaniyaları"
"From Date can not be greater than To Date","Başlama Tarixi Bitmə Tarixindən böyük ola bilməz"
"Please set a Customer linked to the Patient","Zəhmət olmasa Pasiyentlə əlaqəli Müştəri təyin edin"
"Customer Not Found","Müştəri Tapılmadı"
"Please Configure Clinical Procedure Consumable Item in","Zəhmət olmasa Kliniki Prosedur Sərfiyyat Materialını konfiqurasiya edin:"
"Missing Configuration","Çatışmayan Konfiqurasiya"
"Out Patient Consulting Charge Item","Ambulator Konsultasiya Ödəniş Materialı"
"Inpatient Visit Charge Item","Stasionar Vizit Ödəniş Materialı"
"OP Consulting Charge","Ambulator Konsultasiya Ödənişi"
"Inpatient Visit Charge","Stasionar Vizit Ödənişi"
"Appointment Status","Randevu Statusu"
"Test:","Test:"
"Collection Details:","Toplama Detalları:"
"{0} out of {1}","{0} / {1}"
"Select Therapy Type","Terapiya Növünü Seçin"
"{0} sessions completed","{0} seans tamamlandı"
"{0} session completed","{0} seans tamamlandı"
"out of {0}","/ {0}"
"Therapy Sessions","Terapiya Seansları"
"Add Exercise Step","Məşq Addımı Əlavə Et"
"Edit Exercise Step","Məşq Addımını Redaktə Et"
"Patient Appointments","Pasiyent Randevuları"
"Item with Item Code {0} already exists","{0} Material Kodlu material artıq mövcuddur"
"Registration Fee cannot be negative or zero","Qeydiyyat Haqqı mənfi və ya sıfır ola bilməz"
"Configure a service Item for {0}","{0} üçün xidmət Materialı konfiqurasiya edin"
"Temperature:","Temperatur:"
"Pulse:","Nəbz:"
"Respiratory Rate:","Tənəffüs dərəcəsi:"
"BP:","Qan təzyiqi:"
"BMI:","Bədən Kütləsi İndeksi (BMI):"
"Note:","Qeyd:"
"Check Availability","Mövcudluğu Yoxla"
"Please select Patient first","Zəhmət olmasa əvvəlcə Pasiyent seçin"
"Please select a Mode of Payment first","Zəhmət olmasa əvvəlcə Ödəniş Üsulunu seçin"
"Please set the Paid Amount first","Zəhmət olmasa əvvəlcə Ödənilən Məbləği təyin edin"
"Not Therapies Prescribed","Təyin Edilmiş Terapiya Yoxdur"
"There are no Therapies prescribed for Patient {0}","{0} Pasiyenti üçün təyin edilmiş Terapiya yoxdur"
"Appointment date and Healthcare Practitioner are Mandatory","Randevu tarixi və Tibb İşçisi Məcburidir"
"No Prescribed Procedures found for the selected Patient","Seçilmiş Pasiyent üçün Təyin Edilmiş Prosedur tapılmadı"
"Please select a Patient first","Zəhmət olmasa əvvəlcə Pasiyent seçin"
"There are no procedure prescribed for","Təyin edilmiş prosedur yoxdur:"
"Prescribed Therapies","Təyin Edilmiş Terapiyalar"
"Appointment overlaps with","Randevu üst-üstə düşür:"
"{0} has appointment scheduled with {1} at {2} having {3} minute(s) duration.","{0}-in {1} ilə {2}-də {3} dəqiqəlik randevusu var."
"Appointments Overlapping","Randevular Üst-üstə Düşür"
"Consulting Charges: {0}","Konsultasiya Ödənişləri: {0}"
"Appointment Cancelled. Please review and cancel the invoice {0}","Randevu Ləğv Edildi. Zəhmət olmasa {0} fakturasını nəzərdən keçirin və ləğv edin"
"Appointment Cancelled.","Randevu Ləğv Edildi."
"Fee Validity {0} updated.","Ödəniş Etibarlılığı {0} yeniləndi."
"Practitioner Schedule Not Found","Həkim Cədvəli Tapılmadı"
"{0} is on a Half day Leave on {1}","{0}, {1} tarixində Yarım gün Məzuniyyətdədir"
"{0} is on Leave on {1}","{0}, {1} tarixində Məzuniyyətdədir"
"{0} does not have a Healthcare Practitioner Schedule. Add it in Healthcare Practitioner","{0}-in Tibb İşçisi Cədvəli yoxdur. Bunu Tibb İşçisi bölməsində əlavə edin"
"Healthcare Service Units","Səhiyyə Xidmət Vahidləri"
"Complete and Consume","Tamamla və İstehlak Et"
"Complete {0} and Consume Stock?","{0} tamamlansın və Stok İstehlak Edilsin?"
"Complete {0}?","{0} tamamlansın?"
"Stock quantity to start the Procedure is not available in the Warehouse {0}. Do you want to record a Stock Entry?","Prosedura başlamaq üçün {0} Anbarında stok miqdarı mövcud deyil. Stok Qəbzi qeyd etmək istəyirsiniz?"
"{0} as on {1}","{1} tarixinə olan {0}"
"Clinical Procedure ({0}):","Klinik Prosedur ({0}):"
"Please set Customer in Patient {0}","Zəhmət olmasa {0} Pasiyentində Müştəri təyin edin"
"Item {0} is not active","{0} Materialı aktiv deyil"
"Therapy Plan {0} created successfully.","{0} Terapiya Planı uğurla yaradıldı."
"Symptoms:","Simptomlar:"
"No Symptoms","Simptom Yoxdur"
"Diagnosis:","Diaqnoz:"
"No Diagnosis","Diaqnoz Yoxdur"
"Drug(s) Prescribed.","Təyin Edilmiş Dərman(lar)."
"Test(s) Prescribed.","Təyin Edilmiş Test(lər)."
"Procedure(s) Prescribed.","Təyin Edilmiş Prosedur(lar)."
"Counts Completed: {0}","Saylar Tamamlandı: {0}"
"Patient Assessment","Pasiyent Qiymətləndirməsi"
"Assessments","Qiymətləndirmələr"
"Heads (or groups) against which Accounting Entries are made and balances are maintained.","Mühasibat Qeydlərinin aparıldığı və balansların saxlandığı Başlıqlar (və ya qruplar)."
"Account Name","Hesab Adı"
"Inter Company Account","Şirkətlərarası Hesab"
"Parent Account","Ana Hesab"
"Setting Account Type helps in selecting this Account in transactions.","Hesab Növünün təyin edilməsi əməliyyatlarda bu Hesabın seçilməsinə kömək edir."
"Chargeable","Ödənişli"
"Rate at which this tax is applied","Bu verginin tətbiq olunduğu dərəcə"
"Frozen","Dondurulmuş"
"If the account is frozen, entries are allowed to restricted users.","Hesab dondurulubsa, qeydlərə məhdud istifadəçilər üçün icazə verilir."
"Balance must be","Balans olmalıdır"
"Lft","Sol"
"Rgt","Sağ"
"Old Parent","Köhnə Ana (Hesab)"
"Include in gross","Ümumi məbləğə daxil et"
"Auditor","Auditor"
"Accounting Dimension","Uçot Xüsusiyyəti"
"Dimension Name","Xüsusiyyət Adı"
"Dimension Defaults","Xüsusiyyət İlkin Dəyərləri"
"Accounting Dimension Detail","Uçot Xüsusiyyəti Təfərrüatı"
"Default Dimension","İlkin Xüsusiyyət"
"Mandatory For Balance Sheet","Balans Hesabatı Üçün Məcburi"
"Mandatory For Profit and Loss Account","Mənfəət və Zərər Hesabatı Üçün Məcburi"
"Accounting Period","Mühasibat Dövrü"
"Period Name","Dövr Adı"
"Closed Documents","Bağlanmış Sənədlər"
"Accounts Settings","Hesab Parametrləri"
"Settings for Accounts","Hesablar üçün Parametrlər"
"Make Accounting Entry For Every Stock Movement","Hər Stok Hərəkəti Üçün Mühasibat Qeydi Yarat"
"Users with this role are allowed to set frozen accounts and create / modify accounting entries against frozen accounts","Bu rola malik istifadəçilərə dondurulmuş hesabları təyin etməyə və dondurulmuş hesablara qarşı mühasibat qeydləri yaratmağa / dəyişdirməyə icazə verilir"
"Determine Address Tax Category From","Ünvan Vergi Kateqoriyasını Buradan Müəyyən Et"
"Over Billing Allowance (%)","Həddindən Artıq Fakturalandırma İcazəsi (%)"
"Credit Controller","Kredit Nəzarətçisi"
"Check Supplier Invoice Number Uniqueness","Təchizatçı Faktura Nömrəsinin Unikallığını Yoxla"
"Make Payment via Journal Entry","Ödənişi Uçot Qəbzi ilə Et"
"Unlink Payment on Cancellation of Invoice","Fakturanın Ləğvi Zamanı Ödənişi Ayır"
"Book Asset Depreciation Entry Automatically","Aktivin Amortizasiya Qeydini Avtomatik Yaz"
"Automatically Add Taxes and Charges from Item Tax Template","Material Vergi Şablonundan Vergiləri və Xərcləri Avtomatik Əlavə Et"
"Automatically Fetch Payment Terms","Ödəniş Şərtlərini Avtomatik Gətir"
"Show Payment Schedule in Print","Çapda Ödəniş Cədvəlini Göstər"
"Currency Exchange Settings","Valyuta Mübadiləsi Parametrləri"
"Allow Stale Exchange Rates","Köhnəlmiş Məzənnələrə İcazə Ver"
"Stale Days","Köhnəlmə Günləri"
"Report Settings","Hesabat Parametrləri"
"Use Custom Cash Flow Format","Xüsusi Pul Hərəkəti Formatından İstifadə Et"
"Allowed To Transact With","Əməliyyat Aparmağa İcazə Verilir"
"SWIFT number","SWIFT nömrəsi"
"Branch Code","Filial Kodu"
"Address and Contact","Ünvan və Əlaqə"
"Address HTML","Ünvan HTML"
"Contact HTML","Əlaqə HTML"
"Data Import Configuration","Məlumatların İdxal Konfiqurasiyası"
"Bank Transaction Mapping","Bank Əməliyyatlarının Xəritələnməsi"
"Plaid Access Token","Plaid Giriş Tokeni"
"Company Account","Şirkət Hesabı"
"Account Subtype","Hesabın Alt Növü"
"Is Default Account","Əsas Hesabdır"
"Is Company Account","Şirkət Hesabıdır"
"Party Details","Tərəf Təfərrüatları"
"Account Details","Hesab Təfərrüatları"
"IBAN","IBAN"
"Bank Account No","Bank Hesabı Nömrəsi"
"Integration Details","İnteqrasiya Təfərrüatları"
"Integration ID","İnteqrasiya ID"
"Last Integration Date","Son İnteqrasiya Tarixi"
"Change this date manually to setup the next synchronization start date","Növbəti sinxronizasiya başlama tarixini təyin etmək üçün bu tarixi əl ilə dəyişdirin"
"Mask","Maska"
"Bank Account Subtype","Bank Hesabı Alt Növü"
"Bank Account Type","Bank Hesabı Növü"
"Bank Guarantee","Bank Zəmanəti"
"Bank Guarantee Type","Bank Zəmanəti Növü"
"Receiving","Qəbul Edilir"
"Providing","Təqdim Edilir"
"Reference Document Name","İstinad Sənədinin Adı"
"Validity in Days","Günlərlə Etibarlılıq"
"Bank Account Info","Bank Hesabı Məlumatı"
"Clauses and Conditions","Müddəalar və Şərtlər"
"Other Details","Digər Təfərrüatlar"
"Bank Guarantee Number","Bank Zəmanəti Nömrəsi"
"Name of Beneficiary","Benefisiarın Adı"
"Margin Money","Marja Pulu"
"Charges Incurred","Çəkilən Xərclər"
"Fixed Deposit Number","Depozit Nömrəsi"
"Account Currency","Hesab Valyutası"
"Select the Bank Account to reconcile.","Üzləşdirmək üçün Bank Hesabını seçin."
"Include Reconciled Entries","Üzləşdirilmiş Qeydləri Daxil Et"
"Get Payment Entries","Ödəniş Qeydlərini Al"
"Payment Entries","Ödəniş Qeydləri"
"Update Clearance Date","Təmizlənmə Tarixini Yenilə"
"Bank Reconciliation Detail","Bank Üzləşdirmə Təfərrüatı"
"Cheque Number","Çek Nömrəsi"
"Cheque Date","Çek Tarixi"
"Statement Header Mapping","Çıxış Başlığı Xəritələnməsi"
"Statement Headers","Çıxış Başlıqları"
"Transaction Data Mapping","Əməliyyat Məlumatlarının Xəritələnməsi"
"Mapped Items","Xəritələnmiş Materiallar"
"Bank Statement Settings Item","Bank Çıxarışı Parametrləri Materialı"
"Mapped Header","Xəritələnmiş Başlıq"
"Bank Header","Bank Başlığı"
"Bank Statement Transaction Entry","Bank Çıxarışı Əməliyyat Girişi"
"Bank Transaction Entries","Bank Əməliyyat Girişləri"
"New Transactions","Yeni Əməliyyatlar"
"Match Transaction to Invoices","Əməliyyatı Fakturalarla Uyğunlaşdır"
"Create New Payment/Journal Entry","Yeni Ödəniş/Uçot Qəbzi Yarat"
"Submit/Reconcile Payments","Ödənişləri Təsdiqlə/Üzləşdir"
"Matching Invoices","Uyğun Fakturalar"
"Payment Invoice Items","Ödəniş Faktura Materialları"
"Reconciled Transactions","Üzləşdirilmiş Əməliyyatlar"
"Bank Statement Transaction Invoice Item","Bank Çıxarışı Əməliyyatı Faktura Materialı"
"Payment Description","Ödəniş Təsviri"
"Invoice Date","Faktura Tarixi"
"invoice","faktura"
"Bank Statement Transaction Payment Item","Bank Çıxarışı Əməliyyatı Ödəniş Materialı"
"outstanding_amount","odenilmeli_mebleg"
"Payment Reference","Ödəniş İstinadı"
"Bank Statement Transaction Settings Item","Bank Çıxarışı Əməliyyat Parametrləri Materialı"
"Bank Data","Bank Məlumatları"
"Mapped Data Type","Xəritələnmiş Məlumat Növü"
"Mapped Data","Xəritələnmiş Məlumat"
"Bank Transaction","Bank Əməliyyatı"
"ACC-BTN-.YYYY.-","ACC-BTN-.YYYY.-"
"Transaction ID","Əməliyyat ID"
"Unallocated Amount","Təhsis Edilməmiş Məbləğ"
"Field in Bank Transaction","Bank Əməliyyatındakı Sahə"
"Column in Bank File","Bank Faylındakı Sütun"
"Bank Transaction Payments","Bank Əməliyyat Ödənişləri"
"Control Action","Nəzarət Tədbiri"
"Applicable on Material Request","Material Tələbinə Tətbiq Edilir"
"Action if Annual Budget Exceeded on MR","MT-də İllik Büdcə Aşıldıqda Tədbir"
"Warn","Xəbərdarlıq Et"
"Ignore","İqnor Et"
"Action if Accumulated Monthly Budget Exceeded on MR","MT-də Yığılmış Aylıq Büdcə Aşıldıqda Tədbir"
Applicable on Purchase Order,Satınalma Sifarişində tətbiq olunur
Action if Annual Budget Exceeded on PO,Satınalma Sifarişində İllik Büdcə Aşıldıqda Fəaliyyət
Action if Accumulated Monthly Budget Exceeded on PO,Satınalma Sifarişində Yığılmış Aylıq Büdcə Aşıldıqda Fəaliyyət
Applicable on booking actual expenses,Faktiki xərclərin sifarişi zamanı tətbiq olunur
Action if Annual Budget Exceeded on Actual,Faktiki İllik Büdcə Aşıldıqda Fəaliyyət
Action if Accumulated Monthly Budget Exceeded on Actual,Faktiki Yığılmış Aylıq Büdcə Aşıldıqda Fəaliyyət
Budget Accounts,Büdcə Hesabları
Budget Account,Büdcə Hesabı
Budget Amount,Büdcə Məbləği
C-Form,C-Forma
C-Form No,C-Forma Nömrəsi
Received Date,Qəbul Tarixi
Quarter,Rüb
C-Form Invoice Detail,C-Forma Faktura Detalları
Invoice No,Faktura Nömrəsi
Cash Flow Mapper,Pul Vəsaitlərinin Hərəkəti Xəritəsi
Section Name,Bölmə Adı
Section Header,Bölmə Başlığı
Section Leader,Bölmə Rəhbəri
e.g. Adjustments for:,məs. Düzəlişlər:
Section Subtotal,Bölmə Yekunu
Section Footer,Bölmə Altbilgisi
Cash Flow Mapping,Pul Vəsaitlərinin Hərəkətinin Xəritələşdirilməsi
Select Maximum Of 1,Maksimum 1 Seçin
Is Finance Cost,Maliyyə Xərcidir
Is Working Capital,Dövriyyə Kapitalıdır
Is Finance Cost Adjustment,Maliyyə Xərcləri Düzəlişidir
Is Income Tax Liability,Gəlir Vergisi Öhdəliyidir
Is Income Tax Expense,Gəlir Vergisi Xərcidir
Cash Flow Mapping Accounts,Pul Vəsaitlərinin Hərəkəti Xəritələşdirmə Hesabları
account,hesab
Cash Flow Mapping Template,Pul Vəsaitlərinin Hərəkəti Xəritələşdirmə Şablonu
Cash Flow Mapping Template Details,Pul Vəsaitlərinin Hərəkəti Xəritələşdirmə Şablon Detalları
Custody,Nəzarət
Net Amount,Net Məbləğ
Cashier Closing Payments,Kassir Bağlanış Ödənişləri
Chart of Accounts Importer,Hesablar Planı İdxalçısı
Import Chart of Accounts from a csv file,Hesablar Planını csv faylından idxal edin
Attach custom Chart of Accounts file,Xüsusi Hesablar Planı faylını əlavə edin
Chart Preview,Qrafik Önizləmə
Chart Tree,Qrafik Ağacı
Cheque Print Template,Çek Çap Şablonu
Has Print Format,Çap Formatı var
Primary Settings,Əsas Parametrlər
Cheque Size,Çek Ölçüsü
Regular,Daimi
Starting position from top edge,Yuxarı kənardan başlanğıc mövqeyi
Cheque Width,Çek Eni
Cheque Height,Çek Hündürlüyü
Scanned Cheque,Skan edilmiş Çek
Is Account Payable,Kredit Borcudur
Distance from top edge,Yuxarı kənardan məsafə
Distance from left edge,Sol kənardan məsafə
Message to show,Göstəriləcək mesaj
Date Settings,Tarix Parametrləri
Starting location from left edge,Sol kənardan başlanğıc yeri
Payer Settings,Ödəyici Parametrləri
Width of amount in word,Məbləğin sözlə eni
Line spacing for amount in words,Məbləğin sözlə sətir aralığı
Amount In Figure,Rəqəmlə Məbləğ
Signatory Position,İmza Sahibinin Vəzifəsi
Closed Document,Bağlanmış Sənəd
Track separate Income and Expense for product verticals or divisions.,Məhsul şaqulları və ya bölmələri üçün ayrı Gəlir və Xərcləri izləyin.
Cost Center Name,Xərc Mərkəzi Adı
Parent Cost Center,Ana Xərc Mərkəzi
lft,sol
rgt,sağ
Coupon Code,Kupon Kodu
Coupon Name,Kupon Adı
e.g. "Summer Holiday 2019 Offer 20",məs. "Yay Tətili 2019 Təklif 20"
Coupon Type,Kupon Növü
Promotional,Promosyon
Gift Card,Hədiyyə Kartı
unique e.g. SAVE20  To be used to get discount,unikal məs. SAVE20 Endirim əldə etmək üçün istifadə olunur
Validity and Usage,Etibarlılıq və İstifadə
Valid From,Etibarlıdır (Tarixdən)
Valid Upto,Etibarlıdır (Tarixə qədər)
Maximum Use,Maksimum İstifadə
Used,İstifadə olunub
Coupon Description,Kupon Təsviri
Discounted Invoice,Endirimli Faktura
Debit to,Debet (Kimin adına)
Exchange Rate Revaluation,Məzənnənin Yenidən Qiymətləndirilməsi
Get Entries,Girişləri Alın
Exchange Rate Revaluation Account,Məzənnənin Yenidən Qiymətləndirilməsi Hesabı
Total Gain/Loss,Ümumi Qazanc/İtki
Balance In Account Currency,Hesab Valyutasında Balans
Current Exchange Rate,Cari Məzənnə
Balance In Base Currency,Baza Valyutasında Balans
New Exchange Rate,Yeni Məzənnə
New Balance In Base Currency,Baza Valyutasında Yeni Balans
Gain/Loss,Qazanc/İtki
**Fiscal Year** represents a Financial Year. All accounting entries and other major transactions are tracked against **Fiscal Year**.,**Maliyyə İli** Maliyyə İlini təmsil edir. Bütün mühasibat qeydləri və digər əsas əməliyyatlar **Maliyyə İli** üzrə izlənilir.
Year Name,İl Adı
"For e.g. 2012, 2012-13","Məsələn, 2012, 2012-13"
Year Start Date,İlin Başlanğıc Tarixi
Year End Date,İlin Son Tarixi
Companies,Şirkətlər
Auto Created,Avtomatik Yaradıldı
Stock User,Stok İstifadəçisi
Fiscal Year Company,Maliyyə İli Şirkəti
Debit Amount,Debet Məbləği
Credit Amount,Kredit Məbləği
Debit Amount in Account Currency,Hesab Valyutasında Debet Məbləği
Credit Amount in Account Currency,Hesab Valyutasında Kredit Məbləği
Voucher Detail No,Sənəd Detal Nömrəsi
Is Opening,Açılışdır
Is Advance,Avansdır
To Rename,Adını Dəyişmək Üçün
GST Account,ƏDV Hesabı
CGST Account,CGST Hesabı
SGST Account,SGST Hesabı
IGST Account,IGST Hesabı
CESS Account,CESS Hesabı
Loan Start Date,Kreditin Başlama Tarixi
Loan Period (Days),Kredit Müddəti (Günlər)
Loan End Date,Kreditin Bitmə Tarixi
Bank Charges,Bank Xərcləri
Short Term Loan Account,Qısamüddətli Kredit Hesabı
Bank Charges Account,Bank Xərcləri Hesabı
Accounts Receivable Credit Account,Debitor Borcları Kredit Hesabı
Accounts Receivable Discounted Account,Debitor Borcları Endirimli Hesabı
Accounts Receivable Unpaid Account,Debitor Borcları Ödənilməmiş Hesab
Item Tax Template,Material Vergi Şablonu
Tax Rates,Vergi Dərəcələri
Item Tax Template Detail,Material Vergi Şablonu Detalı
Entry Type,Giriş Növü
Inter Company Journal Entry,Şirkətlərarası Jurnal Girişi
Bank Entry,Bank Girişi
Cash Entry,Kassa Girişi
Credit Card Entry,Kredit Kartı Girişi
Contra Entry,Kontra Giriş
Excise Entry,Aksiz Girişi
Write Off Entry,Silinmə Girişi
Opening Entry,Açılış Girişi
Accounting Entries,Mühasibat Qeydləri
Total Debit,Cəmi Debet
Total Credit,Cəmi Kredit
Difference (Dr - Cr),Fərq (Dr - Kr)
Make Difference Entry,Fərq Girişi Yaradın
Total Amount Currency,Ümumi Məbləğ Valyutası
Total Amount in Words,Sözlə Ümumi Məbləğ
Remark,Qeyd
Paid Loan,Ödənilmiş Kredit
Inter Company Journal Entry Reference,Şirkətlərarası Jurnal Girişinə İstinad
Write Off Based On,Silinmə Əsası
Get Outstanding Invoices,Ödənilməmiş Fakturaları Alın
Write Off Amount,Silinmə Məbləği
Printing Settings,Çap Parametrləri
Pay To / Recd From,Ödəniləcək / Kimdən Alınacaq
Payment Order,Ödəniş Sifarişi
Subscription Section,Abunəlik Bölməsi
Journal Entry Account,Jurnal Girişi Hesabı
Account Balance,Hesab Balansı
Party Balance,Tərəf Balansı
Accounting Dimensions,Uçot Xüsusiyyətləri
If Income or Expense,Gəlir və ya Xərcdirsə
Exchange Rate,Məzənnə
Debit in Company Currency,Şirkət Valyutasında Debet
Credit in Company Currency,Şirkət Valyutasında Kredit
Payroll Entry,Əmək Haqqı Girişi
Employee Advance,İşçi Avansı
Reference Due Date,İstinadın Son Tarixi
Loyalty Program Tier,Sadiqlik Proqramı Səviyyəsi
Redeem Against,Qarşı Geri Alma
Expiry Date,Bitmə Tarixi
Loyalty Point Entry Redemption,Sadiqlik Xalı Girişinin Geri Alınması
Redemption Date,Geri Alma Tarixi
Redeemed Points,Geri Alınmış Xallar
Loyalty Program Name,Sadiqlik Proqramı Adı
Loyalty Program Type,Sadiqlik Proqramı Növü
Single Tier Program,Tək Səviyyəli Proqram
Multiple Tier Program,Çox Səviyyəli Proqram
Customer Territory,Müştəri Ərazisi
Auto Opt In (For all customers),Avtomatik Qoşulma (Bütün müştərilər üçün)
Collection Tier,Toplama Səviyyəsi
Collection Rules,Toplama Qaydaları
Redemption,Geri Alma
Conversion Factor,Çevirmə Əmsalı
1 Loyalty Points = How much base currency?,1 Sadiqlik Xalı = Nə qədər baza valyutası?
Expiry Duration (in days),Bitmə Müddəti (günlərlə)
Help Section,Kömək Bölməsi
Loyalty Program Help,Sadiqlik Proqramı Kömək
Loyalty Program Collection,Sadiqlik Proqramı Toplusu
Tier Name,Səviyyə Adı
Minimum Total Spent,Minimum Cəmi Xərclənən
Collection Factor (=1 LP),Toplama Əmsalı (=1 SX)
For how much spent = 1 Loyalty Point,Nə qədər xərclənən = 1 Sadiqlik Xalı
Mode of Payment Account,Ödəniş Üsulu Hesabı
Default Account,Varsayılan Hesab
Default account will be automatically updated in POS Invoice when this mode is selected.,Bu rejim seçildikdə varsayılan hesab POS Fakturasında avtomatik yenilənəcək.
**Monthly Distribution** helps you distribute the Budget/Target across months if you have seasonality in your business.,**Aylıq Paylama** biznesinizdə mövsümilik varsa, Büdcəni/Hədəfi aylar üzrə paylamağa kömək edir.
Distribution Name,Paylama Adı
Name of the Monthly Distribution,Aylıq Paylamanın Adı
Monthly Distribution Percentages,Aylıq Paylama Faizləri
Monthly Distribution Percentage,Aylıq Paylama Faizi
Percentage Allocation,Faiz Ayrılması
Create Missing Party,Çatışmayan Tərəfi Yaradın
Create missing customer or supplier.,Çatışmayan müştəri və ya təchizatçı yaradın.
Opening Invoice Creation Tool Item,Açılış Fakturası Yaratma Aləti Materialı
Temporary Opening Account,Müvəqqəti Açılış Hesabı
Party Account,Tərəf Hesabı
Type of Payment,Ödəniş Növü
Receive,Qəbul etmək
Internal Transfer,Daxili Transfer
Payment Order Status,Ödəniş Sifarişi Statusu
Payment Ordered,Ödəniş Sifariş Edildi
Payment From / To,Ödəniş Kimdən / Kimə
Company Bank Account,Şirkət Bank Hesabı
Party Bank Account,Tərəf Bank Hesabı
Account Paid From,Hesabdan Ödənilib
Account Paid To,Hesaba Ödənilib
Paid Amount (Company Currency),Ödənilmiş Məbləğ (Şirkət Valyutası)
Received Amount,Qəbul Edilən Məbləğ
Received Amount (Company Currency),Qəbul Edilən Məbləğ (Şirkət Valyutası)
Get Outstanding Invoice,Ödənilməmiş Fakturanı Alın
Payment References,Ödəniş İstinadları
Writeoff,Silinmə
Total Allocated Amount,Cəmi Ayrılmış Məbləğ
Total Allocated Amount (Company Currency),Cəmi Ayrılmış Məbləğ (Şirkət Valyutası)
Set Exchange Gain / Loss,Məzənnə Qazancını / İtkisini Təyin Edin
Difference Amount (Company Currency),Fərq Məbləği (Şirkət Valyutası)
Write Off Difference Amount,Fərq Məbləğini Silin
Deductions or Loss,Çıxılmalar və ya İtki
Payment Deductions or Loss,Ödəniş Çıxılmaları və ya İtki
Cheque/Reference Date,Çek/İstinad Tarixi
Payment Entry Deduction,Ödəniş Girişi Çıxılması
Payment Entry Reference,Ödəniş Girişi İstinadı
Allocated,Ayrılmış
Payment Gateway Account,Ödəniş Şlüzü Hesabı
Payment Account,Ödəniş Hesabı
Default Payment Request Message,Varsayılan Ödəniş Sorğusu Mesajı
Payment Order Type,Ödəniş Sifarişi Növü
Payment Order Reference,Ödəniş Sifarişi İstinadı
Bank Account Details,Bank Hesabı Detalları
Payment Reconciliation,Ödənişlərin Üzləşdirilməsi
Receivable / Payable Account,Debitor / Kreditor Hesabı
Bank / Cash Account,Bank / Kassa Hesabı
From Invoice Date,Faktura Tarixindən
To Invoice Date,Faktura Tarixinə
Minimum Invoice Amount,Minimum Faktura Məbləği
Maximum Invoice Amount,Maksimum Faktura Məbləği
System will fetch all the entries if limit value is zero.,Limit dəyəri sıfırdırsa, sistem bütün girişləri gətirəcək.
Get Unreconciled Entries,Uzlaşdırılmayan Qeydləri Al
Unreconciled Payment Details,Üzləşdirilməmiş Ödəniş Detalları
Invoice/Journal Entry Details,Faktura/Jurnal Girişi Detalları
Payment Reconciliation Invoice,Ödəniş Üzləşdirmə Fakturası
Invoice Number,Faktura Nömrəsi
Payment Reconciliation Payment,Ödəniş Üzləşdirmə Ödənişi
Reference Row,İstinad Sətri
Allocated amount,Ayrılmış məbləğ
Payment Request Type,Ödəniş Sorğusu Növü
Outward,Xarici
Inward,Daxili
Transaction Details,Əməliyyat Detalları
Amount in customer's currency,Müştərinin valyutasında məbləğ
Is a Subscription,Abunəlikdir
Transaction Currency,Əməliyyat Valyutası
Subscription Plans,Abunəlik Planları
SWIFT Number,SWIFT Nömrəsi
Recipient Message And Payment Details,Alıcı Mesajı Və Ödəniş Detalları
Make Sales Invoice,Satış Fakturası Yaradın
Mute Email,E-poçtu Səssizləşdirin
payment_url,payment_url
Payment Gateway Details,Ödəniş Şlüzü Detalları
Payment Schedule,Ödəniş Cədvəli
Invoice Portion,Faktura Hissəsi
Payment Amount,Ödəniş Məbləği
Payment Term Name,Ödəniş Şərtinin Adı
Due Date Based On,Son Tarix Əsasında
Day(s) after invoice date,Faktura tarixindən sonrakı gün(lər)
Day(s) after the end of the invoice month,Faktura ayının sonundan sonrakı gün(lər)
Month(s) after the end of the invoice month,Faktura ayının sonundan sonrakı ay(lar)
Credit Days,Kredit Günləri
Credit Months,Kredit Ayları
Allocate Payment Based On Payment Terms,Ödənişi Ödəniş Şərtlərinə Əsasən Ayırın
"If this checkbox is checked, paid amount will be splitted and allocated as per the amounts in payment schedule against each payment term","Əgər bu qutu işarələnərsə, ödənilən məbləğ hər bir ödəniş şərtinə qarşı ödəniş cədvəlindəki məbləğlərə uyğun olaraq bölünəcək və ayrılacaq"
Payment Terms Template Detail,Ödəniş Şərtləri Şablonu təfərrüatı
Closing Fiscal Year,Maliyyə İlinin Bağlanması
Closing Account Head,Bağlanış Hesab Başlığı
"The account head under Liability or Equity, in which Profit/Loss will be booked","Mənfəət/Zərərin qeyd olunacağı Öhdəlik və ya Kapital altındakı hesab başlığı"
POS Customer Group,POS Müştəri Qrupu
POS Field,POS Sahəsi
POS Item Group,POS Material Qrupu
Company Address,Şirkət Ünvanı
Update Stock,Stoku Yeniləyin
Ignore Pricing Rule,Qiymət Qaydasını İqnor Edin
Applicable for Users,İstifadəçilər üçün Tətbiq Olunur
Sales Invoice Payment,Satış Fakturası Ödənişi
Item Groups,Məhsul Qrupları
Only show Items from these Item Groups,Yalnız bu Məhsul Qruplarından olan Məhsulları göstərin
Customer Groups,Müştəri Qrupları
Only show Customer of these Customer Groups,Yalnız bu Müştəri Qruplarının Müştərilərini göstərin
Write Off Account,Silinmə Hesabı
Write Off Cost Center,Silinmə Xərc Mərkəzi
Account for Change Amount,Account for Change Amount
Taxes and Charges,Vergilər və Məsrəflər
Apply Discount On,Endirimi Tətbiq Edin
POS Profile User,POS Profili İstifadəçisi
Apply On,Tətbiq ediləcək
Price or Product Discount,Qiymət və ya məhsul endirimi
Apply Rule On Item Code,Qaydanı bu Materiallara Tətbiq et
Apply Rule On Item Group,Qaydanı Material Qrupuna Tətbiq et
Apply Rule On Brand,Qaydanı Brendə Tətbiq et
Mixed Conditions,Qarışıq şərtlər
Conditions will be applied on all the selected items combined.,Şərt, bütün seçilmiş məhsulların cəminə tətbiq olunacaq.
Is Cumulative,Kumulyativdir
Coupon Code Based,Kupon Kodu Əsaslıdır
Discount on Other Item,Endirimi diğər MƏhsula tətbiq et
Apply Rule On Other,Qaydanı tətbiq et
Party Information,Cari Hesab Məlumatı
Quantity and Amount,Miqdar və Məbləğ
Min Qty,Min.Miqdar
Max Qty,Maks.Miqdar
Min Amt,Min.Məbləğ
Max Amt,Maks.Məbləğ
Period Settings,Dövr Parametrləri
Margin,Marja
Margin Type,Marja Növü
Margin Rate or Amount,Marja Dərəcəsi və ya Məbləği
Price Discount Scheme,Qiymət endirimi sxemi
Rate or Discount,Dərəcə və ya Endirim
Discount Percentage,Endirim Faizi
Discount Amount,Endirim Məbləği
For Price List,Qiymət Cədvəli
Product Discount Scheme,Məhsul Endirimi Sxemi
Same Item,Eyni Məhsul
Free Item,Pulsuz Məhsul
Threshold for Suggestion,Təklif Üçün Hədd
System will notify to increase or decrease quantity or amount,Sistem miqdarı və ya məbləği artırmaq və ya azaltmaq barədə xəbərdarlıq edəcək
"Higher the number, higher the priority","Rəqəm nə qədər yüksəkdirsə, prioritet o qədər yüksəkdir"
Apply Multiple Pricing Rules,Çoxsaylı Qiymət Qaydalarını Tətbiq Edin
Apply Discount on Rate,Endirimi Dərəcəyə Tətbiq Edin
Validate Applied Rule,Tətbiq Edilmiş Qaydanı Təsdiqləyin
Rule Description,Qayda Təsviri
Pricing Rule Help,Qiymət Qaydası Kömək
Promotional Scheme Id,Promosyon Sxemi İD
Promotional Scheme,Promosyon Sxemi
Pricing Rule Brand,Pricing Rule Brand
Pricing Rule Detail,Pricing Rule Detail
Child Docname,Törəmə Sənəd Adı
Rule Applied,Qayda Tətbiq Edildi
Pricing Rule Item Code,Pricing Rule Item Code
Pricing Rule Item Group,Pricing Rule Item Group
Price Discount Slabs,Qiymət Endirimi Şkalaları
Promotional Scheme Price Discount,Promosyon Sxemi Qiymət Endirimi
Product Discount Slabs,Məhsul Endirimi Şkalaları
Promotional Scheme Product Discount,Promosyon Sxemi Məhsul Endirimi
Min Amount,Min Məbləğ
Max Amount,Max Məbləğ
Discount Type,Endirim Növü
Tax Withholding Category,Vergi Tutma Kateqoriyası
Edit Posting Date and Time,Tarix və Saatı redakte et
Is Paid,Ödənilmiş
Is Return (Debit Note),Geri qaytarma (Debet Qeydi)
Apply Tax Withholding Amount,Vergi tutulması məbləğini tətbiq et
Accounting Dimensions,Uçot Xüsusiyyətləri
Supplier Invoice Details,Təchizatçı Faktura Detalları
Supplier Invoice Date,Təchizatçı Faktura Tarixi
Return Against Purchase Invoice,Satınalma Fakturasına Qarşı Qaytarılma
Select Supplier Address,Təchizatçı Ünvanı Seçin
Contact Person,Kontakt şəxs
Select Shipping Address,Çatdırılma Ünvanını Seçin
Currency and Price List,Valyuta və Qiymət Cədvəli
Price List Currency,Qiymət Cədvəli Valyutası
Price List Exchange Rate,Qiymət Cədvəli Məzənnəsi
Set Accepted Warehouse,Qəbul edilən Anbar
Rejected Warehouse,Qəbul Edilməyənlərin Anbarı
Warehouse where you are maintaining stock of rejected items,Rədd edilmiş məhsulların stokunu saxladığınız anbar
Raw Materials Supplied,Təchiz Edilmiş Xammal
Supplier Warehouse,Təchizatçı Anbarı
Pricing Rules,Qiymət Qaydaları
Supplied Items,Təchiz Edilmiş Məhsullar
Total (Company Currency),Cəmi (Şirkət Valyutası)
Net Total (Company Currency),Xalis Cəmi (Şirkət Valyutası)
Total Net Weight,Ümumi xalis çəki
Shipping Rule,Çatdırılma Qaydası
Purchase Taxes and Charges Template,Satınalma Vergiləri və Məsrəflər Şablonu
Purchase Taxes and Charges,Satınalma Vergiləri və Məsrəfləri
Tax Breakup,Vergi Bölgüsü
Taxes and Charges Calculation,Vergilər və Xərclər Hesablanması
Taxes and Charges Added (Company Currency),Əlavə edilən Vergilər və Məsrəflər (Şirkət Valyutası)
Taxes and Charges Deducted (Company Currency),Çıxılmış Vergilər və Ödənişlər (Şirkət Valyutası)
Total Taxes and Charges (Company Currency),Ümumi Vergilər və Məsrəflər (Şirkət Valyutası)
Taxes and Charges Added,Əlavə edilən Vergilər və Məsrəflər
Taxes and Charges Deducted,Tutulan Vergilər və Məsrəflər
Total Taxes and Charges,Ümumi Vergilər və Məsrəflər
Additional Discount,Əlavə Endirim
Apply Additional Discount On,Əlavə Endirimi Tətbiq et
Additional Discount Amount (Company Currency),Əlavə Endirim Məbləği (Şirkət Valyutası)
Additional Discount Percentage,Əlavə Endirim Faizi
Additional Discount Amount,Əlavə Endirim məbləği
Grand Total (Company Currency),Ümumi Cəm (Şirkət valyutası)
Rounding Adjustment (Company Currency),Yuvarlaqlaşdırma Düzəlişi (Şirkət Valyutası)
Rounded Total (Company Currency),Yuvarlaqlaşdırılmış Cəmi (Şirkət Valyutası)
In Words (Company Currency),Sözlə (Şirkət Valyutası)
Rounding Adjustment,Yuvarlaqlaşdırma Düzəlişi
In Words,Sözlə
Total Advance,Ümumi Avans
Disable Rounded Total,Yuvalamanı ləğv et
Cash/Bank Account,Kassa/Bank Hesabı
Write Off Amount (Company Currency),Silinmə Məbləği (Şirkət Valyutası)
Set Advances and Allocate (FIFO),Avansları Təyin Edin və Ayırın (FIFO)
Get Advances Paid,Avans ödəniş məlumatlaırnı al
Advances,Avans
Terms,Şərtlər
Terms and Conditions1,Şərtlər və Qaydalar1
Group same items,Eyni məhsulları qruplaşdırın
Print Language,Çap Dili
"Once set, this invoice will be on hold till the set date","Təyin edildikdə, bu faktura təyin edilmiş tarixə qədər gözləmədə olacaq"
Credit To,Kredit (Kimin adına)
Party Account Currency,Tərəf Hesabı Valyutası
Against Expense Account,Xərc Hesabına Qarşı
Inter Company Invoice Reference,Şirkətlərarası Faktura İstinadı
Is Internal Supplier,Daxili Təchizatçıdır
Start date of current invoice's period,Cari faktura dövrünün başlanğıc tarixi
End date of current invoice's period,Cari faktura dövrünün son tarixi
Update Auto Repeat Reference,Avtomatik Təkrar İstinadını Yeniləyin
Purchase Invoice Advance,Satınalma Fakturası Avansı
Purchase Invoice Item,Satınalma Fakturası Materialı
Quantity and Rate,Miqdar və Qiymət
Received Qty,Gələn Miqdar
Accepted Qty,Qəbul Edilən miqdar
Rejected Qty,Qəbul Edilməyən Miqdar
UOM Conversion Factor,Vahid çevrilmə əmsalı
Discount on Price List Rate (%),Qiymət Siyahısı Dərəcəsinə Endirim (%)
Price List Rate (Company Currency),Qiymət Siyahısı Dərəcəsi (Şirkət Valyutası)
Rate,"Qiymət"
Rate (Company Currency),Dərəcə (Şirkət Valyutası)
Amount (Company Currency),Məbləğ (Şirkət Valyutası)
Is Free Item,Promosyon Məhsul
Net Rate,Net Qiymət
Net Rate (Company Currency),Net Dərəcə (Şirkət Valyutası)
Net Amount (Company Currency),Net Məbləğ (Şirkət Valyutası)
Item Tax Amount Included in Value,Vergi məbləği dəyərə daxildir
Landed Cost Voucher Amount,Maya Dəyəri Paylaşdırma Məbləği
Raw Materials Supplied Cost,Təchiz Edilmiş Xammal Dəyəri
Accepted Warehouse,Qəbul Edilən Anbar
Serial No,Seriya nömrəsi
Rejected Serial No,Rədd Edilmiş Seriya Nömrəsi
Expense Head,Xərc Hesabı
Is Fixed Asset,Əsas vəsaitdir
Asset Location,Aktiv Yeri
Deferred Expense,Təxirə Salınmış Xərc
Deferred Expense Account,Təxirə Salınmış Xərc Hesabı
Service Stop Date,Xidmətin Dayanma Tarixi
Enable Deferred Expense,Təxirə Salınmış Xərci Aktivləşdirin
Service Start Date,Xidmətin Başlama Tarixi
Service End Date,Xidmətin Bitmə Tarixi
Allow Zero Valuation Rate,Sıfır Maya Qiymətinə İcazə ver
Item Tax Rate,Material Vergi dərəcəsi
Tax detail table fetched from item master as a string and stored in this field,Vergi detalları cədvəli məhsul kartından sətir kimi götürülmüş və bu sahədə saxlanılmışdır
Used for Taxes and Charges,"Məhsul ustasından sətir kimi gətirilən və bu sahədə saxlanılan vergi təfərrüat cədvəli.
Vergilər və Ödənişlər üçün istifadə olunur"
Purchase Order Item,Satınalma Sifarişi Materialı
Purchase Receipt Detail,Satınalma Qaiməsi təfərrüatı
Item Weight Details,Çəki Detalları
Weight Per Unit,Vahid başına çəki
Total Weight,Ümumi Çəki
Weight UOM,Çəki Vahidi
Page Break,Səhifə Sonu
Consider Tax or Charge for,Vergi və ya Ödənişi Nəzərə Alın
Valuation and Total,Qiymətləndirmə və Cəmi
Valuation,Qiymətləndirmə
Add or Deduct,Əlavə et və ya Çıx
Deduct,Çıx
On Previous Row Amount,Əvvəlki Sətir Məbləğində
On Previous Row Total,Əvvəlki Sətir Cəmində
On Item Quantity,Məhsul Miqdarında
Reference Row #,İstinad Sətri #
Is this Tax included in Basic Rate?,Bu Vergi Əsas Dərəcəyə daxildirmi?
"If checked, the tax amount will be considered as already included in the Print Rate / Print Amount","İşarələnərsə, vergi məbləği artıq Çap Dərəcəsinə / Çap Məbləğinə daxil edilmiş kimi qəbul ediləcək"
Account Head,Account Head
Tax Amount After Discount Amount,Endirim Məbləğindən Sonra Vergi Məbləği
Item Wise Tax Detail,Material Üzrə Vergi Təfərrüatı
Include Payment (POS),Ödənişi Daxil Et (POS)
Offline POS Name,Oflayn POS Adı
Is Return (Credit Note),Geri Qaytarmadır (Kredit Qəbzi)
Return Against Sales Invoice,Satış Fakturasına Qarşı Qaytarılma
Update Billed Amount in Sales Order,Satış Sifarişində Faturalanmış Məbləği Yeniləyin
Customer PO Details,Müştərinin Satınalma Sifariş Detalları
Customer's Purchase Order,Müştəri Satınalma Sifarişi
Customer's Purchase Order Date,"Müştərinin Satınalma Sifariş Tarixi"
Customer Address,Müştəri Ünvanı
Shipping Address Name,Çatdırılma Ünvanı
Company Address Name,Şirkət Ünvanı
Rate at which Customer Currency is converted to customer's base currency,Müştəri Valyutasının müştərinin baza valyutasına çevrilmə dərəcəsi
Rate at which Price list currency is converted to customer's base currency,Qiymət siyahısı valyutasının müştərinin baza valyutasına çevrilmə dərəcəsi
Set Source Warehouse,Çıxış Anbarı
Packing List,Bağlama Vərəqəsi
Packed Items,Qablaşdırılmış Məhsullar
Product Bundle Help,Məhsul Paketi Kömək
Time Sheet List,Vaxt Cədvəli Siyahısı
Time Sheets,Vaxt Cədvəlləri
Total Billing Amount,Ümumi faktura məbləği
Sales Taxes and Charges Template,Satış Vergiləri və Məsrəflər Şablonu
Sales Taxes and Charges,Satış Vergiləri və Məsrəfləri
Loyalty Points Redemption,Sadiqlik Xallarının Geri Alınması
Redeem Loyalty Points,İstifadə edilmiş Sadiqlik Xalları
Redemption Account,Geri Alma Hesabı
Redemption Cost Center,Geri Alma Xərc Mərkəzi
"In Words will be visible once you save the Sales Invoice.","Məbləğ sözləri Satış Fakturasını yadda saxladıqdan sonra görünəcək."
"Allocate Advances Automatically (FIFO)","Avansları Avtomatik Ayır (FIFO)"
"Get Advances Received","Alınan Avansları Gətir"
"Base Change Amount (Company Currency)","Baza Dəyişiklik Məbləği (Şirkət Valyutası)"
"Write Off Outstanding Amount","Qalıq Məbləği Silin"
"Terms and Conditions Details","Qaydalar və Şərtlər Detalları"
"Is Internal Customer","Daxili Müştəridir"
"Is Discounted","Endirimlidir"
"Unpaid and Discounted","Ödənilməmiş və Endirimli"
"Overdue and Discounted","Gecikmiş və Endirimli"
"Accounting Details","Mühasibat Təfərrüatları"
"Debit To","Debet"
"Is Opening Entry","Açılış Qəbzidir"
"C-Form Applicable","C-Form Tətbiq Edilə Bilər"
"Commission Rate (%)","Komissiya Dərəcəsi (%)"
"Sales Team1","Satış Komandası1"
"Against Income Account","Gəlir Hesabına Qarşı"
"Sales Invoice Advance","Satış Fakturası Avansı"
"Advance amount","Avans məbləği"
"Sales Invoice Item","Satış Fakturası Məhsulu"
"Customer's Item Code","Müştərinin Məhsul Kodu"
"Brand Name","Brend Adı"
"Qty as per Stock UOM","Stok Vahidi ilə Miqdar"
"Discount and Margin","Endirim və Marja"
"Rate With Margin","Marja ilə Qiymət"
"Discount (%) on Price List Rate with Margin","Marja ilə Qiymət Cədvəli Qiymətinə Endirim (%)"
"Rate With Margin (Company Currency)","Marja ilə Qiymət (Şirkət Valyutası)"
"Delivered By Supplier","Təchizatçı tərəfindən çatdırılma"
"Deferred Revenue","Təxirə salınmış gəlir"
"Deferred Revenue Account","Təxirə salınmış gəlir hesabı"
"Enable Deferred Revenue","Təxirə salınmış gəliri aktivləşdirin"
"Stock Details","Stok Detalları"
"Customer Warehouse (Optional)","Müştəri Anbarı (Könüllü)"
"Available Batch Qty at Warehouse","Anbarda Mövcud Partiya Miqdarı"
"Available Qty at Warehouse","Anbarda mövcud miqdar"
"Delivery Note Item","Satış (Yük) Qaiməsi Məhsulu"
"Base Amount (Company Currency)","Baza Məbləği (Şirkət Valyutası)"
"Sales Invoice Timesheet","Satış Fakturası Vaxt Cədvəli"
"Time Sheet","Vaxt Cədvəli"
"Billing Hours","Faturalandırma Saatları"
"Timesheet Detail","Vaxt Cədvəli Təfərrüatı"
"Tax Amount After Discount Amount (Company Currency)","Endirim Məbləğindən Sonra Vergi Məbləği (Şirkət Valyutası)"
"Item Wise Tax Detail","Məhsul Üzrə Vergi Təfərrüatı"
"Parenttype","Ana növ"
"* Will be calculated in the transaction.","*Əməliyyatda hesablanacaq."
"From No","Nömrədən"
"To No","Nömrəyə"
"Is Company","Şirkətdir"
"Current State","Cari Vəziyyət"
"Purchased","Satın alındı"
"From Shareholder","Səhmdardan"
"From Folio No","Folio Nömrəsindən"
"To Shareholder","Səhmdara"
"To Folio No","Folio Nömrəsinə"
"Equity/Liability Account","Kapital/Öhdəlik Hesabı"
"Asset Account","Aktiv Hesabı"
"(including)","(daxil olmaqla)"
"Folio no.","Folio nömrəsi"
"Address and Contacts","Ünvanlar və Əlaqələr"
"Contact List","Əlaqə Siyahısı"
"Hidden list maintaining the list of contacts linked to Shareholder","Səhmdarla əlaqəli kontaktların siyahısını saxlayan gizli siyahı"
"Specify conditions to calculate shipping amount","Çatdırılma məbləğini hesablamaq üçün şərtləri qeyd edin"
"Shipping Rule Label","Çatdırılma Qaydası Adı"
"example: Next Day Shipping","məsələn: Ertəsi Gün Çatdırılma"
"Shipping Rule Type","Çatdırılma Qaydası Növü"
"Shipping Account","Çatdırılma Hesabı"
"Calculate Based On","Əsasında hesabla"
"Fixed","Sabit"
"Net Weight","Xalis Çəki"
"Shipping Amount","Çatdırılma Məbləği"
"Shipping Rule Conditions","Çatdırılma Qaydasının Şərtləri"
"A condition for a Shipping Rule","Çatdırılma Qaydası üçün şərt"
"From Value","Məbləğdən böyük"
"To Value","Məbləğdən az"
"Shipping Rule Country","Çatdırılma Qaydası Ölkəsi"
"Subscription Period","Abunəlik Dövrü"
"Subscription Start Date","Abunəliyin Başlama Tarixi"
"Cancelation Date","Ləğv Tarixi"
"Trial Period Start Date","Sınaq Müddətinin Başlama Tarixi"
"Trial Period End Date","Sınaq Müddətinin Bitmə Tarixi"
"Current Invoice Start Date","Cari Faktura Başlama Tarixi"
"Current Invoice End Date","Cari Faktura Bitmə Tarixi"
"Days Until Due","Son Tarixə Qədər Günlər"
"Number of days that the subscriber has to pay invoices generated by this subscription","Abunəçinin bu abunəlik tərəfindən yaradılan fakturaları ödəməli olduğu günlərin sayı"
"Cancel At End Of Period","Dövrün Sonunda Ləğv Edin"
"Generate Invoice At Beginning Of Period","Dövrün Əvvəlində Faktura Yaradın"
"Plans","Planlar"
"Discounts","Endirimlər"
"Additional DIscount Percentage","Əlavə Endirim Faizi"
"Additional DIscount Amount","Əlavə Endirim Məbləği"
"Subscription Invoice","Abunəlik Fakturası"
"Subscription Plan","Abunəlik Planı"
"Cost","Dəyər"
"Billing Interval","Faturalandırma İntervalı"
"Billing Interval Count","Faturalandırma İnterval Sayı"
"Number of intervals for the interval field e.g if Interval is 'Days' and Billing Interval Count is 3, invoices will be generated every 3 days","İnterval sahəsi üçün intervalların sayı, məs. İnterval 'Günlər' və Faturalandırma İnterval Sayı 3-dürsə, fakturalar hər 3 gündən bir yaradılacaq"
"Payment Plan","Ödəniş Planı"
"Subscription Plan Detail","Abunəlik Planı Təfərrüatı"
"Plan","Plan"
"Subscription Settings","Abunəlik Parametrləri"
"Grace Period","Güzəşt Müddəti"
"Number of days after invoice date has elapsed before canceling subscription or marking subscription as unpaid","Abunəliyi ləğv etməzdən və ya ödənilməmiş kimi qeyd etməzdən əvvəl faktura tarixindən sonra keçən günlərin sayı"
"Prorate","Proporsional bölüşdürün"
"Tax Rule","Vergi Qaydası"
"Tax Type","Vergi Növü"
"Use for Shopping Cart","Alış-veriş Səbəti üçün istifadə edin"
"Billing City","Faturalandırma Şəhəri"
"Billing County","Faturalandırma Ölkəsi"
"Billing State","Faturalandırma Ştatı/Rayonu"
"Billing Zipcode","Faturalandırma Poçt İndeksi"
"Billing Country","Faturalandırma Ölkəsi"
"Shipping City","Çatdırılma şəhəri"
"Shipping County","Çatdırılma Ölkəsi"
"Shipping State","Çatdırılma Ştatı/Rayonu"
"Shipping Zipcode","Çatdırılma Poçt İndeksi"
"Shipping Country","Çatdırılma Ölkəsi"
"Tax Withholding Account","Vergi Tutulması Hesabı"
"Tax Withholding Rates","Vergi Tutulması Dərəcələri"
"Rates","Qiymətlər"
"Tax Withholding Rate","Vergi Tutulması Dərəcəsi"
"Single Transaction Threshold","Tək Əməliyyat Həddi"
"Cumulative Transaction Threshold","Kumulyativ Əməliyyat Həddi"
"Agriculture Analysis Criteria","Kənd Təsərrüfatı Analiz Meyarları"
"Linked Doctype","Əlaqəli Sənəd Növü"
"Water Analysis","Su Analizi"
"Soil Analysis","Torpaq Analizi"
"Plant Analysis","Bitki Analizi"
"Fertilizer","Gübrə"
"Soil Texture","Torpaq tərkibi"
"Weather","Hava"
"Agriculture Manager","Kənd Təsərrüfatı Meneceri"
"Agriculture User","Kənd Təsərrüfatı İstifadəçisi"
"Agriculture Task","Kənd Təsərrüfatı Tapşırığı"
"Task Name","Tapşırıq Adı"
"Start Day","Başlanğıc Günü"
"End Day","Bitmə Günü"
"Holiday Management","Tətillərin İdarə Edilməsi"
"Ignore holidays","Tətilləri iqnor et"
"Previous Business Day","Əvvəlki İş Günü"
"Next Business Day","Növbəti İş Günü"
"Urgent","Təcili"
"Crop Name","Bitki Adı"
"Scientific Name","Elmi Adı"
"You can define all the tasks which need to carried out for this crop here. The day field is used to mention the day on which the task needs to be carried out, 1 being the 1st day, etc..","Burada bu bitki üçün yerinə yetirilməli olan bütün tapşırıqları müəyyən edə bilərsiniz. Gün sahəsi tapşırığın yerinə yetirilməli olduğu günü qeyd etmək üçün istifadə olunur, 1 birinci gün deməkdir və s.."
"Crop Spacing","Bitki Aralığı"
"Crop Spacing UOM","Bitki Aralığı Vahidi"
"Row Spacing","Sıra Aralığı"
"Row Spacing UOM","Sıra Aralığı Vahidi"
"Perennial","Çoxillik"
"Biennial","İkiillik"
"Planting UOM","Əkin Vahidi"
"Planting Area","Əkin Sahəsi"
"Yield UOM","Məhsuldarlıq Vahidi"
"Materials Required","Tələb olunan Materiallar"
"Produced Items","İstehsal Olunan Məhsullar"
"Produce","Məhsul"
"Byproducts","Yan Məhsullar"
"Linked Location","Əlaqəli Məkan"
"A link to all the Locations in which the Crop is growing","Bitkinin yetişdirildiyi bütün məkanlara keçid"
"This will be day 1 of the crop cycle","Bu, bitki dövrünün 1-ci günü olacaq"
"ISO 8601 standard","ISO 8601 standartı"
"Cycle Type","Dövr Növü"
"Less than a year","Bir ildən az"
"The minimum length between each plant in the field for optimum growth","Optimal böyümə üçün tarlada hər bitki arasındakı minimum məsafə"
"The minimum distance between rows of plants for optimum growth","Optimal böyümə üçün bitki sıraları arasındakı minimum məsafə"
"Detected Diseases","Aşkar Edilmiş Xəstəliklər"
"List of diseases detected on the field. When selected it'll automatically add a list of tasks to deal with the disease","Sahədə aşkar edilmiş xəstəliklərin siyahısı. Seçildikdə, xəstəliklə mübarizə aparmaq üçün avtomatik olaraq tapşırıqlar siyahısı əlavə edəcək"
"Detected Disease","Aşkar Edilmiş Xəstəlik"
"LInked Analysis","Əlaqəli Analiz"
"Disease","Xəstəlik"
"Tasks Created","Yaradılan Tapşırıqlar"
"Common Name","Ümumi Ad"
"Treatment Task","Müalicə Tapşırığı"
"Treatment Period","Müalicə Dövrü"
"Fertilizer Name","Gübrə Adı"
"Density (if liquid)","Sıxlıq (maye olduqda)"
"Fertilizer Contents","Gübrə Tərkibi"
"Fertilizer Content","Gübrə Tərkibi"
"Linked Plant Analysis","Əlaqəli Bitki Analizi"
"Linked Soil Analysis","Əlaqəli Torpaq Analizi"
"Linked Soil Texture","Əlaqəli Torpaq Tərkibi"
"Collection Datetime","Toplama Tarixi və Saatı"
"Laboratory Testing Datetime","Laboratoriya Test Tarixi və Saatı"
"Result Datetime","Nəticə Tarixi və Saatı"
"Plant Analysis Criterias","Bitki Analizi Meyarları"
"Plant Analysis Criteria","Bitki Analizi Meyarı"
"Minimum Permissible Value","Minimum Yol Verilən Dəyər"
"Maximum Permissible Value","Maksimum Yol Verilən Dəyər"
"Ca/K","Ca/K"
"Ca/Mg","Ca/Mg"
"Mg/K","Mg/K"
"(Ca+Mg)/K","(Ca+Mg)/K"
"Ca/(K+Ca+Mg)","Ca/(K+Ca+Mg)"
"Soil Analysis Criterias","Torpaq Analizi Meyarları"
"Soil Analysis Criteria","Torpaq Analizi Meyarı"
"Soil Type","Torpaq Növü"
"Loamy Sand","Gilli Qum"
"Sandy Loam","Qumlu Gillicə"
"Loam","Gillicə"
"Silt Loam","Lilli Gillicə"
"Sandy Clay Loam","Qumlu Gilli Gillicə"
"Clay Loam","Gilli Gillicə"
"Silty Clay Loam","Lilli Gilli Gillicə"
"Sandy Clay","Qumlu Gil"
"Silty Clay","Lilli Gil"
"Clay Composition (%)","Gil Tərkibi (%)"
"Sand Composition (%)","Qum Tərkibi (%)"
"Silt Composition (%)","Lil Tərkibi (%)"
"Ternary Plot","Ternary Qrafiki"
"Soil Texture Criteria","Torpaq Tərkibi Meyarları"
"Type of Sample","Nümunə Növü"
"Container","Konteyner"
"Origin","Mənşə"
"Collection Temperature","Toplama Temperaturu"
"Storage Temperature","Saxlama Temperaturu"
"Appearance","Görünüş"
"Person Responsible","Məsul Şəxs"
"Water Analysis Criteria","Su Analizi Meyarları"
"Weather Parameter","Hava Parametri"
"Asset Owner","Aktiv Sahibi"
"Asset Owner Company","Aktiv Sahibi Şirkət"
"Custodian","Qəyyum"
"Disposal Date","Ləğv Tarixi"
"Journal Entry for Scrap","Tullantı üçün Jurnal Girişi"
"Available-for-use Date","İstifadəyə Hazır Tarix"
"Calculate Depreciation","Amortizasiyanı Hesabla"
"Allow Monthly Depreciation","Aylıq Amortizasiyaya İcazə Verin"
"Number of Depreciations Booked","Qeydə Alınmış Amortizasiyaların Sayı"
"Finance Books","Maliyyə Kitabları"
"Straight Line","Düz Xətt"
"Double Declining Balance","İkiqat Azalan Balans"
"Manual","Əl ilə"
"Value After Depreciation","Amortizasiyadan Sonra Dəyər"
"Total Number of Depreciations","Amortizasiyaların Ümumi Sayı"
"Frequency of Depreciation (Months)","Amortizasiya Tezliyi (Aylar)"
"Next Depreciation Date","Növbəti Amortizasiya Tarixi"
"Depreciation Schedule","Amortizasiya Cədvəli"
"Depreciation Schedules","Amortizasiya Cədvəlləri"
"Insurance details","Sığorta təfərrüatları"
"Policy number","Sığorta nömrəsi"
"Insurer","Sığortaçı"
"Insured value","Sığorta Dəyəri"
"Insurance Start Date","Sığorta Başlama Tarixi"
"Insurance End Date","Sığorta Bitmə Tarixi"
"Comprehensive Insurance","Hərtərəfli Sığorta"
"Maintenance Required","Baxım Tələb olunur"
"Check if Asset requires Preventive Maintenance or Calibration","Aktivin Profilaktik Baxım və ya Kalibrləmə tələb etdiyini yoxlayın"
"Booked Fixed Asset","Qeydə Alınmış Əsas Vəsait"
"Purchase Receipt Amount","Satınalma Qaiməsi Məbləği"
"Default Finance Book","Əsas Maliyyə Kitabı"
"Quality Manager","Keyfiyyət Meneceri"
"Asset Category Name","Aktiv Kateqoriyasının Adı"
"Depreciation Options","Dəyərsizləşmə Variantları"
"Enable Capital Work in Progress Accounting","Kapital İşləri Davam Edən Mühasibat Uçotunu Aktivləşdirin"
"Finance Book Detail","Maliyyə Kitabı Detalları"
"Asset Category Account","Aktiv Kateqoriyası Hesabı"
"Fixed Asset Account","Əsas Vəsait Hesabı"
"Accumulated Depreciation Account","Yığılmış Amortizasiya Hesabı"
"Depreciation Expense Account","Amortizasiya Xərcləri Hesabı"
"Capital Work In Progress Account","Tamamlanmamış Kapital İşləri Hesabı"
"Asset Finance Book","Aktiv Maliyyə Kitabı"
"Written Down Value","Qalıq Dəyəri"
"Expected Value After Useful Life","Faydalı Ömürdən Sonra Gözlənilən Dəyər"
"Rate of Depreciation","Amortizasiya Dərəcəsi"
"In Percentage","Faizlə"
"Maintenance Team","Baxım Komandası"
"Maintenance Manager Name","Baxım Menecerinin Adı"
"Maintenance Tasks","Baxım Tapşırıqları"
"Manufacturing User","İstehsalat İstifadəçisi"
"Asset Maintenance Log","Aktiv Baxım Jurnalı"
"Maintenance Type","Baxım Növü"
"Maintenance Status","Baxım Statusu"
"Planned","Planlaşdırılmış"
"Has Certificate","Sertifikatı Var"
"Certificate","Sertifikat"
"Actions performed","Həyata keçirilən tədbirlər"
"Asset Maintenance Task","Aktiv Baxım Tapşırığı"
"Maintenance Task","Baxım Tapşırığı"
"Preventive Maintenance","Profilaktik Baxım"
"Calibration","Kalibrləmə"
"2 Yearly","2 İllik"
"Certificate Required","Sertifikat Tələb olunur"
"Assign to Name","Adına Təyin Et"
"Next Due Date","Növbəti İfa Tarixi"
"Last Completion Date","Son Tamamlanma Tarixi"
"Asset Maintenance Team","Aktiv Baxım Komandası"
"Maintenance Team Name","Baxım Komandasının Adı"
"Maintenance Team Members","Baxım Komandasının Üzvləri"
"Purpose","Məqsəd"
"Stock Manager","Stok Meneceri"
"Asset Movement Item","Aktiv Hərəkəti Məhsulu"
"Source Location","Mənbə Yeri"
"From Employee","İşçidən"
"Target Location","Hədəf Yeri"
"To Employee","İşçiyə"
"Asset Repair","Aktiv Təmiri"
"Failure Date","Xəta Tarixi"
"Assign To Name","Təyin Edin"
"Repair Status","Təmir Statusu"
"Error Description","Xəta Təsviri"
"Downtime","Boş Dayanma Müddəti"
"Repair Cost","Təmir Xərci"
"Manufacturing Manager","İstehsalat Meneceri"
"Current Asset Value","Cari Aktiv Dəyəri"
"New Asset Value","Yeni Aktiv Dəyəri"
"Make Depreciation Entry","Amortizasiya Girişi Edin"
"Finance Book Id","Maliyyə Kitabı İD"
"Location Name","Məkan Adı"
"Parent Location","Ana Məkan"
"Is Container","Konteynerdir"
"Check if it is a hydroponic unit","Hidroponik qurğu olduğunu yoxlayın"
"Location Details","Məkan Detalları"
"Latitude","Enlik"
"Longitude","Uzunluq"
"Area","Sahə"
"Area UOM","Sahə Vahidi"
"Tree Details","Ağac Detalları"
"Maintenance Team Member","Baxım Komandasının Üzvü"
"Team Member","Komanda Üzvü"
"Maintenance Role","Baxım Rolu"
"Buying Settings","Satınalma Parametrləri"
"Settings for Buying Module","Satınalma Modulu üçün Parametrlər"
"Supplier Naming By","Təchizatçının Adlandırılması"
"Default Supplier Group","Əsas Təchizatçı Qrupu"
"Default Buying Price List","Əsas Satınalma Qiymət Cədvəli"
"Backflush Raw Materials of Subcontract Based On","Subpodrat Xammalının Avtomatik Silinmə Əsası"
"Material Transferred for Subcontract","Subpodrat üçün Transfer Edilən Material"
"Over Transfer Allowance (%)","Həddindən Artıq Transfer Tolerantlığı (%)"
"Percentage you are allowed to transfer more against the quantity ordered. For example: If you have ordered 100 units. and your Allowance is 10% then you are allowed to transfer 110 units.","Sifariş edilən miqdardan daha çox transfer etməyə icazə verilən faiz. Məsələn: 100 ədəd sifariş etmisinizsə və Tolerantlığınız 10% təşkil edirsə, o zaman 110 ədəd transfer etməyə icazə verilir."
"Get Items from Open Material Requests","Açıq Material Tələblərindən Məhsulları Gətir"
"Fetch items based on Default Supplier.","Əsas Təchizatçıya əsasən məhsulları gətirin."
"Required By","Tələb Edən"
"Order Confirmation No","Sifariş Təsdiq Nömrəsi"
"Order Confirmation Date","Sifariş Təsdiq Tarixi"
"Customer Mobile No","Müştəri Mobil Nömrəsi"
"Customer Contact Email","Müştəri Əlaqə E-poçtu"
"Set Target Warehouse","Giriş Anbarını Təyin Et"
"Sets 'Warehouse' in each row of the Items table.","Məhsullar cədvəlinin hər sətrində 'Anbar' təyin edir."
"Supply Raw Materials","Xammal Təchizatı"
"Purchase Order Pricing Rule","Satınalma Sifarişi Qiymət Qaydası"
"Set Reserve Warehouse","Rezerv Anbarını Təyin Et"
"In Words will be visible once you save the Purchase Order.","Məbləğ sözləri Satınalma Sifarişini yadda saxladıqdan sonra görünəcək."
"Advance Paid","Avans Ödəniş"
"Tracking","İzləmə"
"% Billed","% Faturalanıb"
"% Received","% Qəbul edildi"
"Ref SQ","SQ İstinadı"
"Inter Company Order Reference","Şirkətlərarası Sifariş İstinadı"
"Supplier Part Number","Təchizatçı Partiya Nömrəsi"
"Billed Amt","Faturalanan Məbləğ"
"Warehouse and Reference","Anbar və İstinad"
"To be delivered to customer","Müştəriyə çatdırılacaq"
"Material Request Item","Material Tələb Məhsulu"
"Supplier Quotation Item","Təchizatçı Təklif Məhsulu"
"Against Blanket Order","Ümumi Sifarişə Qarşı"
"Blanket Order","Ümumi sifariş"
"Blanket Order Rate","Ümumi Sifariş Qiyməti"
"Returned Qty","Qaytarılan Miqdar"
"Purchase Order Item Supplied","Təchiz Edilən Satınalma Sifarişi Məhsulu"
"BOM Detail No","Resept Detal No"
"Stock Uom","Stok Vahidi"
"Raw Material Item Code","Xammal Məhsul Kodu"
"Supplied Qty","Təchiz Edilən Miqdar"
"Purchase Receipt Item Supplied","Təchiz Edilən Satınalma Qaiməsi Məhsulu"
"Current Stock","Cari Stok"
"For individual supplier","Fərdi təchizatçı üçün"
"Link to Material Requests","Material Tələblərinə Keçid"
"Message for Supplier","Təchizatçı üçün Mesaj"
"Request for Quotation Item","Təklif Sorğusu Məhsulu"
"Required Date","Tələb olunan tarix"
"Request for Quotation Supplier","Təklif Sorğusu Təchizatçısı"
"Send Email","E-poçt Göndər"
"Quote Status","Təklif Statusu"
"Download PDF","PDF Yüklə"
"Supplier of Goods or Services.","Malların və ya Xidmətlərin Təchizatçısı."
"Name and Type","Ad və Növ"
"Default Bank Account","Əsas Bank Hesabı"
"Is Transporter","Nəqliyyatçıdır"
"Represents Company","Şirkət Təmsilcisi"
"Supplier Type","Təchizatçı Növü"
"Allow Purchase Invoice Creation Without Purchase Order","Satınalma Fakturasının Satınalma Sifariş siz Əlava edilməsinə icazə ver"
"Allow Purchase Invoice Creation Without Purchase Receipt","Satınalma Fakturasının Satınalma Qaimə siz Əlavə edilməsinə icazə ver"
"Warn RFQs","RFQ-lar barədə xəbərdarlıq et"
"Warn POs","PO-lar barədə xəbərdarlıq et"
"Prevent RFQs","RFQ-ların qarşısını al"
"Prevent POs","PO-ların qarşısını al"
"Billing Currency","Faktura Valyutası"
"Default Payment Terms Template","Əsas Ödəniş Şərtləri Şablonu"
"Block Supplier","Təchizatçını blok et"
"Hold Type","Saxlama Növü"
"Leave blank if the Supplier is blocked indefinitely","Təchizatçı qeyri-müəyyən müddətə bloklanıbsa, boş buraxın"
"Default Payable Accounts","Əsas Kredit Hesabı"
"Mention if non-standard payable account","Qeyri-standart kreditor hesabını qeyd edin"
"Default Tax Withholding Config","Əsas Vergi Tutma Konfiqurasiyası"
"Supplier Details","Təchizatçı Təfərrüatları"
"Statutory info and other general information about your Supplier","Təchizatçınız haqqında qanuni məlumat və digər ümumi məlumatlar"
"Supplier Address","Təchizatçı Ümvanı"
"Link to material requests","Material tələblərinə keçid"
"Rounding Adjustment (Company Currency","Yuvarlaqlaşdırma Düzəlişi (Şirkət Valyutası"
"Auto Repeat Section","Avtomatik Təkrar Bölməsi"
"Is Subcontracted","Subpodratdır"
"Lead Time in days","Çatdırılma Müddəti (Gün)"
"Supplier Score","Təchizatçı Xalı"
"Indicator Color","Göstərici Rəngi"
"Evaluation Period","Qiymətləndirmə Dövrü"
"Per Week","Həftəlik"
"Per Month","Aylıq"
"Per Year","İllik"
"Scoring Setup","Qiymətləndirmə Parametrləri"
"Weighting Function","Çəki Funksiyası"
"Scorecard variables can be used, as well as:
{total_score} (the total score from that period),
{period_number} (the number of periods to present day)
","Qiymətləndirmə kartı dəyişənləri istifadə edilə bilər, həmçinin:
{total_score} (həmin dövrün ümumi xalı),
{period_number} (indiki günə qədər olan dövrlərin sayı)
"
"Scoring Standings","Qiymətləndirmə Statusları"
"Criteria Setup","Meyar Parametrləri"
"Load All Criteria","Bütün Meyarları Yüklə"
"Scoring Criteria","Qiymətləndirmə Meyarları"
"Scorecard Actions","Qiymətləndirmə Kartı Əməliyyatları"
"Warn for new Request for Quotations","Yeni Təklif Sorğuları üçün Xəbərdarlıq Et"
"Warn for new Purchase Orders","Yeni Satınalma Sifarişləri üçün Xəbərdarlıq Et"
"Notify Supplier","Təchizatçını Məlumatlandır"
"Notify Employee","İşçini Məlumatlandır"
"Supplier Scorecard Criteria","Təchizatçı Qiymətləndirmə Meyarları"
"Criteria Name","Meyar Adı"
"Max Score","Maksimum Xal"
"Criteria Formula","Meyar Düsturu"
"Criteria Weight","Meyar Çəkisi"
"Supplier Scorecard Period","Təchizatçı Qiymətləndirmə Dövrü"
"Period Score","Dövr Xalı"
"Calculations","Hesablamalar"
"Criteria","Meyarlar"
"Variables","Dəyişənlər"
"Supplier Scorecard Setup","Təchizatçı Qiymətləndirmə Quraşdırması"
"Supplier Scorecard Scoring Criteria","Təchizatçı Qiymətləndirmə Xal Meyarları"
"Score","Xal"
"Supplier Scorecard Scoring Standing","Təchizatçı Qiymətləndirmə Statusu"
"Standing Name","Status Adı"
"Purple","Bənövşəyi"
"Yellow","Sarı"
"Orange","Narıncı"
"Min Grade","Min Dərəcə"
"Max Grade","Maks Dərəcə"
"Warn Purchase Orders","Satınalma Sifarişləri barədə Xəbərdarlıq Et"
"Prevent Purchase Orders","Satınalma Sifarişlərinin Qarşısını Al"
"Employee","İşçi"
"Supplier Scorecard Scoring Variable","Təchizatçı Qiymətləndirmə Dəyişkəni"
"Variable Name","Dəyişən Adı"
"Parameter Name","Parametr Adı"
"Supplier Scorecard Standing","Təchizatçı Qiymətləndirmə Statusu"
"Notify Other","Digərlərini Məlumatlandır"
"Supplier Scorecard Variable","Təchizatçı Qiymətləndirmə Dəyişkəni"
"Call Log","Zəng Jurnalı"
"Received By","Qəbul Edən"
"Caller Information","Zəng Edən Məlumatı"
"Contact Name","Əlaqə Adı"
"Lead","Potensial Müştəri"
"Lead Name","Potensial Müştəri Adı"
"Ringing","Zəng Çalır"
"Missed","Buraxılmış"
"Call Duration in seconds","Zəng Müddəti saniyə ilə"
"Recording URL","Səs Yazısı URL"
"Communication Medium","Əlaqə Vasitəsi"
"Communication Medium Type","Əlaqə Vasitəsi Növü"
"Voice","Səs"
"Catch All","Hamısını Tut"
"If there is no assigned timeslot, then communication will be handled by this group","Təyin edilmiş vaxt aralığı yoxdursa, əlaqə bu qrup tərəfindən idarə olunacaq"
"Timeslots","Vaxt Aralıqları"
"Communication Medium Timeslot","Əlaqə Vasitəsi Vaxt Aralığı"
"Employee Group","İşçi Qrupu"
"Appointment","Randevu"
"Scheduled Time","Planlaşdırılmış Vaxt"
"Unverified","Təsdiqlənməmiş"
"Customer Details","Müştəri Detalları"
"Phone Number","Telefon Nömrəsi"
"Skype ID","Skype ID"
"Linked Documents","Əlaqəli Sənədlər"
"Appointment With","Kim ilə Randevu"
"Calendar Event","Təqvim Hadisəsi"
"Appointment Booking Settings","Randevu Rezervasiya Parametrləri"
"Enable Appointment Scheduling","Randevu Planlaşdırmanı Aktivləşdirin"
"Agent Details","Agent Detalları"
"Availability Of Slots","Slotların Mövcudluğu"
"Number of Concurrent Appointments","Eyni vaxtda Randevuların Sayı"
"Agents","Agentlər"
"Appointment Details","Randevu Təfərrüatları"
"Appointment Duration (In Minutes)","Randevu Müddəti (Dəqiqə ilə)"
"Notify Via Email","E-poçt vasitəsilə bildirin"
"Notify customer and agent via email on the day of the appointment.","Randevu günü müştəriyə və agentə e-poçt vasitəsilə bildiriş göndərin."
"Number of days appointments can be booked in advance","Randevuların əvvəlcədən rezerv edilə biləcəyi günlərin sayı"
"Success Settings","Uğur Parametrləri"
"Success Redirect URL","Uğurlu Yönləndirmə URL-i"
"Appointment Booking Slots","Randevu Rezervasiya Slotları"
"Day Of Week","Həftənin Günü"
"From Time","Vaxtdan"
"Campaign Email Schedule","Kampaniya E-poçt Cədvəli"
"Send After (days)","Sonra Göndər (gün)"
"Signed","İmzalanmış"
"Party User","Tərəf İstifadəçisi"
"Unsigned","İmzalanmamış"
"Fulfilment Status","İcra Statusu"
"N/A","Tətbiq edilmir"
"Unfulfilled","İcra edilməmiş"
"Partially Fulfilled","Qismən İcra edilmiş"
"Fulfilled","İcra edilmiş"
"Lapsed","Vaxtı keçmiş"
"Contract Period","Müqavilə Müddəti"
"Signee Details","İmzalayan Şəxsin Məlumatları"
"Signee","İmzalayan"
"Signed On","İmzalanma Tarixi"
"Contract Details","Müqavilə Detalları"
"Contract Template","Müqavilə Şablonu"
"Contract Terms","Müqavilə Şərtləri"
"Fulfilment Details","İcra Detalları"
"Requires Fulfilment","İcra Tələb edir"
"Fulfilment Deadline","İcra Son Tarixi"
"Fulfilment Terms","İcra Şərtləri"
"Contract Fulfilment Checklist","Müqavilə İcra Yoxlama Siyahısı"
"Requirement","Tələb"
"Contract Terms and Conditions","Müqavilə Qaydaları və Şərtlər"
"Fulfilment Terms and Conditions","İcra Qaydaları və Şərtlər"
"Contract Template Fulfilment Terms","Müqavilə Şablonu İcra Şərtləri"
"Email Campaign","E-poçt Kampaniyası"
"Email Campaign For","E-poçt Kampaniyası Üçün"
"Lead is an Organization","Potensial Müştəri Təşkilatdır"
"Person Name","Şəxsin Adı"
"Lost Quotation","İtirilmiş Təklif"
"Interested","Maraqlıdır"
"Converted","Çevrilmiş"
"Do Not Contact","Əlaqə Saxlamayın"
"From Customer","Müştəridən"
"Campaign Name","Kampaniya Adı"
"Follow Up","İzləmə"
"Next Contact By","Növbəti Əlaqə Vasitəsi"
"Next Contact Date","Növbəti Əlaqə Tarixi"
"Ends On","Bitir"
"Address & Contact","Ünvan və Əlaqə"
"Mobile No.","Mobil Nömrə"
"Lead Type","Potensial Müştəri Növü"
"Channel Partner","Kanal Tərəfdaşı"
"Consultant","Məsləhətçi"
"Market Segment","Bazar Seqmenti"
"Industry","Sənaye"
"Request Type","Sorğu Növü"
"Product Enquiry","Məhsul Sorğusu"
"Request for Information","Məlumat Sorğusu"
"Suggestions","Təkliflər"
"Blog Subscriber","Bloq Abunəçisi"
"LinkedIn Settings","LinkedIn Parametrləri"
"Company ID","Şirkət ID"
"OAuth Credentials","OAuth Etimadnamələri"
"Consumer Key","İstehlakçı Açarı"
"Consumer Secret","İstehlakçı Məxviliyi"
"User Details","İstifadəçi Məlumatları"
"Person URN","Şəxs URN"
"Session Status","Sessiya Statusu"
"Lost Reason Detail","İtirmə Səbəbi Detalı"
"Opportunity Lost Reason","Fürsət İtirmə Səbəbi"
"Potential Sales Deal","Potensial Satış Sövdələşməsi"
"Opportunity From","Fürsət Mənbəyi"
"Customer / Lead Name","Müştəri / Potensial Müştəri Adı"
"Opportunity Type","Fürsət Növü"
"Converted By","Çevirən"
"Sales Stage","Satış Mərhələsi"
"Lost Reason","İtirmə Səbəbi"
"Expected Closing Date","Gözlənilən Bağlanma Tarixi"
"To Discuss","Müzakirə Ediləcək"
"With Items","Məhsullarla"
"Probability (%)","Ehtimal (%)"
"Contact Info","Əlaqə Məlumatı"
"Customer / Lead Address","Müştəri / Potensial Müştəri Ünvanı"
"Contact Mobile No","Əlaqə Mobil Nömrəsi"
"Enter name of campaign if source of enquiry is campaign","Sorğu mənbəyi kampaniyadırsa, kampaniyanın adını daxil edin"
"Opportunity Date","Fürsət Tarixi"
"Opportunity Item","Fürsət Məhsulu"
"Basic Rate","Əsas Qiymət"
"Stage Name","Mərhələ Adı"
"Social Media Post","Sosial Media Paylaşımı"
"Post Status","Paylaşım Statusu"
"Posted","Paylaşıldı"
"Share On","Paylaş"
"Twitter","Twitter"
"LinkedIn","LinkedIn"
"Twitter Post Id","Twitter Paylaşım İD"
"LinkedIn Post Id","LinkedIn Paylaşım İD"
"Tweet","Tvit"
"Twitter Settings","Twitter Parametrləri"
"API Secret Key","API Məxvilik Açarı"
"Term Name","Dövr Adı"
"Term Start Date","Dövr Başlama Tarixi"
"Term End Date","Dövr Bitmə Tarixi"
"Academics User","Akademik İstifadəçi"
"Academic Year Name","Tədris İli Adı"
"Article","Məqalə"
"LMS User","LMS İstifadəçisi"
"Assessment Criteria Group","Qiymətləndirmə Meyarı Qrupu"
"Assessment Group Name","Qiymətləndirmə Qrupu Adı"
"Parent Assessment Group","Ana Qiymətləndirmə Qrupu"
"Assessment Name","Qiymətləndirmə Adı"
"Grading Scale","Qiymətləndirmə Şkalası"
"Examiner","Mümtəhan"
"Examiner Name","Mümtəhan Adı"
"Supervisor","Rəhbər"
"Supervisor Name","Rəhbər Adı"
"Evaluate","Qiymətləndirmək"
"Maximum Assessment Score","Maksimum Qiymətləndirmə Balı"
"Assessment Plan Criteria","Qiymətləndirmə Planı Meyarları"
"Maximum Score","Maksimum Bal"
"Grade","Qiymət"
"Assessment Result Detail","Qiymətləndirmə Nəticəsi Detalı"
"Assessment Result Tool","Qiymətləndirmə Nəticəsi Aləti"
"Result HTML","Nəticə HTML"
"Content Activity","Məzmun Fəaliyyəti"
"Last Activity","Son Fəaliyyət"
"Content Question","Məzmun Sualı"
"Question Link","Sual Linki"
"Course Name","Kurs Adı"
"Topics","Mövzular"
"Hero Image","Əsas Şəkil"
"Default Grading Scale","Əsas Qiymətləndirmə Şkalası"
"Education Manager","Təhsil Meneceri"
"Course Activity","Kurs Fəaliyyəti"
"Course Enrollment","Kursa Qeydiyyat"
"Activity Date","Fəaliyyət Tarixi"
"Course Assessment Criteria","Kurs Qiymətləndirmə Meyarları"
"Weightage","Çəki"
"Course Content","Kurs Məzmunu"
"Quiz","Viktorina"
"Program Enrollment","Proqrama Qeydiyyat"
"Enrollment Date","Qeydiyyat Tarixi"
"Instructor Name","Təlimatçı Adı"
"Course Scheduling Tool","Kurs Planlaşdırma Aləti"
"Course Start Date","Kursun Başlama Tarixi"
"To TIme","Bitmə Saatı"
"Course End Date","Kursun Bitmə Tarixi"
"Course Topic","Kurs Mövzusu"
"Topic Name","Mövzu Adı"
"Education Settings","Təhsil Parametrləri"
"Current Academic Year","Cari Tədris İli"
"Current Academic Term","Cari Tədris Dövrü"
"Attendance Freeze Date","Davamiyyətin Dondurulma Tarixi"
"Validate Batch for Students in Student Group","Tələbə Qrupundakı Tələbələr üçün Partiyanı Yoxla"
"For Batch based Student Group, the Student Batch will be validated for every Student from the Program Enrollment.","Partiya əsaslı Tələbə Qrupu üçün, Tələbə Partiyası Proqrama Qeydiyyatdan keçən hər bir Tələbə üçün yoxlanılacaq."
"Validate Enrolled Course for Students in Student Group","Tələbə Qrupundakı Tələbələr üçün Qeydiyyatdan Keçmiş Kursu Yoxla"
"For Course based Student Group, the Course will be validated for every Student from the enrolled Courses in Program Enrollment.","Kurs əsaslı Tələbə Qrupu üçün, Kurs Proqrama Qeydiyyatdakı qeydiyyatdan keçmiş Kurslardan hər bir Tələbə üçün yoxlanılacaq."
"Make Academic Term Mandatory","Tədris Dövrünü Məcburi Et"
"If enabled, field Academic Term will be Mandatory in Program Enrollment Tool.","Aktiv edilərsə, Proqrama Qeydiyyat Alətində Tədris Dövrü sahəsi Məcburi olacaq."
"Skip User creation for new Student","Yeni Tələbə üçün İstifadəçi yaradılmasını ötür"
"By default, a new User is created for every new Student. If enabled, no new User will be created when a new Student is created.","Susmaya görə, hər bir yeni Tələbə üçün yeni İstifadəçi yaradılır. Aktiv edilərsə, yeni Tələbə yaradıldıqda yeni İstifadəçi yaradılmayacaq."
"Instructor Records to be created by","Təlimatçı Qeydlərinin yaradılma vasitəsi"
"Employee Number","İşçi Nömrəsi"
"Fee Category","Ödəniş Kateqoriyası"
"Fee Component","Ödəniş Komponenti"
"Fees Category","Ödənişlər Kateqoriyası"
"Fee Schedule","Ödəniş Cədvəli"
"Fee Structure","Ödəniş Strukturu"
"Fee Creation Status","Ödəniş Yaratma Statusu"
"In Process","Prosesdədir"
"Send Payment Request Email","Ödəniş Tələbi E-poçtu Göndər"
"Student Category","Tələbə Kateqoriyası"
"Fee Breakup for each student","Hər tələbə üçün Ödəniş Bölgüsü"
"Total Amount per Student","Tələbə başına Ümumi Məbləğ"
"Institution","İnstitut"
"Fee Schedule Program","Ödəniş Cədvəli Proqramı"
"Student Batch","Tələbə Partiyası"
"Total Students","Cəmi Tələbələr"
"Fee Schedule Student Group","Ödəniş Cədvəli Tələbə Qrupu"
"Include Payment","Ödənişi Daxil Et"
"Send Payment Request","Ödəniş Tələbi Göndər"
"Student Details","Tələbə Təfərrüatları"
"Student Email","Tələbə E-poçtu"
"Grading Scale Name","Qiymətləndirmə Şkalası Adı"
"Grading Scale Intervals","Qiymətləndirmə Şkalası İntervalları"
"Intervals","İntervallar"
"Grading Scale Interval","Qiymətləndirmə Şkalası İntervalı"
"Grade Code","Qiymət Kodu"
"Threshold","Hədd"
"Grade Description","Qiymət Təsviri"
"Guardian","Qəyyum"
"Guardian Name","Qəyyum Adı"
"Alternate Number","Alternativ Nömrə"
"Occupation","Məşğulluq"
"Work Address","İş Ünvanı"
"Guardian Of","Qəyyumu"
"Students","Tələbələr"
"Guardian Interests","Qəyyum Maraqları"
"Guardian Interest","Qəyyum Marağı"
"Interest","Maraq"
"Guardian Student","Qəyyum Tələbə"
"Instructor Log","Təlimatçı Jurnalı"
"Other details","Digər detallar"
"Option","Seçim"
"Is Correct","Doğrudur"
"Program Name","Proqram Adı"
"Program Abbreviation","Proqram İxtisarı"
"Courses","Kurslar"
"Is Published","Dərc Edilib"
"Allow Self Enroll","Öz-özünə Qeydiyyata İcazə Ver"
"Is Featured","Seçilmişdir"
"Intro Video","Giriş Videosu"
"Program Course","Proqram Kursu"
"School House","Məktəb Evi"
"Boarding Student","Yataqxana Tələbəsi"
"Check this if the Student is residing at the Institute's Hostel.","Tələbə İnstitutun Yataqxanasında qalırsa, bunu işarələyin."
"Walking","Piyada"
"Institute's Bus","İnstitutun Avtobusu"
"Self-Driving Vehicle","Şəxsi Nəqliyyat Vasitəsi"
"Pick/Drop by Guardian","Qəyyum tərəfindən Gətirilmə/Götürülmə"
"Enrolled courses","Qeydiyyatdan keçmiş kurslar"
"Program Enrollment Course","Proqrama Qeydiyyat Kursu"
"Program Enrollment Fee","Proqrama Qeydiyyat Ödənişi"
"Program Enrollment Tool","Proqrama Qeydiyyat Aləti"
"Get Students From","Tələbələri Buradan Al"
"Student Applicant","Tələbə Namizədi"
"Get Students","Tələbələri Gətir"
"Enrollment Details","Qeydiyyat Detalları"
"New Program","Yeni Proqram"
"New Student Batch","Yeni Tələbə Partiyası"
"Enroll Students","Tələbələri Qeydiyyata Al"
"New Academic Year","Yeni Tədris İli"
"New Academic Term","Yeni Tədris Dövrü"
"Program Enrollment Tool Student","Proqrama Qeydiyyat Aləti Tələbəsi"
"Student Batch Name","Tələbə Partiyası Adı"
"Program Fee","Proqram Ödənişi"
"Question","Sual"
"Single Correct Answer","Tək Doğru Cavab"
"Multiple Correct Answer","Çox Doğru Cavab"
"Quiz Configuration","Viktorina Konfiqurasiyası"
"Passing Score","Keçid Balı"
"Score out of 100","100 üzərindən bal"
"Max Attempts","Maksimum Cəhdlər"
"Enter 0 to waive limit","Limiti ləğv etmək üçün 0 daxil edin"
"Grading Basis","Qiymətləndirmə Əsası"
"Latest Highest Score","Son Ən Yüksək Bal"
"Latest Attempt","Son Cəhd"
"Quiz Activity","Viktorina Fəaliyyəti"
"Enrollment","Qeydiyyat"
"Pass","Keçdi"
"Quiz Question","Viktorina Sualı"
"Quiz Result","Viktorina Nəticəsi"
"Selected Option","Seçilmiş Variant"
"Correct","Doğru"
"Wrong","Yanlış"
"Room Name","Otaq Adı"
"Room Number","Otaq Nömrəsi"
"Seating Capacity","Oturacaq Tutumu"
"House Name","Ev Adı"
"Student Mobile Number","Tələbənin Mobil Nömrəsi"
"Blood Group","Qan Qrupu"
"Nationality","Milliyət"
"Home Address","Ev Ünvanı"
"Guardian Details","Qəyyum Detalları"
"Guardians","Qəyyumlar"
"Sibling Details","Bacı-Qardaş Detalları"
"Siblings","Bacı-Qardaşlar"
"Exit","Çıxış"
"Date of Leaving","Çıxış Tarixi"
"Leaving Certificate Number","Çıxış Sertifikatı Nömrəsi"
"Reason For Leaving","Çıxma Səbəbi"
"Student Admission","Tələbə Qəbulu"
"Admission Start Date","Qəbulun Başlama Tarixi"
"Admission End Date","Qəbulun Bitmə Tarixi"
"Eligibility and Details","Uyğunluq və Detallar"
"Student Admission Program","Tələbə Qəbulu Proqramı"
"Minimum Age","Minimum Yaş"
"Maximum Age","Maksimum Yaş"
"Application Fee","Müraciət Ödənişi"
"Naming Series (for Student Applicant)","Adlandırma Seriyası (Tələbə Namizədi üçün)"
"LMS Only","Yalnız LMS"
"Application Date","Müraciət Tarixi"
"Student Attendance Tool","Tələbə Davamiyyət Aləti"
"Group Based On","Qrup Əsası"
"Students HTML","Tələbələr HTML"
"Group Based on","Qrup Əsası"
"Student Group Name","Tələbə Qrupu Adı"
"Max Strength","Maksimum Say"
"Set 0 for no limit","Limit olmaması üçün 0 təyin edin"
"Instructors","Təlimatçılar"
"Student Group Creation Tool","Tələbə Qrupu Yaratma Aləti"
"Leave blank if you make students groups per year","Tələbə qruplarını illik edirsinizsə boş buraxın"
"Get Courses","Kursları Gətir"
"Separate course based Group for every Batch","Hər Partiya üçün ayrı kurs əsaslı Qrup"
"Leave unchecked if you don't want to consider batch while making course based groups.","Kurs əsaslı qruplar yaradarkən partiyanı nəzərə almaq istəmirsinizsə, işarəni götürün."
"Student Group Creation Tool Course","Tələbə Qrupu Yaratma Aləti Kursu"
"Course Code","Kurs Kodu"
"Student Group Instructor","Tələbə Qrupu Təlimatçısı"
"Student Group Student","Tələbə Qrupu Tələbəsi"
"Group Roll Number","Qrup Siyahı Nömrəsi"
"Student Guardian","Tələbə Qəyyumu"
"Relation","Qohumluq"
"Mother","Ana"
"Father","Ata"
"Student Language","Tələbə Dili"
"Student Leave Application","Tələbə Məzuniyyət Müraciəti"
"Mark as Present","İştirak Edir Kimi İşarələ"
"Student Log","Tələbə Jurnalı"
"Academic","Akademik"
"Achievement","Nailiyyət"
"Student Report Generation Tool","Tələbə Hesabatı Yaratma Aləti"
"Include All Assessment Group","Bütün Qiymətləndirmə Qruplarını Daxil Et"
"Show Marks","Qiymətləri Göstər"
"Add letterhead","Başlıq əlavə et"
"Print Section","Çap Bölməsi"
"Total Parents Teacher Meeting","Cəmi Valideyn-Müəllim İclası"
"Attended by Parents","Valideynlər İştirak Etdi"
"Assessment Terms","Qiymətləndirmə Dövrü"
"Student Sibling","Tələbənin Bacı-Qardaşı"
"Studying in Same Institute","Eyni İnstitutda Oxuyur"
"NO","XEYR"
"YES","BƏLİ"
"Student Siblings","Tələbənin Bacı-Qardaşları"
"Topic Content","Mövzu Məzmunu"
"Amazon MWS Settings","Amazon MWS Parametrləri"
"ERPNext Integrations","ERPNext İnteqrasiyaları"
"Enable Amazon","Amazon-u Aktivləşdir"
"MWS Credentials","MWS Etimadnamələri"
"Seller ID","Satıcı İD"
"AWS Access Key ID","AWS Giriş Açar İD"
"MWS Auth Token","MWS Doğrulama Tokeni"
"Market Place ID","Bazar Yeri İD"
"AE","BƏƏ"
"AU","AV"
"BR","BR"
"CA","KA"
"CN","ÇİN"
"DE","AL"
"ES","İS"
"FR","FR"
"JP","YAP"
"IT","İT"
"MX","MEK"
"UK","BB"
"US","ABŞ"
"Customer Type","Müştəri Növü"
"Market Place Account Group","Bazar Yeri Hesab Qrupu"
"After Date","Tarixdən Sonra"
"Amazon will synch data updated after this date","Amazon bu tarixdən sonra yenilənən məlumatları sinxronlaşdıracaq"
"Sync Taxes and Charges","Vergilər və Məsrəfləri Sinxronlaşdır"
"Get financial breakup of Taxes and charges data by Amazon","Amazon tərəfindən Vergilər və məsrəflər məlumatlarının maliyyə bölgüsünü əldə et"
"Sync Products","Məhsulları Sinxronlaşdır"
"Always sync your products from Amazon MWS before synching the Orders details","Sifariş detallarını sinxronlaşdırmadan əvvəl həmişə məhsullarınızı Amazon MWS-dən sinxronlaşdırın"
"Sync Orders","Sifarişləri Sinxronlaşdır"
"Click this button to pull your Sales Order data from Amazon MWS.","Amazon MWS-dən Satış Sifarişi məlumatlarınızı çəkmək üçün bu düyməni klikləyin."
"Enable Scheduled Sync","Cədvəlli Sinxronizasiyanı Aktivləşdir"
"Check this to enable a scheduled Daily synchronization routine via scheduler","Planlaşdırıcı vasitəsilə gündəlik cədvəlli sinxronizasiya rejimini aktivləşdirmək üçün bunu işarələyin"
"Max Retry Limit","Maksimum Təkrar Cəhd Limiti"
"Exotel Settings","Exotel Parametrləri"
"Account SID","Hesab SID"
"API Token","API Tokeni"
"GoCardless Mandate","GoCardless Mandatı"
"Mandate","Mandat"
"GoCardless Customer","GoCardless Müştərisi"
"GoCardless Settings","GoCardless Parametrləri"
"Webhooks Secret","Veb-huk Məxviliyi"
"Plaid Settings","Plaid Parametrləri"
"Synchronize all accounts every hour","Bütün hesabları hər saat sinxronlaşdır"
"Plaid Client ID","Plaid Müştəri İD"
"Plaid Secret","Plaid Məxviliyi"
"Plaid Environment","Plaid Mühiti"
"sandbox","sandbox"
"development","inkişaf"
"production","istehsalat"
"QuickBooks Migrator","QuickBooks Miqratoru"
"Application Settings","Tətbiq Parametrləri"
"Token Endpoint","Token Son Nöqtəsi"
"Scope","Əhatə dairəsi"
"Authorization Settings","Avtorizasiya Parametrləri"
"Authorization Endpoint","Avtorizasiya Son Nöqtəsi"
"Authorization URL","Avtorizasiya URL-i"
"Quickbooks Company ID","Quickbooks Şirkət İD"
"Company Settings","Şirkət Parametrləri"
"Default Shipping Account","Əsas Çatdırılma Hesabı"
"Default Warehouse","Əsas Anbar"
"Default Cost Center","Əsas Xərc Mərkəzi"
"Undeposited Funds Account","Depozit Qoyulmamış Vəsaitlər Hesabı"
"Shopify Log","Shopify Jurnalı"
"Shopify Settings","Shopify Parametrləri"
"status html","status html"
"Enable Shopify","Shopify-ı Aktivləşdir"
"App Type","Tətbiq Növü"
"Last Sync Datetime","Son Sinxronizasiya Tarix-Saat"
"Shop URL","Mağaza URL-i"
"eg: frappe.myshopify.com","məs: frappe.myshopify.com"
"Shared secret","Paylaşılan məxvilik"
"Webhooks Details","Veb-huk Detalları"
"Webhooks","Veb-huklar"
"Customer Settings","Müştəri Parametrləri"
"Default Customer","Əsas Müştəri"
"Customer Group will set to selected group while syncing customers from Shopify","Shopify-dan müştəriləri sinxronlaşdırarkən Müştəri Qrupu seçilmiş qrupa təyin ediləcək"
"For Company","Şirkət Üçün"
"Cash Account will used for Sales Invoice creation","Satış Fakturasının yaradılması üçün Nağd Hesab istifadə olunacaq"
"Update Price from Shopify To ERPNext Price List","Qiyməti Shopify-dan ERPNext Qiymət Cədvəlinə Yenilə"
"Default Warehouse to to create Sales Order and Delivery Note","Satış Sifarişi və Çatdırılma Qaiməsi yaratmaq üçün Əsas Anbar"
"Sales Order Series","Satış Sifarişi Seriyası"
"Import Delivery Notes from Shopify on Shipment","Göndərilmə zamanı Çatdırılma Qaimələrini Shopify-dan idxal et"
"Delivery Note Series","Çatdırılma Qaiməsi Seriyası"
"Import Sales Invoice from Shopify if Payment is marked","Ödəniş qeyd olunubsa, Satış Fakturasını Shopify-dan idxal et"
"Sales Invoice Series","Satış Fakturası Seriyası"
"Shopify Tax Account","Shopify Vergi Hesabı"
"Shopify Tax/Shipping Title","Shopify Vergi/Çatdırılma Başlığı"
"ERPNext Account","ERPNext Hesabı"
"Shopify Webhook Detail","Shopify Veb-huk Detalı"
"Webhook ID","Veb-huk İD"
"Tally Migration","Tally Miqrasiyası"
"Master Data","Əsas Məlumatlar"
"Data exported from Tally that consists of the Chart of Accounts, Customers, Suppliers, Addresses, Items and UOMs","Hesablar Planı, Müştərilər, Təchizatçılar, Ünvanlar, Məhsullar və Ölçü Vahidlərindən ibarət Tally-dən ixrac edilən məlumatlar"
"Is Master Data Processed","Əsas Məlumatlar İşlənib"
"Is Master Data Imported","Əsas Məlumatlar İdxal Edilib"
"Tally Creditors Account","Tally Kreditorlar Hesabı"
"Creditors Account set in Tally","Tally-də təyin edilmiş Kreditorlar Hesabı"
"Tally Debtors Account","Tally Debitorlar Hesabı"
"Debtors Account set in Tally","Tally-də təyin edilmiş Debitorlar Hesabı"
"Tally Company","Tally Şirkəti"
"Company Name as per Imported Tally Data","İdxal edilən Tally Məlumatlarına əsasən Şirkət Adı"
"Default UOM","Əsas UOM"
"UOM in case unspecified in imported data","İdxal edilən məlumatlarda qeyd olunmadığı halda UOM"
"ERPNext Company","ERPNext Şirkəti"
"Your Company set in ERPNext","ERPNext-də təyin edilmiş Şirkətiniz"
"Processed Files","İşlənmiş Fayllar"
"Parties","Tərəflər"
"UOMs","Vahidlər"
"Vouchers","Sənədlər"
"Round Off Account","Yuvarlaqlaşdırma Hesabı"
"Day Book Data","Gündəlik Kitab Məlumatları"
"Day Book Data exported from Tally that consists of all historic transactions","Bütün tarixi əməliyyatlardan ibarət Tally-dən ixrac edilən Gündəlik Kitab Məlumatları"
"Is Day Book Data Processed","Gündəlik Kitab Məlumatları İşlənib"
"Is Day Book Data Imported","Gündəlik Kitab Məlumatları İdxal Edilib"
"Woocommerce Settings","Woocommerce Parametrləri"
"Enable Sync","Sinxronizasiyanı Aktivləşdir"
"Woocommerce Server URL","Woocommerce Server URL-i"
"Secret","Məxvilik"
"API consumer key","API istehlakçı açarı"
"API consumer secret","API istehlakçı məxviliyi"
"Tax Account","Vergi Hesabı"
"Freight and Forwarding Account","Yük və Göndərmə Hesabı"
"Creation User","Yaradan İstifadəçi"
"The user that will be used to create Customers, Items and Sales Orders. This user should have the relevant permissions.","Müştərilər, Məhsullar və Satış Sifarişləri yaratmaq üçün istifadə olunacaq istifadəçi. Bu istifadəçinin müvafiq icazələri olmalıdır."
"This warehouse will be used to create Sales Orders. The fallback warehouse is ""Stores"".","Bu anbar Satış Sifarişləri yaratmaq üçün istifadə olunacaq. Ehtiyat anbar ""Stores""-dur."
"The fallback series is ""SO-WOO-"".","Ehtiyat seriyası ""SO-WOO-""-dur."
"This company will be used to create Sales Orders.","Bu şirkət Satış Sifarişləri yaratmaq üçün istifadə olunacaq."
"Delivery After (Days)","Çatdırılma Sonra (Gün)"
"This is the default offset (days) for the Delivery Date in Sales Orders. The fallback offset is 7 days from the order placement date.","Bu, Satış Sifarişlərində Çatdırılma Tarixi üçün əsas ofsetdir (günlər). Ehtiyat ofset sifarişin yerləşdirilməsi tarixindən 7 gündür."
"This is the default UOM used for items and Sales orders. The fallback UOM is ""Nos"".","Bu, məhsullar və Satış sifarişləri üçün istifadə olunan əsas UOM-dur. Ehtiyat UOM ""Nos""-dur."
"Endpoints","Son nöqtələr"
"Endpoint","Son nöqtə"
"Antibiotic Name","Antibiotik Adı"
"Healthcare Administrator","Səhiyyə Administratoru"
"Laboratory User","Laboratoriya İstifadəçisi"
"Is Inpatient","Stasionardır"
"Default Duration (In Minutes)","Əsas Müddət (Dəqiqə ilə)"
"Body Part","Bədən Hissəsi"
"Body Part Link","Bədən Hissəsi Linki"
"Procedure Template","Prosedur Şablonu"
"Procedure Prescription","Prosedur Resepti"
"Service Unit","Xidmət Bölməsi"
"Consumables","Stok İstifadəsini"
"Consume Stock","Stok İstifadəsi"
"Invoice Consumables Separately","Sərfiyyat Mallarını Ayrıca Fakturalandır"
"Consumption Invoiced","İstehlak Fakturalandı"
"Consumable Total Amount","Sərfiyyat Malları Ümumi Məbləği"
"Consumption Details","İstehlak Detalları"
"Nursing User","Tibb Bacısı İstifadəçisi"
"Clinical Procedure Item","Klinik Prosedur Maddəsi"
"Invoice Separately as Consumables","Sərfiyyat Malları kimi Ayrıca Fakturalandır"
"Transfer Qty","Transfer Miqdarı"
"Actual Qty (at source/target)","Faktiki Qalıq"
"Is Billable","Ödənişlidir"
"Allow Stock Consumption","Stok İstifadəsini aktiv et"
"Sample UOM","Nümunə UOM"
"Collection Details","Toplama Detalları"
"Change In Item","Məhsulda Dəyişiklik"
"Codification Table","Kodlaşdırma Cədvəli"
"Complaints","Şikayətlər"
"Dosage Strength","Doza Gücü"
"Strength","Güc"
"Drug Prescription","Dərman Resepti"
"Drug Name / Description","Dərman Adı / Təsviri"
"Dosage","Doza"
"Dosage by Time Interval","Zaman İntervalına görə Doza"
"Interval","İnterval"
"Interval UOM","İnterval UOM"
"Hour","Saat"
"Update Schedule","Cədvəli Yenilə"
"Exercise","İdman"
"Difficulty Level","Çətinlik Səviyyəsi"
"Counts Target","Hədəf Sayı"
"Counts Completed","Tamamlanan Say"
"Assistance Level","Yardım Səviyyəsi"
"Active Assist","Aktiv Yardım"
"Exercise Name","İdman Adı"
"Body Parts","Bədən Hissələri"
"Exercise Instructions","İdman Təlimatları"
"Exercise Video","İdman Videosu"
"Exercise Steps","İdman Addımları"
"Steps Table","Addımlar Cədvəli"
"Exercise Type Step","İdman Növü Addımı"
"Max number of visit","Maksimum səfər sayı"
"Visited yet","Hələ ziyarət edilib"
Reference Appointments,İstinad Randevuları
Valid till,Tarixə qədər etibarlıdır
Fee Validity Reference,Ödəniş Etibarlılığı İstinadı
Basic Details,Əsas təfərrüatlar
Mobile,Mobil
Phone (R),Telefon (R)
Phone (Office),Telefon (Ofis)
Employee and User Details,İşçi və İstifadəçi məlumatları
Hospital,Xəstənxana
Appointments,Randevular
Practitioner Schedules,Tibb İşçisi Cədvəlləri
Charges,Ödənişlər
Out Patient Consulting Charge,Ambulator konsultasiya qiyməti
Default Currency,Əsas Valyuta
Healthcare Schedule Time Slot,Səhiyyə Cədvəl Vaxtı
Parent Service Unit,Ana Xidmət Bölməsi
Service Unit Type,Xidmət Bölməsi Növü
Allow Appointments,Randevulara icazə ver
Allow Overlap,Üst-üstə düşməyə icazə ver
Inpatient Occupancy,Stasionar Doluluq
Occupancy Status,Doluluq Vəziyyəti
Vacant,Boş
Occupied,Dolu
Item Details,Material Təfərrüatları
UOM Conversion in Hours,Saatla Vahid Çevrilməsi
Rate / UOM,Qiymət / Vahid
Change in Item,Materialda Dəyişiklik
Out Patient Settings,Ambulator Parametrlər
Patient Name By,Pasiyent Adı (nəyə görə)
Patient Name,Pasiyent Adı
Link Customer to Patient,Müştərini Pasiyentlə Əlaqələndir
"If checked, a customer will be created, mapped to Patient.\nPatient Invoices will be created against this Customer. You can also select existing Customer while creating Patient.","İşarələnərsə, müştəri yaradılacaq və Pasiyentə təyin ediləcək.\nPasiyent fakturaları bu Müştəri üçün yaradılacaq. Pasiyent yaradarkən mövcud Müştərini də seçə bilərsiniz."
Default Medical Code Standard,Əsas Tibbi Kod Standartı
Collect Fee for Patient Registration,Pasiyent Qeydiyyatı üçün Ödəniş Topla
Checking this will create new Patients with a Disabled status by default and will only be enabled after invoicing the Registration Fee.,Bu işarələnərsə yeni Pasiyentlər susmaya görə Deaktiv statusu ilə yaradılacaq və yalnız Qeydiyyat Haqqı fakturalandıqdan sonra aktivləşdiriləcək.
Registration Fee,Qeydiyyat Haqqı
Automate Appointment Invoicing,Randevu Fakturalanmasını Avtomatlaşdır
Manage Appointment Invoice submit and cancel automatically for Patient Encounter,Pasiyent Görüşü üçün Randevu Fakturasının təsdiqini və ləğvini avtomatik idarə et
Enable Free Follow-ups,Pulsuz İzləmələri Aktivləşdir
Number of Patient Encounters in Valid Days,Etibarlı Günlərdə Pasiyent Görüşlərinin Sayı
The number of free follow ups (Patient Encounters in valid days) allowed,"İcazə verilən pulsuz izləmələrin (Etibarlı günlərdə Pasiyent Görüşləri) sayı"
Valid Number of Days,Etibarlı Günlərin Sayı
Time period (Valid number of days) for free consultations,"Pulsuz konsultasiyalar üçün vaxt dövrü (Etibarlı günlərin sayı)"
Default Healthcare Service Items,Əsas Səhiyyə Xidmət Materialları
"You can configure default Items for billing consultation charges, procedure consumption items and inpatient visits","Konsultasiya ödənişləri, prosedur sərfiyyat materialları və stasionar ziyarətlər üçün əsas Materialları konfiqurasiya edə bilərsiniz"
Clinical Procedure Consumable Item,Klinik Prosedur Sərfiyyat Materialı
Default Accounts,Əsas Hesablar
Default income accounts to be used if not set in Healthcare Practitioner to book Appointment charges.,Randevu ödənişlərini qeyd etmək üçün Tibb İşçisində təyin edilməyibsə istifadə ediləcək əsas gəlir hesabları.
Default receivable accounts to be used to book Appointment charges.,Randevu ödənişlərini qeyd etmək üçün istifadə ediləcək əsas debitor hesabları.
Out Patient SMS Alerts,Ambulator SMS Bildirişləri
Patient Registration,Pasiyent Qeydiyyatı
Registration Message,Qeydiyyat Mesajı
Confirmation Message,Təsdiq Mesajı
Avoid Confirmation,Təsdiqdən Qaçın
Do not confirm if appointment is created for the same day,Randevu eyni gün üçün yaradılıbsa təsdiq etmə
Appointment Reminder,Randevu Xatırlatması
Reminder Message,Xatırlatma Mesajı
Laboratory Settings,Laboratoriya Parametrləri
Create Lab Test(s) on Sales Invoice Submission,Satış Fakturası Təsdiqləndikdə Laboratoriya Test(lər)i Yarat
Checking this will create Lab Test(s) specified in the Sales Invoice on submission.,"Bu işarələnərsə, təsdiqləmə zamanı Satış Fakturasında göstərilən Laboratoriya Test(lər)i yaradılacaq."
Create Sample Collection document for Lab Test,Laboratoriya Testi üçün Nümunə Toplama sənədi yarat
Checking this will create a Sample Collection document  every time you create a Lab Test,"Bu işarələnərsə, hər dəfə Laboratoriya Testi yaratdığınız zaman Nümunə Toplama sənədi yaradılacaq"
Employee name and designation in print,Çapda işçi adı və vəzifəsi
Check this if you want the Name and Designation of the Employee associated with the User who submits the document to be printed in the Lab Test Report.,"Sənədi təqdim edən İstifadəçi ilə əlaqəli İşçinin Adı və Vəzifəsinin Laboratoriya Test Hesabatında çap olunmasını istəyirsinizsə, bunu işarələyin."
Do not print or email Lab Tests without Approval,Təsdiq olmadan Laboratoriya Testlərini çap etmə və ya e-poçtla göndərmə
Checking this will restrict printing and emailing of Lab Test documents unless they have the status as Approved.,"Bu işarələnərsə, Təsdiqlənmiş statusuna malik olmayan Laboratoriya Test sənədlərinin çap edilməsi və e-poçtla göndərilməsi məhdudlaşdırılacaq."
Custom Signature in Print,Çapda Xüsusi İmza
Laboratory SMS Alerts,Laboratoriya SMS Bildirişləri
Result Printed Message,Nəticə Çap Mesajı
Result Emailed Message,Nəticə E-poçt Mesajı
Check In,Qeydiyyatdan Keçmək
Check Out,Çıxış
A Positive,A Müsbət
A Negative,A Mənfi
AB Positive,AB Müsbət
AB Negative,AB Mənfi
B Positive,B Müsbət
B Negative,B Mənfi
O Positive,O Müsbət
O Negative,O Mənfi
Date of birth,Doğum tarixi
Admission Scheduled,Qəbul Planlaşdırıldı
Discharge Scheduled,Çıxış Planlaşdırıldı
Discharged,Çıxış Verildi
Admission Schedule Date,Qəbul Planlaşdırma Tarixi
Admitted Datetime,Qəbul Tarixi və Vaxtı
Expected Discharge,Gözlənilən Çıxış
Discharge Date,Çıxış Tarixi
Lab Prescription,Laboratoriya Resepti
Lab Test Name,Laboratoriya Test Adı
Test Created,Test Yaradıldı
Submitted Date,Təqdim Tarixi
Approved Date,Təsdiq Tarixi
Sample ID,Nümunə ID
Lab Technician,Laboratoriya Texniki
Report Preference,Hesabat Tərcihi
Test Name,Test Adı
Test Template,Test Şablonu
Test Group,Test Qrupu
Custom Result,Xüsusi Nəticə
LabTest Approver,Laboratoriya Testi Təsdiqləyicisi
Add Test,Test Əlavə et
Normal Range,Normal Aralıq
Result Format,Nəticə Formatı
Single,Tək
Compound,Mürəkkəb
Descriptive,Təsviri
Grouped,Qruplaşdırılmış
No Result,Nəticə Yoxdur
This value is updated in the Default Sales Price List.,Bu dəyərƏsas Satış Qiymət Cədvəlində yenilənir.
Lab Routine,Laboratoriya Rutini
Result Value,Nəticə Dəyəri
Require Result Value,Nəticə Dəyəri Tələb Olunur
Normal Test Template,Normal Test Şablonu
Patient Demographics,Pasiyent Demoqrafikası
Middle Name (optional),Ata adı (könüllü)
Inpatient Status,Stasionar Vəziyyəti
"If ""Link Customer to Patient"" is checked in Healthcare Settings and an existing Customer is not selected then, a Customer will be created for this Patient for recording transactions in Accounts module.","Səhiyyə Parametrlərində ""Müştərini Pasiyentlə Əlaqələndir"" seçilibsə və mövcud Müştəri seçilməyibsə, Hesablar modulunda əməliyyatları qeyd etmək üçün bu Pasiyent üçün Müştəri yaradılacaq."
Personal and Social History,Şəxsi və Sosial Tarixçə
Marital Status,Ailə Vəziyyəti
Married,Evli
Divorced,Boşanmış
Widow,Dul
Patient Relation,Pasiyent Əlaqəsi
"Allergies, Medical and Surgical History","Allergiya, Tibbi və Cərrahi Tarixçə"
Allergies,Allergiyalar
Medication,Dərman
Medical History,Tibbi Tarixçə
Surgical History,Cərrahi Tarixçə
Risk Factors,Risk Faktorları
Occupational Hazards and Environmental Factors,Peşə Təhlükələri və Ətraf Mühit Faktorları
Other Risk Factors,Digər Risk Faktorları
Patient Details,Pasiyent Təfərrüatları
Additional information regarding the patient,Pasiyent haqqında əlavə məlumat
Patient Age,Pasiyent Yaşı
Get Prescribed Clinical Procedures,Təyin Olunmuş Klinik Prosedurları Al
Therapy,Terapiya
Get Prescribed Therapies,Təyin Olunmuş Terapiyaları Al
Appointment Datetime,Randevu Tarixi və Vaxtı
Duration (In Minutes),Müddət (Dəqiqə)
Reference Sales Invoice,İstinad Satış Fakturası
More Info,Əlavə Məlumat
Referring Practitioner,İstinad Edən Tibb İşçisi
Assessment Template,Qiymətləndirmə Şablonu
Assessment Datetime,Qiymətləndirmə Tarixi və Vaxtı
Assessment Description,Qiymətləndirmə Təsviri
Assessment Sheet,Qiymətləndirmə Vərəqi
Total Score Obtained,Əldə Edilən Ümumi Bal
Scale Min,Şkala Min
Scale Max,Şkala Maks
Patient Assessment Detail,Pasiyent Qiymətləndirmə Detalı
Assessment Parameter,Qiymətləndirmə Parametri
Patient Assessment Parameter,Pasiyent Qiymətləndirmə Parametri
Patient Assessment Sheet,Pasiyent Qiymətləndirmə Vərəqi
Patient Assessment Template,Pasiyent Qiymətləndirmə Şablonu
Assessment Parameters,Qiymətləndirmə Parametrləri
Parameters,Parametrlər
Assessment Scale,Qiymətləndirmə Şkalası
Scale Minimum,Şkala Minimumu
Scale Maximum,Şkala Maksimumu
Encounter Date,Görüş Tarixi
Encounter Time,Görüş Vaxtı
Encounter Impression,Görüş Təəssüratı
Symptoms,Simptomlar
In print,Çapda
Medical Coding,Tibbi Kodlaşdırma
Procedures,Prosedurlar
Therapies,Terapiyalar
Review Details,İcmal Təfərrüatları
Patient Encounter Diagnosis,Pasiyent Görüşü Diaqnozu
Patient Encounter Symptom,Pasiyent Görüşü Simptomu
Attach Medical Record,Tibbi Qeyd Əlavə Et
Spouse,Həyat Yoldaşı
Family,Ailə
Schedule Details,Cədvəl Təfərrüatları
Schedule Name,Cədvəl Adı
Time Slots,Vaxt Slotları
Practitioner Service Unit Schedule,Tibb İşçisi Xidmət Bölməsi Cədvəli
Procedure Name,Prosedur Adı
Appointment Booked,Randevu Bron Edildi
Procedure Created,Prosedur Yaradıldı
Collected By,Toplayan
Particulars,Təfərrüatlar
Result Component,Nəticə Komponenti
Therapy Plan Details,Terapiya Planı Təfərrüatları
Total Sessions,Ümumi Seanslar
Total Sessions Completed,Tamamlanmış Ümumi Seanslar
Therapy Plan Detail,Terapiya Planı Detalı
No of Sessions,Seansların Sayı
Sessions Completed,Tamamlanmış Seanslar
Tele,Tele
Exercises,Məşqlər
Therapy For,Terapiya Üçün
Add Exercises,MəşqlərƏlavə et
Body Temperature,Bədən Temperaturu
Presence of a fever (temp &gt; 38.5 °C/101.3 °F or sustained temp &gt; 38 °C/100.4 °F),"Hərarətin olması (temp &gt; 38.5 °C/101.3 °F və ya davamlı temp &gt; 38 °C/100.4 °F)"
Heart Rate / Pulse,Ürək Döyüntüsü / Nəbz
Adults' pulse rate is anywhere between 50 and 80 beats per minute.,Yetkinlərin nəbz dərəcəsi dəqiqədə 50 ilə 80 vuruş arasındadır.
Respiratory rate,Tənəffüs dərəcəsi
Normal reference range for an adult is 16–20 breaths/minute (RCP 2012),Yetkinlər üçün normal istinad aralığı 16–20 nəfəs/dəqiqədir (RCP 2012)
Tongue,Dil
Coated,Ərpli
Very Coated,Çox Ərpli
Normal,Normal
Furry,Tüklü
Cuts,Kəsiklər
Abdomen,Qarın
Bloated,Şişkin
Fluid,Maye
Constipated,Qəbiz
Reflexes,Reflekslər
Hyper,Hiper
Very Hyper,Çox Hiper
One Sided,Bir Tərəfli
Blood Pressure (systolic),Qan Təzyiqi (sistolik)
Blood Pressure (diastolic),Qan Təzyiqi (diastolik)
Blood Pressure,Qan Təzyiqi
"Normal resting blood pressure in an adult is approximately 120 mmHg systolic, and 80 mmHg diastolic, abbreviated ""120/80 mmHg""","Yetkin bir insanda normal sakitlik qan təzyiqi təxminən 120 mmHg sistolik və 80 mmHg diastolikdir, qısaldılmış şəkildə ""120/80 mmHg"""
Nutrition Values,Qidalanma Dəyərləri
Height (In Meter),Boy (Metr)
Weight (In Kilogram),Çəki (Kiloqram)
BMI,Bədən Kütlə İndeksi (BMI)
Hotel Room,Otel Otağı
Hotel Room Type,Otel Otağı Növü
Capacity,Tutum
Extra Bed Capacity,Əlavə Yataq Tutumu
Hotel Manager,Otel Meneceri
Hotel Room Amenity,Otel Otağı Təchizatı
Billable,Ödənişli
Hotel Room Package,Otel Otağı Paketi
Amenities,Təchizatlar
Hotel Room Pricing,Otel Otağı Qiymətləndirməsi
Hotel Room Pricing Item,Otel Otağı Qiymətləndirmə Materialı
Hotel Room Pricing Package,Otel Otağı Qiymətləndirmə Paketi
Hotel Room Reservation,Otel Otağı Rezervasiyası
Guest Name,Qonaq Adı
Late Checkin,Gec Giriş
Booked,Bron Edilib
Hotel Reservation User,Otel Rezervasiya İstifadəçisi
Hotel Room Reservation Item,Otel Otağı Rezervasiya Elementi
Hotel Settings,Otel Parametrləri
Default Taxes and Charges,Əsas Vergilər və Ödənişlər
Default Invoice Naming Series,Əsas Faktura Adlandırma Seriyası
Date on which this component is applied,Bu komponentin tətbiq olunduğu tarix
Salary Slip,Maaş Vərəqəsi
HR User,HR İstifadəçisi
Job Applicant,İşə Müraciət Edən
Body,Məzmun
Appraisal Template,Qiymətləndirmə Şablonu
Parent Department,Ana Şöbə
Leave Block List,Məzuniyyət Blok Siyahısı
Days for which Holidays are blocked for this department.,Bu şöbə üçün bayramların bloklandığı günlər.
Leave Approver,Məzuniyyət Təsdiqləyicisi
Expense Approver,Xərc Təsdiqləyicisi
Required Skills,Tələb Olunan Bacarıqlar
Skills,Bacarıqlar
Driver,Sürücü
Suspended,Dayandırılıb
Transporter,Daşıyıcı
Applicable for external driver,Xarici sürücü üçün keçərlidir
Cellphone Number,Mobil Nömrə
License Details,Vəsiqə Təfərrüatları
License Number,Vəsiqə Nömrəsi
Issuing Date,Verilmə Tarixi
Driving License Categories,Sürücülük Vəsiqəsi Kateqoriyaları
Driving License Category,Sürücülük Vəsiqəsi Kateqoriyası
Fleet Manager,Avtopark Meneceri
Driver licence class,Sürücülük vəsiqəsi sinfi
Employment Type,Məşğulluq Növü
Emergency Contact,Təcili Əlaqə
Emergency Contact Name,Təcili Əlaqə Adı
Emergency Phone,Təcili Telefon
ERPNext User,ERPNext İstifadəçisi
"System User (login) ID. If set, it will become default for all HR forms.","Sistem İstifadəçi (giriş) ID-si. Təyin edilərsə, bütün HR formaları üçün əsas olacaq."
Create User Permission,İstifadəçi İcazəsi Yarat
This will restrict user access to other employee records,Bu istifadəçinin digər işçi qeydlərinə girişini məhdudlaşdıracaq
Joining Details,İşə Qəbul Təfərrüatları
Offer Date,Təklif Tarixi
Confirmation Date,Təsdiq Tarixi
Contract End Date,Müqavilənin Bitmə Tarixi
Notice (days),Xəbərdarlıq (gün)
Date Of Retirement,Təqaüd Tarixi
Department and Grade,Şöbə və Dərəcə
Reports to,Hesabat verir
Attendance and Leave Details,Davamiyyət və Məzuniyyət Təfərrüatları
Attendance Device ID (Biometric/RF tag ID),Davamiyyət Cihazı ID (Biometrik/RF etiket ID)
Applicable Holiday List,Tətbiq Olunan Bayram Siyahısı
Default Shift,Əsas Növbə
Salary Mode,Maaş Rejimi
Bank A/C No.,Bank Hesab No.
Health Insurance,Tibbi Sığorta
Health Insurance Provider,Tibbi Sığorta Təminatçısı
Health Insurance No,Tibbi Sığorta No
Prefered Email,Üstünlük Verilən E-poçt
Personal Email,Şəxsi E-poçt
Permanent Address Is,Daimi Ünvan ...dir
Rented,İcarə
Owned,Şəxsi
Permanent Address,Daimi Ünvan
Prefered Contact Email,Üstünlük Verilən Əlaqə E-poçtu
Company Email,Şirkət E-poçtu
Provide Email Address registered in company,Şirkətdə qeydiyyatdan keçmiş E-poçt ünvanını təqdim edin
Current Address Is,Cari Ünvan ...dir
Current Address,Cari Ünvan
Personal Bio,Şəxsi Bioqrafiya
Bio / Cover Letter,Bioqrafiya / Müşayiət Məktubu
Short biography for website and other publications.,Veb sayt və digər nəşrlər üçün qısa tərcümeyi-hal.
Passport Number,Pasport Nömrəsi
Date of Issue,Verilmə Tarixi
Place of Issue,Verildiyi Yer
Widowed,Dul
Family Background,Ailə Məlumatı
"Here you can maintain family details like name and occupation of parent, spouse and children","Burada valideyn, həyat yoldaşı və uşaqların adı və peşəsi kimi ailə məlumatlarını saxlaya bilərsiniz"
Health Details,Sağlamlıq Məlumatları
"Here you can maintain height, weight, allergies, medical concerns etc","Burada boy, çəki, allergiya, tibbi narahatlıqlar və s. saxlaya bilərsiniz"
Educational Qualification,Təhsil İxtisası
Previous Work Experience,Əvvəlki İş Təcrübəsi
External Work History,Xarici İş Tarixçəsi
History In Company,Şirkətdaxili Tarixçə
Internal Work History,Daxili İş Tarixçəsi
Resignation Letter Date,İstefa Məktubu Tarixi
Relieving Date,İşdən Çıxma Tarixi
Reason for Leaving,İşdən Çıxma Səbəbi
Leave Encashed?,Məzuniyyət Kompensasiya Edilib?
Encashment Date,Kompensasiya Tarixi
New Workplace,Yeni İş Yeri
Returned Amount,Qaytarılan Məbləğ
Advance Account,Avans Hesabı
Benefits Applied,Tətbiq Olunan Müavinətlər
Benefit Type and Amount,Müavinət Növü və Məbləği
Task Weight,Tapşırıq Çəkisi
Employee Education,İşçi Təhsili
School/University,Məktəb/Universitet
Graduate,Məzun
Post Graduate,Magistratura
Under Graduate,Bakalavr
Year of Passing,Bitirmə İli
Class / Percentage,Sinif / Faiz
Major/Optional Subjects,Əsas/Seçmə Fənlər
Employee External Work History,İşçinin Xarici İş Tarixçəsi
Total Experience,Ümumi Təcrübə
Default Leave Policy,Əsas Məzuniyyət Siyasəti
Employee Group Table,İşçi Qrupu Cədvəli
ERPNext User ID,ERPNext İstifadəçi ID
Employee Internal Work History,İşçinin Daxili İş Tarixçəsi
Activities,Fəaliyyətlər
Employee Onboarding Activity,İşçinin İşə Qəbul Fəaliyyəti
Employee Promotion Detail,İşçi Yüksəliş Detalı
Employee Transfer Property,İşçi Transfer Xüsusiyyəti
Unclaimed amount,Tələb Olunmayan Məbləğ
Holiday List Name,Bayram Siyahısı Adı
Total Holidays,Ümumi Bayramlar
Add Weekly Holidays,Həftəlik İstirahətləri Əlavə Et
Weekly Off,Həftəlik İstirahət
Add to Holidays,Bayramlara Əlavə Et
Holidays,Bayramlar
Clear Table,Cədvəli Təmizlə
Retirement Age,Təqaüd Yaşı
Enter retirement age in years,Təqaüd yaşını illərlə daxil edin
Stop Birthday Reminders,Ad Günü Xatırlatmalarını Dayandır
Leave Settings,Məzuniyyət Parametrləri
Accepted,Qəbul Edildi
Printing Details,Çap Təfərrüatları
Job Title,Vəzifə Adı
Allocation,Təxsis
Select Employees,İşçiləri Seçin
Allocate,Təxsis Et
Max Leaves Allowed,İcazə Verilən Maksimum Məzuniyyət
Maximum Continuous Days Applicable,Tətbiq Olunan Maksimum Ardıcıl Günlər
Select Payroll Period,Maaş Dövrünü Seçin
Abbr,Qısaltma
Condition and Formula,Şərt və Düstur
Total Working Hours,Ümumi İş Saatları
Hour Rate,Saatlıq Dərəcə
Bank Account No.,Bank Hesab No.
Earning & Deduction,Qazanc və Tutulma
Loan repayment,Kredit Ödənişi
Employee Loan,İşçi Krediti
Total Principal Amount,Ümumi Əsas Məbləğ
Total Interest Amount,Ümumi Faiz Məbləği
Total Loan Repayment,Ümumi Kredit Ödənişi
net pay info,xalis maaş məlumatı
Gross Pay - Total Deduction - Loan Repayment,Ümumi Maaş - Ümumi Tutulma - Kredit Ödənişi
Net Pay (in words) will be visible once you save the Salary Slip.,Xalis Maaş (sözlərlə) Maaş Vərəqəsini yadda saxladıqdan sonra görünəcək.
Staffing Plan Details,Ştat Planı Təfərrüatları
Optional,Könüllü
Costing,Xərclər
Vehicle,Nəqliyyat Vasitəsi
License Plate,Qeydiyyat Nişanı
Odometer Value (Last),Odometr Dəyəri (Son)
Acquisition Date,Əldə Etmə Tarixi
Chassis No,Şassi No
Vehicle Value,Nəqliyyat Vasitəsinin Dəyəri
Insurance Details,Sığorta Təfərrüatları
Insurance Company,Sığorta Şirkəti
Policy No,Sığorta Şəhadətnaməsi No
Additional Details,Əlavə Təfərrüatlar
Fuel Type,Yanacaq Növü
Petrol,Benzin
Diesel,Dizel
Natural Gas,Təbii Qaz
Electric,Elektrik
Fuel UOM,Yanacaq Vahidi
Last Carbon Check,Son Karbon Yoxlanışı
Wheels,Təkərlər
Doors,Qapılar
last Odometer Value,Son Odometr Dəyəri
Service Detail,Xidməti Təfərrüat
Hub Tracked Item,Hub İzlənilən Material
Hub Node,Hub Qovşağı
Image List,Şəkil Siyahısı
Item Manager,Material Meneceri
Hub User,Hub İstifadəçisi
Hub Password,Hub Şifrəsi
Hub Users,Hub İstifadəçiləri
Marketplace Settings,Bazar Parametrləri
Disable Marketplace,Bazarı Deaktiv Et
Marketplace URL (to hide and update label),Bazar URL-i (etiketi gizlətmək və yeniləmək üçün)
Registered,Qeydiyyatdan Keçib
Sync in Progress,Sinxronizasiya Davam Edir
Hub Seller Name,Hub Satıcı Adı
Custom Data,Xüsusi Məlumat
Repay From Salary,Maaşdan Ödə
Regular Payment,Daimi Ödəniş
Loan Closure,Kreditin Bağlanması
Rate of Interest (%) Yearly,Faiz Dərəcəsi (%) İllik
Generate Schedule,Cədvəl Yarat
Schedules,Cədvəllər
Maintenance Schedule Detail,Baxım Cədvəli Təfərrüatı
Scheduled Date,Planlaşdırılmış Tarix
Actual Date,Faktiki Tarix
Maintenance Schedule Item,Baxım Cədvəli Materialı
Random,Təsadüfi
No of Visits,Ziyarətlərin Sayı
Maintenance Date,Baxım Tarixi
Maintenance Time,Baxım Vaxtı
Completion Status,Tamamlanma Statusu
Partially Completed,Qismən Tamamlandı
Fully Completed,Tam Tamamlandı
Unscheduled,Planlaşdırılmamış
Breakdown,Qəza
Purposes,Məqsədlər
Customer Feedback,Müştəri Rəyi
Maintenance Visit Purpose,Baxım Ziyarətinin Məqsədi
Work Done,Görülən İş
Against Document No,Sənəd Nömrəsinə Qarşı
Against Document Detail No,Sənəd Təfərrüatı Nömrəsinə Qarşı
Order Type,Sifariş Növü
Blanket Order Item,Ümumi Sifariş Materialı
Ordered Quantity,Sifariş Miqdarı
Item to be manufactured or repacked,İstehsal olunacaq və ya yenidən qablaşdırılacaq material
Quantity of item obtained after manufacturing / repacking from given quantities of raw materials,Verilmiş xammal miqdarından istehsal / yenidən qablaşdırma nəticəsində əldə edilən materialın miqdarı
Set rate of sub-assembly item based on BOM,Alt montaj materialının qiymətini BOM əsasında təyin et
Allow Alternative Item,Alternativ Materiala İcazə Ver
Item UOM,Material Vahidi
Conversion Rate,Çevrilmə Dərəcəsi
Rate Of Materials Based On,Materialların Qiyməti Əsaslanır
With Operations,Əməliyyatlarla
Manage cost of operations,Əməliyyat xərclərini idarə et
Transfer Material Against,Materialı Qarşı Transfer Et
Routing,Marşrutlaşdırma
Materials,Materiallar
Quality Inspection Required,Keyfiyyət Yoxlaması Tələb Olunur
Quality Inspection Template,Keyfiyyət Yoxlama Şablonu
Scrap,Tullantı
Scrap Items,Tullantı Materialları
Operating Cost,Əməliyyat Xərci
Raw Material Cost,Xammal Xərci
Scrap Material Cost,Tullantı Materialı Xərci
Operating Cost (Company Currency),Əməliyyat Xərci (Şirkət Valyutası)
Raw Material Cost (Company Currency),Xammal Xərci (Şirkət Valyutası)
Scrap Material Cost(Company Currency),Tullantı Materialı Xərci (Şirkət Valyutası)
Total Cost,Ümumi Xərc
Total Cost (Company Currency),Ümumi Xərc (Şirkət Valyutası)
Materials Required (Exploded),Tələb Olunan Materiallar (Detallı)
Exploded Items,Detallı Materiallar
Show in Website,Veb Saytda Göstər
Item Image (if not slideshow),Material Şəkli (slayd şou deyilsə)
Thumbnail,Kiçik Şəkil
Website Specifications,Veb Sayt Xüsusiyyətləri
Show Items,Materialları Göstər
Show Operations,Əməliyyatları Göstər
Website Description,Veb Sayt Təsviri
BOM Explosion Item,BOM Detallı Material
Qty Consumed Per Unit,Vahid Başına Sərf Olunan Miqdar
Include Item In Manufacturing,Materialı İstehsala Daxil Et
BOM Item,BOM Materialı
Item operation,Material Əməliyyatı
Rate & Amount,Qiymət və Məbləğ
Basic Rate (Company Currency),Əsas Qiymət (Şirkət Valyutası)
Scrap %,Tullantı %
Original Item,Orijinal Material
BOM Operation,BOM Əməliyyatı
Operation Time,Əməliyyat Vaxtı
In minutes,Dəqiqələrlə
Batch Size,Partiya Ölçüsü
Base Hour Rate(Company Currency),Baza Saatlıq Dərəcəsi (Şirkət Valyutası)
Operating Cost(Company Currency),Əməliyyat Xərci (Şirkət Valyutası)
BOM Scrap Item,BOM Tullantı Materialı
Basic Amount (Company Currency),Əsas Məbləğ (Şirkət Valyutası)
BOM Update Tool,Materiallar Resepti Yeniləmə Aləti
"Replace a particular BOM in all other BOMs where it is used. It will replace the old BOM link, update cost and regenerate ""BOM Explosion Item"" table as per new BOM.\nIt also updates latest price in all the BOMs.","Müəyyən bir Materiallar Reseptini, istifadə olunduğu bütün digər Materiallar Reseptlərində əvəz edin. Bu, köhnə Materiallar Resepti linkini əvəz edəcək, dəyəri yeniləyəcək və yeni Materiallar Reseptinə uyğun olaraq ""Materiallar Resepti Partlayış Maddəsi"" cədvəlini yenidən yaradacaq.\nHəmçinin bütün Materiallar Reseptlərində ən son qiyməti yeniləyir."
Replace BOM,Materiallar Reseptini Əvəz Et
Current BOM,Cari Materiallar Resepti
The BOM which will be replaced,Əvəz ediləcək Materiallar Resepti
The new BOM after replacement,Əvəzetmədən sonrakı yeni Materiallar Resepti
Replace,Əvəz et
Update latest price in all BOMs,Bütün Materiallar Reseptlərində ən son qiyməti yenilə
BOM Website Item,Materiallar Resepti Vebsayt Materialı
BOM Website Operation,Materiallar Resepti Vebsayt Əməliyyatı
Operation Time,Əməliyyat Vaxtı
Timing Detail,Vaxt Təfərrüatı
Time Logs,Vaxt Qeydləri
Total Time in Mins,Dəqiqə ilə Ümumi Vaxt
Operation ID,Əməliyyat İD
Transferred Qty,Transfer edilmiş Miqdar
Job Started,İş Başladı
Started Time,Başlama Vaxtı
Current Time,Cari Vaxt
Job Card Item,İş Kartı Materialı
Job Card Time Log,İş Kartı Vaxt Qeydi
Time In Mins,Dəqiqə ilə Vaxt
Completed Qty,Tamamlanmış Miqdar
Manufacturing Settings,İstehsalat Parametrləri
Raw Materials Consumption,Xammal Sərfiyyatı
Allow Multiple Material Consumption,Çoxlu Material Sərfiyyatına İcazə Ver
Backflush Raw Materials Based On,Xammalların Avtomatik Silinməsinin Əsası
Material Transferred for Manufacture,İstehsal üçün Materialın Köçürülməsi
Capacity Planning,Güc Planlaması
Disable Capacity Planning,Güc Planlamasını Deaktiv Et
Allow Overtime,Əlavə İş Saatlarına İcazə Ver
Allow Production on Holidays,Tətillərdə İstehsala İcazə Ver
Capacity Planning For (Days),Güc Planlaması (Günlər)
Default Warehouses for Production,İstehsal üçün Əsas Anbarlar
Default Work In Progress Warehouse,Əsas İşlənməkdə Olan Anbar
Default Finished Goods Warehouse,Əsas Hazır Məhsul Anbarı
Default Scrap Warehouse,Əsas Tullantı Anbarı
Overproduction Percentage For Sales Order,Satış Sifarişi Üçün Artıq İstehsal Faizi
Overproduction Percentage For Work Order,İş Sifarişi Üçün Artıq İstehsal Faizi
Other Settings,Digər Parametrlər
Update BOM Cost Automatically,Materiallar Resepti Dəyərini Avtomatik Yenilə
Material Request Plan Item,Material İstəyi Planı Materialı
Material Request Type,Material Tələb Növü
Material Issue,Materialın buraxılması
Customer Provided,Müştəri Tərəfindən Təmin Edilən
Minimum Order Quantity,Minimum Sifariş Miqdarı
Default Workstation,Əsas İş Stansiyası
Production Plan,İstehsal Planı
Get Items From,Məhsulları Al
Get Sales Orders,Satış Sifarişlərini Al
Material Request Detail,Material Tələb Təfərrüatı
Get Material Request,Material Tələbini Al
Material Requests,Material Tələbləri
Get Items For Work Order,İş Sifarişi üçün Materialları Al
Material Request Planning,Material Tələb Planlaması
Include Non Stock Items,Stokda Olmayan Materialları Daxil Et
Include Subcontracted Items,Subpodrat Materialları Daxil Et
Ignore Existing Projected Quantity,Mövcud Proqnozlaşdırılan Miqdarı İqnor Et
"To know more about projected quantity, <a href=\"https://erpnext.com/docs/user/manual/en/stock/projected-quantity\" style=\"text-decoration: underline;\" target=\"_blank\">click here</a>.","Proqnozlaşdırılan miqdar haqqında daha çox öyrənmək üçün, <a href=\"https://erpnext.com/docs/user/manual/en/stock/projected-quantity\" style=\"text-decoration: underline;\" target=\"_blank\">bura klikləyin</a>."
Download Required Materials,Tələb Olunan Materialları Yüklə
Get Raw Materials For Production,İstehsal üçün Xammalları Al
Total Planned Qty,Ümumi Planlaşdırılmış Miqdar
Total Produced Qty,Ümumi İstehsal Olunan Miqdar
Material Requested,Tələb Olunan Material
Production Plan Item,İstehsal Planı Materialı
Make Work Order for Sub Assembly Items,Alt Montaj Materialları üçün İş Sifarişi Yaradın
"If enabled, system will create the work order for the exploded items against which BOM is available.","Aktiv edilərsə, sistem Materiallar Resepti mövcud olan partlamış materiallar üçün iş sifarişi yaradacaq."
Planned Start Date,Planlaşdırılmış Başlama Tarixi
Quantity and Description,Miqdar və Təsvir
material_request_item,Material Tələb Materialı
Product Bundle Item,Məhsul Paketi Materialı
Production Plan Material Request,İstehsal Planı Material Tələbi
Production Plan Sales Order,İstehsal Planı Satış Sifarişi
Sales Order Date,Satış Sifarişi Tarixi
Routing Name,Marşrut Adı
Item To Manufacture,İstehsal üçün Material
Material Transferred for Manufacturing,İstehsalat üçün Transfer Edilən Material
Manufactured Qty,İstehsal Olunan Miqdar
Use Multi-Level BOM,Çox Səviyyəli Materiallar Reseptindən İstifadə Et
Plan material for sub-assemblies,Alt montajlar üçün material planla
Skip Material Transfer to WIP Warehouse,WIP Anbarına Material Transferini Keç
Check if material transfer entry is not required,Material transferi girişinin tələb olunub-olunmadığını yoxla
Backflush Raw Materials From Work-in-Progress Warehouse,İşlənməkdə Olan Anbardan Xammalların Avtomatik Silinməsi
Update Consumed Material Cost In Project,Layihədə İstifadə Olunan Material Dəyərini Yenilə
Warehouses,Anbarlar
This is a location where raw materials are available.,Bu, xammalın mövcud olduğu yerdir.
Work-in-Progress Warehouse,İşlənməkdə Olan Anbar
This is a location where operations are executed.,Bu, əməliyyatların yerinə yetirildiyi yerdir.
This is a location where final product stored.,Bu, son məhsulun saxlandığı yerdir.
Scrap Warehouse,Tullantı Anbarı
This is a location where scraped materials are stored.,Bu, tullantı materiallarının saxlandığı yerdir.
Required Items,Tələb Olunan Materiallar
Actual Start Date,Faktiki Başlama Tarixi
Planned End Date,Planlaşdırılmış Bitmə Tarixi
Actual End Date,Faktiki Bitmə Tarixi
Operation Cost,Əməliyyat Xərci
Planned Operating Cost,Planlaşdırılmış Əməliyyat Xərci
Actual Operating Cost,Faktiki Əməliyyat Xərci
Additional Operating Cost,Əlavə Əməliyyat Xərci
Total Operating Cost,Ümumi Əməliyyat Xərci
Manufacture against Material Request,Material Tələbi əsasında İstehsal
Work Order Item,İş Sifarişi Materialı
Available Qty at Source Warehouse,Çıxış Anbarında Mövcud Miqdar
Available Qty at WIP Warehouse,WIP Anbarında Mövcud Miqdar
Work Order Operation,İş Sifarişi Əməliyyatı
Operation Description,Əməliyyat Təsviri
Operation completed for how many finished goods?,Əməliyyat neçə hazır məhsul üçün tamamlandı?
Work in Progress,İşlənməkdə Olan
Estimated Time and Cost,Təxmini Vaxt və Xərc
Planned Start Time,Planlaşdırılmış Başlama Vaxtı
Planned End Time,Planlaşdırılmış Bitmə Vaxtı
in Minutes,Dəqiqələrlə
Actual Time and Cost,Faktiki Vaxt və Xərc
Actual Start Time,Faktiki Başlama Vaxtı
Actual End Time,Faktiki Bitmə Vaxtı
Updated via 'Time Log','Vaxt Qeydi' vasitəsilə yeniləndi
Actual Operation Time,Faktiki Əməliyyat Vaxtı
"in Minutes\nUpdated via 'Time Log'","Dəqiqələrlə\n'Vaxt Qeydi' vasitəsilə yeniləndi"
(Hour Rate / 60) * Actual Operation Time,(Saatlıq Dərəcə / 60) * Faktiki Əməliyyat Vaxtı
Workstation Name,İş Stansiyası Adı
Production Capacity,İstehsal Gücü
Operating Costs,Əməliyyat Xərcləri
Electricity Cost,Elektrik Xərci
per hour,saatda
Consumable Cost,Sərfiyyat Xərci
Rent Cost,İcarə Xərci
Wages,Əmək haqqı
Wages per hour,Saatlıq əmək haqqı
Net Hour Rate,Net Saatlıq Dərəcə
Workstation Working Hour,İş Stansiyası İş Saatı
Certification Application,Sertifikatlaşdırma Müraciəti
Name of Applicant,Müraciətçinin Adı
Certification Status,Sertifikatlaşdırma Statusu
Yet to appear,Hələ görünməyib
Certified,Sertifikatlı
Not Certified,Sertifikatsız
Certified Consultant,Sertifikatlı Məsləhətçi
Name of Consultant,Məsləhətçinin Adı
Certification Validity,Sertifikatın Etibarlılığı
Discuss ID,Müzakirə İD
GitHub ID,GitHub İD
Non Profit Manager,Qeyri-Kommersiya Meneceri
Chapter Head,Bölmə Rəhbəri
Meetup Embed HTML,Meetup Daxil Et HTML
"chapters/chapter_name\nleave blank automatically set after saving chapter.","fəsillər/fəsil_adı\nboş buraxın, fəsil yadda saxlanıldıqdan sonra avtomatik təyin edilir."
Chapter Members,Bölmə Üzvləri
Members,Üzvlər
Chapter Member,Bölmə Üzvü
Website URL,Vebsayt URL
Leave Reason,Ayrılma Səbəbi
Donor Name,Donor Adı
Donor Type,Donor Növü
Withdrawn,Geri çəkildi
Grant Application Details,Qrant Müraciəti Təfərrüatları
Grant Description,Qrant Təsviri
Requested Amount,Tələb Olunan Məbləğ
Has any past Grant Record,Hər hansı keçmiş Qrant Qeydi var
Show on Website,Vebsaytda Göstər
Assessment  Mark (Out of 10),Qiymətləndirmə Balı (10-dan)
Assessment  Manager,Qiymətləndirmə Meneceri
Email Notification Sent,E-poçt Bildirişi Göndərildi
Membership Expiry Date,Üzvlüyün Bitmə Tarixi
Razorpay Details,Razorpay Təfərrüatları
Subscription ID,Abunəlik İD
Customer ID,Müştəri İD
Subscription Activated,Abunəlik Aktivləşdirildi
Subscription Start,Abunəlik Başlanğıcı
Subscription End,Abunəlik Sonu
Non Profit Member,Qeyri-Kommersiya Üzvü
Membership Status,Üzvlük Statusu
Member Since,Üzvlük Tarixi
Payment ID,Ödəniş İD
Membership Settings,Üzvlük Parametrləri
Enable RazorPay For Memberships,Üzvlük üçün RazorPay-i Aktivləşdir
RazorPay Settings,RazorPay Parametrləri
Billing Cycle,Faturalandırma Dövrü
Billing Frequency,Faturalandırma Tezliyi
"The number of billing cycles for which the customer should be charged. For example, if a customer is buying a 1-year membership that should be billed on a monthly basis, this value should be 12.","Müştəridən tutulacaq faturalandırma dövrlərinin sayı. Məsələn, müştəri aylıq olaraq faturalandırılmalı olan 1 illik üzvlük alırsa, bu dəyər 12 olmalıdır."
Razorpay Plan ID,Razorpay Plan İD
Volunteer Name,Könüllü Adı
Volunteer Type,Könüllü Növü
Availability and Skills,Mövcudluq və Bacarıqlar
Availability,Mövcudluq
Weekends,Həftəsonları
Availability Timeslot,Mövcudluq Vaxtı
Morning,Səhər
Afternoon,Günorta
Evening,Axşam
Anytime,İstənilən vaxt
Volunteer Skills,Könüllü Bacarıqları
Volunteer Skill,Könüllü Bacarığı
Homepage,Ana səhifə
Hero Section Based On,Qəhrəman Bölməsi Əsasında
Homepage Section,Ana Səhifə Bölməsi
Hero Section,Qəhrəman Bölməsi
Tag Line,Sloqan
Company Tagline for website homepage,Vebsayt ana səhifəsi üçün Şirkət Sloqanı
Company Description for website homepage,Vebsayt ana səhifəsi üçün Şirkət Təsviri
Homepage Slideshow,Ana Səhifə Slayd Şousu
"URL for ""All Products""",""Bütün Məhsullar"" üçün URL"
Products to be shown on website homepage,Vebsaytın ana səhifəsində göstəriləcək məhsullar
Homepage Featured Product,Ana Səhifə Seçilən Məhsul
route,marşrut
Section Based On,Bölmə Əsasında
Section Cards,Bölmə Kartları
Number of Columns,Sütunların Sayı
"Number of columns for this section. 3 cards will be shown per row if you select 3 columns.","Bu bölmə üçün sütunların sayı. 3 sütun seçsəniz, hər sətirdə 3 kart göstəriləcək."
Section HTML,Bölmə HTML
Use this field to render any custom HTML in the section.,Bölmədə hər hansı xüsusi HTML-i göstərmək üçün bu sahədən istifadə edin.
Section Order,Bölmə Sırası
"Order in which sections should appear. 0 is first, 1 is second and so on.","Bölmələrin görünmə sırası. 0 birinci, 1 ikinci və s."
Homepage Section Card,Ana Səhifə Bölmə Kartı
Subtitle,Alt başlıq
Products Settings,Məhsul Parametrləri
Home Page is Products,Ana Səhifə Məhsullardır
"If checked, the Home page will be the default Item Group for the website","İşarələnərsə, Ana səhifə vebsayt üçün standart Məhsul Qrupu olacaq"
Show Availability Status,Mövcudluq Statusunu Göstər
Product Page,Məhsul Səhifəsi
Products per Page,Səhifə başına Məhsullar
Enable Field Filters,Sahə Filtrlərini Aktivləşdir
Item Fields,Material Sahələri
Enable Attribute Filters,Atribut Filtrlərini Aktivləşdir
Attributes,Atributlar
Hide Variants,Variantları Gizlət
Website Attribute,Vebsayt Atributu
Attribute,Atribut
Website Filter Field,Vebsayt Filtr Sahəsi
Activity Cost,Fəaliyyət Xərci
Billing Rate,Faturalandırma Dərəcəsi
Costing Rate,Maya Dəyəri Dərəcəsi
title,başlıq
Projects User,Layihə İstifadəçisi
Default Costing Rate,Əsas Maya Dəyəri Dərəcəsi
Default Billing Rate,Əsas Faturalandırma Dərəcəsi
Dependent Task,Asılı Tapşırıq
Project Type,Layihə Növü
% Complete Method,% Tamamlanma Metodu
Task Completion,Tapşırıq Tamamlanması
Task Progress,Tapşırıq İrəliləyişi
% Completed,% Tamamlandı
From Template,Şablondan
Project will be accessible on the website to these users,Layihə vebsaytda bu istifadəçilər üçün əlçatan olacaq
Copied From,Kopyalandı
Start and End Dates,Başlama və Bitmə Tarixləri
Actual Time in Hours (via Timesheet),Saatlarla Faktiki Vaxt (Vaxt Cədvəli vasitəsilə)
Costing and Billing,Maya Dəyəri və Faturalandırma
Total Costing Amount (via Timesheet),Ümumi Maya Dəyəri Məbləği (Vaxt Cədvəli vasitəsilə)
Total Expense Claim (via Expense Claim),Ümumi Xərc Tələbi (Xərc Tələbi vasitəsilə)
Total Purchase Cost (via Purchase Invoice),Ümumi Satınalma Xərci (Satınalma Fakturası vasitəsilə)
Total Sales Amount (via Sales Order),Ümumi Satış Məbləği (Satış Sifarişi vasitəsilə)
Total Billable Amount (via Timesheet),Ümumi Faturalandırıla Bilən Məbləğ (Vaxt Cədvəli vasitəsilə)
Total Billed Amount (via Sales Invoice),Ümumi Faturalandırılmış Məbləğ (Satış Fakturası vasitəsilə)
Total Consumed Material Cost (via Stock Entry),Ümumi İstifadən Edilmiş Material Xərci (Stok Girişi vasitəsilə)
Gross Margin,Ümumi Marja
Gross Margin %,Ümumi Marja %
Monitor Progress,İrəliləyişi İzlə
Collect Progress,İrəliləyişi Topla
Frequency To Collect Progress,İrəliləyişi Toplama Tezliyi
Twice Daily,Gündə İki Dəfə
First Email,Birinci E-poçt
Second Email,İkinci E-poçt
Time to send,Göndərmə vaxtı
Day to Send,Göndərmə günü
Message will be sent to the users to get their status on the Project,Layihə üzrə statuslarını almaq üçün istifadəçilərə mesaj göndəriləcək
Projects Manager,Layihə Meneceri
Project Template,Layihə Şablonu
Project Template Task,Layihə Şablonu Tapşırığı
Begin On (Days),Başla (Günlər)
Duration (Days),Müddət (Günlər)
Project Update,Layihə Yeniləməsi
Project User,Layihə İstifadəçisi
View attachments,Qoşmalara bax
Projects Settings,Layihə Parametrləri
Ignore Workstation Time Overlap,İş Stansiyası Vaxtı Üst-üstə düşməsini İqnor Et
Ignore User Time Overlap,İstifadəçi Vaxtı Üst-üstə düşməsini İqnor Et
Ignore Employee Time Overlap,İşçi Vaxtı Üst-üstə düşməsini İqnor Et
Weight,Çəki
Parent Task,Ana Tapşırıq
Timeline,Vaxt Cədvəli
Expected Time (in hours),Gözlənilən Vaxt (saatla)
% Progress,% İrəliləyiş
Is Milestone,Mərhələdir
Task Description,Tapşırıq Təsviri
Dependencies,Asılılıqlar
Dependent Tasks,Asılı Tapşırıqlar
Depends on Tasks,Tapşırıqlardan asılıdır
Actual Start Date (via Timesheet),Faktiki Başlama Tarixi (Vaxt Cədvəli vasitəsilə)
Actual Time in Hours (via Timesheet),Saatla Faktiki Vaxt (Vaxt Cədvəli vasitəsilə)
Actual End Date (via Timesheet),Faktiki Bitmə Tarixi (Vaxt Cədvəli vasitəsilə)
Total Expense Claim (via Expense Claim),Ümumi Xərc Tələbi (Xərc Tələbi vasitəsilə)
Review Date,Baxış Tarixi
Closing Date,Bağlanma Tarixi
Task Depends On,Tapşırıq Bundan Asılıdır
Task Type,Tapşırıq Növü
Employee Detail,İşçi Təfərrüatı
Billing Details,Faturalandırma Təfərrüatları
Total Billable Hours,Ümumi Faturalandırıla Bilən Saatlar
Total Billed Hours,Ümumi Faturalandırılmış Saatlar
Total Costing Amount,Ümumi Maya Dəyəri Məbləği
Total Billable Amount,Ümumi Faturalandırıla Bilən Məbləğ
Total Billed Amount,Ümumi Faturalandırılmış Məbləğ
% Amount Billed,% Faturalandırılmış Məbləğ
Hrs,Saat
Costing Amount,Maya Dəyəri Məbləği
Corrective/Preventive,Düzəldici/Qabaqlayıcı
Corrective,Düzəldici
Preventive,Qabaqlayıcı
Resolution,Həll
Resolutions,Həllər
Quality Action Resolution,Keyfiyyət Tədbiri Həlli
Quality Feedback Parameter,Keyfiyyət Rəyi Parametri
Quality Feedback Template Parameter,Keyfiyyət Rəyi Şablonu Parametri
Quality Goal,Keyfiyyət Hədəfi
Monitoring Frequency,Monitorinq Tezliyi
Weekday,Həftə içi
Objectives,Məqsədlər
Quality Goal Objective,Keyfiyyət Hədəfi Məqsədi
Objective,Məqsəd
Agenda,Gündəlik
Minutes,Protokollar
Quality Meeting Agenda,Keyfiyyət İclası Gündəliyi
Quality Meeting Minutes,Keyfiyyət İclası Protokolları
Minute,Protokol
Parent Procedure,Ana Prosedur
Processes,Proseslər
Quality Procedure Process,Keyfiyyət Proseduru Prosesi
Process Description,Proses Təsviri
Link existing Quality Procedure.,Mövcud Keyfiyyət Prosedurunu əlaqələndirin.
Additional Information,Əlavə Məlumat
Quality Review Objective,Keyfiyyət Baxışı Məqsədi
DATEV Settings,DATEV Parametrləri
Regional,Regional
Consultant ID,Məsləhətçi İD
GST HSN Code,GST HSN Kodu
HSN Code,HSN Kodu
GST Settings,GST Parametrləri
GST Summary,GST Xülasəsi
GSTIN Email Sent On,GSTIN E-poçtu Göndərildi
GST Accounts,GST Hesabları
B2C Limit,B2C Limiti
Set Invoice Value for B2C. B2CL and B2CS calculated based on this invoice value.,B2C üçün Faktura Dəyərini Təyin Edin. B2CL və B2CS bu faktura dəyərinə əsasən hesablanır.
GSTR 3B Report,GSTR 3B Hesabatı
January,Yanvar
February,Fevral
March,Mart
April,Aprel
August,Avqust
September,Sentyabr
October,Oktyabr
November,Noyabr
December,Dekabr
JSON Output,JSON Çıxışı
Invoices with no Place Of Supply,Təchizat Yeri olmayan Fakturalar
Import Supplier Invoice,Təchizatçı Fakturasını İdxal Et
Invoice Series,Faktura Seriyası
Upload XML Invoices,XML Fakturalarını Yüklə
Zip File,Zip Faylı
Import Invoices,Fakturaları İdxal Et
Click on Import Invoices button once the zip file has been attached to the document. Any errors related to processing will be shown in the Error Log.,Zip faylı sənədə əlavə edildikdən sonra Fakturaları İdxal Et düyməsinə klikləyin. Emal ilə bağlı hər hansı xətalar Xəta Jurnalında göstəriləcək.
Lower Deduction Certificate,Aşağı Tutulma Sertifikatı
Certificate Details,Sertifikat Təfərrüatları
194A,194A
194C,194C
194D,194D
194H,194H
194I,194I
194J,194J
194LA,194LA
194LBB,194LBB
194LBC,194LBC
Certificate No,Sertifikat Nömrəsi
Deductee Details,Çıxılan Təfərrüatları
PAN No,PAN Nömrəsi
Validity Details,Etibarlılıq Təfərrüatları
Rate Of TDS As Per Certificate,Sertifikata Əsasən TDS Dərəcəsi
Certificate Limit,Sertifikat Limiti
Invoice Series Prefix,Faktura Seriya Prefiksi
Active Menu,Aktiv Menyu
Restaurant Menu,Restoran Menyusu
Price List (Auto created),Qiymət Cədvəli (Avtomatik yaradıldı)
Restaurant Manager,Restoran Meneceri
Restaurant Menu Item,Restoran Menyu Elementi
Restaurant Order Entry,Restoran Sifariş Girişi
Restaurant Table,Restoran Masası
Click Enter To Add,Əlavə Etmək Üçün Enter Düyməsini Sıxın
Last Sales Invoice,Son Satış Fakturası
Current Order,Cari Sifariş
Restaurant Order Entry Item,Restoran Sifariş Girişi Elementi
Served,Xidmət edildi
Restaurant Reservation,Restoran Rezervasiyası
Waitlisted,Gözləmə siyahısında
No Show,Gəlmədi
No of People,İnsanların Sayı
Reservation Time,Rezervasiya Vaxtı
Reservation End Time,Rezervasiya Bitmə Vaxtı
No of Seats,Yerlərin Sayı
Minimum Seating,Minimum Oturacaq
"Keep Track of Sales Campaigns. Keep track of Leads, Quotations, Sales Order etc from Campaigns to gauge Return on Investment.","Satış Kampaniyalarını İzləyin. İnvestisiya gəlirini (ROI) qiymətləndirmək üçün Kampaniyalardan Potensial Müştəriləri, Təklifləri, Satış Sifarişlərini və s. izləyin."
Campaign Schedules,Kampaniya Cədvəlləri
Buyer of Goods and Services.,Malların və Xidmətlərin Alıcısı.
Default Company Bank Account,Şirkətin Əsas Bank Hesabı
From Lead,Potensial Müştəridən
Account Manager,Cari Hesab Meneceri
Allow Sales Invoice Creation Without Sales Order,Satış Sifarişsiz Satış Fakturasının Yaradılmasına İcazə Ver
Allow Sales Invoice Creation Without Delivery Note,Çatdırılma Qaiməsiz Satış Fakturasının Yaradılmasına İcazə Ver
Default Price List,Əsas Qiymət Cədvəli
Primary Address and Contact Detail,Əsas Ünvan və Əlaqə Təfərrüatı
"Select, to make the customer searchable with these fields","Müştərinin bu sahələrlə axtarış edilə bilməsi üçün seçin"
Customer Primary Contact,Müştəri Əsas Əlaqə
"Reselect, if the chosen contact is edited after save","Seçilmiş əlaqə saxladıqdan sonra redaktə olunubsa, yenidən seçin"
Customer Primary Address,Müştəri Əsas Ünvanı
"Reselect, if the chosen address is edited after save","Seçilmiş ünvan saxladıqdan sonra redaktə olunubsa, yenidən seçin"
Primary Address,Əsas Ünvan
Mention if non-standard receivable account,Qeyri-standart debitor hesabı varsa qeyd edin
Credit Limit and Payment Terms,Kredit Limiti və Ödəniş Şərtləri
Additional information regarding the customer.,Müştəri ilə bağlı əlavə məlumat.
Sales Partner and Commission,Satış Tərəfdaşı və Komissiya
Commission Rate,Komissiya Dərəcəsi
Sales Team Details,Satış Komandası Təfərrüatları
Customer POS id,Müştəri POS İD
Customer Credit Limit,Müştəri Kredit Limiti
Bypass Credit Limit Check at Sales Order,Satış Sifarişində Kredit Limiti Yoxlanışını Keç
Industry Type,Sənaye Növü
Installation Date,Quraşdırma Tarixi
Installation Time,Quraşdırma Vaxtı
Installation Note Item,Quraşdırma Qeydi Materialı
Installed Qty,Quraşdırılmış Miqdar
Lead Source,Aparıcı Mənbə
Period Start Date,Dövrün Başlama Tarixi
Period End Date,Dövrün Bitmə Tarixi
Cashier,Kassir
Difference,Fərq
Modes of Payment,Ödəniş Üsulları
Linked Invoices,Əlaqəli Fakturalar
POS Closing Voucher Details,POS Bağlanış Qəbzi Təfərrüatları
Collected Amount,Toplanan Məbləğ
Expected Amount,Gözlənilən Məbləğ
POS Closing Voucher Invoices,POS Bağlanış Qəbzi Fakturaları
Quantity of Items,Məhsulların Sayı
"Aggregate group of **Items** into another **Item**. This is useful if you are bundling a certain **Items** into a package and you maintain stock of the packed **Items** and not the aggregate **Item**. \n\nThe package **Item** will have ""Is Stock Item"" as ""No"" and ""Is Sales Item"" as ""Yes"".\n\nFor Example: If you are selling Laptops and Backpacks separately and have a special price if the customer buys both, then the Laptop + Backpack will be a new Product Bundle Item.\n\nNote: BOM = Bill of Materials","**Məhsulları** başqa bir **Məhsul** halında qruplaşdırın. Bu, müəyyən **Məhsulları** paket halında birləşdirdiyiniz və paketlənmiş **Məhsulların** stokunu saxladığınız, lakin məcmu **Məhsulun** stokunu saxlamadığınız halda faydalıdır. \n\nPaket **Məhsulun** \"Stok Məhsuludur\" sahəsi \"Xeyr\" və \"Satış Məhsuludur\" sahəsi \"Bəli\" olacaq.\n\nMəsələn:Əgər siz Noutbukları və Sırt Çantalarını ayrı-ayrılıqda satırsınızsa və müştəri hər ikisini aldıqda xüsusi qiymət tətbiq edirsinizsə, o zaman Noutbuk + Sırt Çantası yeni Məhsul Paketi Materialı olacaq.\n\nQeyd: BOM = Materiallar Resepti"
Parent Item,Ana Material
List items that form the package.,Paketi formalaşdıran materialları sadalayın.
Quotation To,Təklif Növü
Rate at which customer's currency is converted to company's base currency,Müştərinin valyutasının şirkətin əsas valyutasına çevrilmə dərəcəsi
Rate at which Price list currency is converted to company's base currency,Qiymət cədvəli valyutasının şirkətin əsas valyutasına çevrilmə dərəcəsi
Additional Discount and Coupon Code,Əlavə Endirim və Kupon Kodu
Referral Sales Partner,İstinad Satış Tərəfdaşı
In Words will be visible once you save the Quotation.,Sözlə ifadəsi Təklifi yadda saxladıqdan sonra görünəcək.
Term Details,Şərt Təfərrüatları
Quotation Item,Təklif Materialı
Against Doctype,Sənəd Növünə Qarşı
Against Docname,Sənəd Adına Qarşı
Additional Notes,Əlavə Qeydlər
Skip Delivery Note,Çatdırılma Qaiməsini Keç
In Words will be visible once you save the Sales Order.,Sözlə ifadəsi Satış Sifarişini yadda saxladıqdan sonra görünəcək.
Track this Sales Order against any Project,Bu Satış Sifarişini hər hansı bir Layihəyə qarşı izləyin
Billing and Delivery Status,Faturalandırma və Çatdırılma Statusu
Not Delivered,Çatdırılmayıb
Fully Delivered,Tam Çatdırılıb
Partly Delivered,Qismən Çatdırılıb
Not Applicable,Tətbiq Edilmir
%  Delivered,% Çatdırılıb
% of materials delivered against this Sales Order,Bu Satış Sifarişi üzrə çatdırılan materialların %-i
% of materials billed against this Sales Order,Bu Satış Sifarişi üzrə faturalandırılan materialların %-i
Not Billed,Faturalandırılmayıb
Fully Billed,Tam Faturalandırılıb
Partly Billed,Qismən Faturalandırılıb
Ensure Delivery Based on Produced Serial No,İstehsal Olunan Seriya NömrəsinəƏsaslanaraq Çatdırılmanı Təmin Et
Supplier delivers to Customer,Təchizatçı Müştəriyə çatdırır
Delivery Warehouse,Çatdırılma Anbarı
Planned Quantity,Planlaşdırılmış Miqdar
For Production,İstehsal Üçün
Work Order Qty,İş Sifarişi Miqdarı
Produced Quantity,İstehsal Olunan Miqdar
Used for Production Plan,İstehsal Planı üçün İstifadə Olunur
Sales Partner Type,Satış Tərəfdaşı Növü
Contact No.,Əlaqə Nömrəsi
Contribution (%),Töhfə (%)
Contribution to Net Total,Net Cəmə Töhfə
Selling Settings,Satış Parametrləri
Settings for Selling Module,Satış Modulu üçün Parametrlər
Customer Naming By,Müştərilərin Adlandırılması
Campaign Naming By,Kampaniya Adlandırılması
Default Customer Group,Əsas Müştəri Qrupu
Default Territory,Əsas Ərazi
Close Opportunity After Days,Fürsəti Neçə Gündən Sonra Bağla
Default Quotation Validity Days,Əsas Təklif Etibarlılıq Günləri
Sales Update Frequency,Satış Yeniləmə Tezliyi
Each Transaction,Hər Əməliyyat
SMS Center,SMS Mərkəzi
Send To,Göndər
All Contact,Bütün Əlaqələr
All Customer Contact,Bütün Müştəri Əlaqələri
All Supplier Contact,Bütün Təchizatçı Əlaqələri
All Sales Partner Contact,Bütün Satış Tərəfdaşı Əlaqələri
All Lead (Open),Bütün Namizədlər (Açıq)
All Employee (Active),Bütün İşçilər (Aktiv)
All Sales Person,Bütün Satıcılar
Create Receiver List,Qəbuledici Siyahısı Yarat
Receiver List,Qəbuledici Siyahısı
Messages greater than 160 characters will be split into multiple messages,"160 simvoldan çox olan mesajlar bir neçə mesaja bölünəcək"
Total Characters,Ümumi Simvollar
"Total Message(s)","Ümumi Mesaj(lar)"
Authorization Control,Avtorizasiya Nəzarəti
Authorization Rule,Avtorizasiya Qaydası
Average Discount,Ortalama Endirim
Customerwise Discount,Müştəriyə görə Endirim
Itemwise Discount,Məhsula görə Endirim
Customer or Item,Müştəri və ya Məhsul
Customer / Item Name,Müştəri / Məhsul Adı
Authorized Value,Səlahiyyətli Dəyər
"Applicable To (Role)","Tətbiq edilir (Rol)"
"Applicable To (Employee)","Tətbiq edilir (İşçi)"
"Applicable To (User)","Tətbiq edilir (İstifadəçi)"
"Applicable To (Designation)","Tətbiq edilir (Vəzifə)"
"Approving Role (above authorized value)","Təsdiqləyən Rol (səlahiyyətli dəyərdən yuxarı)"
"Approving User (above authorized value)","Təsdiqləyən İstifadəçi (səlahiyyətli dəyərdən yuxarı)"
Brand Defaults,Brend Əsasları
"Legal Entity / Subsidiary with a separate Chart of Accounts belonging to the Organization.","Təşkilata məxsus ayrıca Hesablar Planı olan Hüquqi Şəxs / Törəmə Şirkət."
Change Abbreviation,Abreviaturanı dəyişdir
Parent Company,Ana Şirkət
Default Values,İlkin Dəyərlər
Default Holiday List,Əsas Tətil Siyahısı
Default Selling Terms,Əsas Satış Şərtləri
Default Buying Terms,Əsas Alış Şərtləri
Create Chart Of Accounts Based On,Hesablar Planı yaradılma əsası
Standard Template,Standart Şablon
Existing Company,Mövcud Şirkət
Chart Of Accounts Template,Hesaplar Planı Şablonu
Existing Company,Mövcud Şirkət
Date of Establishment,Yaranma tarixi
Sales Settings,Satış Parametrləri
Monthly Sales Target,Aylıq Satış Hədəfi
Sales Monthly History,Aylıq Satış Tarixçəsi
Transactions Annual History,Əməliyyatların İllik Tarixçəsi
Total Monthly Sales,Ümumi Aylıq Satış
Default Cash Account,Əsas Nağd Pul Hesabı
Default Receivable Account,Əsas Debitor Borcları Hesabı
Round Off Cost Center,Yuvarlaqlaşdırma Xərc Mərkəzi
Discount Allowed Account,İcazə Verilən Endirim Hesabı
Discount Received Account,Alınan Endirim Hesabı
Exchange Gain / Loss Account,Mübadilə Qazanc / Zərər Hesabı
Unrealized Exchange Gain/Loss Account,Reallaşdırılmamış Mübadilə Qazanc/Zərər Hesabı
Allow Account Creation Against Child Company,Törəmə Şirkət üzrə Hesab Yaradılmasına İcazə Ver
Default Payable Account,Əsas Kredit Borcları Hesabı
Default Employee Advance Account,Əsas İşçi Avans Hesabı
Default Cost of Goods Sold Account,Əsas Maya dəyəri Hesabı
Default Income Account,Əsas Gəlir Hesabı
Default Deferred Revenue Account,Əsas Təxirə Salınmış Gəlir Hesabı
Default Deferred Expense Account,Əsas Təxirə Salınmış Xərc Hesabı
Default Payroll Payable Account,Əsas Əmək haqqı Hesabı
Default Expense Claim Payable Account,Əsas Xərc Tələbi Kredit Hesabı
Stock Settings,Stok Parametrləri
Enable Perpetual Inventory,Davamlı İnventarizasiyanı Aktivləşdir
Default Inventory Account,Əsas İnventar Hesabı
Stock Adjustment Account,Stok Tənzimləmə Hesabı
Fixed Asset Depreciation Settings,Əsas Vəsaitlərin Amortizasiya Parametrləri
"Series for Asset Depreciation Entry (Journal Entry)","Aktivlərin Amortizasiya Qeydi (Uçot Qəbzi) üçün Seriya"
Gain/Loss Account on Asset Disposal,Aktivlərin Silinməsi üzrə Qazanc/Zərər Hesabı
Asset Depreciation Cost Center,Aktivlərin Amortizasiya Xərc Mərkəzi
Budget Detail,Büdcə təfərrüatı
Exception Budget Approver Role,İstisna Büdcə Təsdiqləyicisi Rolu
Company Info,Şirkət Məlumatı
For reference only.,Yalnız istinad üçündür.
Company Logo,Şirkət Logosu
Date of Incorporation,Təsis Tarixi
Date of Commencement,Fəaliyyətə Başlama Tarixi
Phone No,Telefon nömrəsi
Company Description,Şirkət Təsviri
Registration Details,Qeydiyyat Təfərrüatları
"Company registration numbers for your reference. Tax numbers etc.","İstinad üçün şirkət qeydiyyat nömrələri. Vergi nömrələri və s."
Delete Company Transactions,Şirkət Əməliyyatlarını Sil
Currency Exchange,Valyuta mübadiləsi
Specify Exchange Rate to convert one currency into another,Bir valyutanı digərinə çevirmək üçün Məzənnəni qeyd edin
From Currency,Valyutadan
To Currency,Valyutaya
For Buying,Alış
For Selling,Satış
Customer Group Name,Müştəri Qrup Adı
Parent Customer Group,Ana Müştəri Qrupu
Only leaf nodes are allowed in transaction,Əməliyyatda yalnız son qovşaqlara icazə verilir
Mention if non-standard receivable account applicable,Qeyri-standart debitor hesabı tətbiq olunarsa qeyd edin
Credit Limits,Kredit Limitləri
Email Digest,E-poçt Xülasəsi
Send regular summary reports via Email.,E-poçt vasitəsilə müntəzəm xülasə hesabatları göndərin.
Email Digest Settings,E-poçt Xülasəsi Parametrləri
How frequently?,Hansı tezliklə?
Next email will be sent on:,Növbəti e-poçt bu tarixdə göndəriləcək:
"Note: Email will not be sent to disabled users","Qeyd: E-poçt deaktiv edilmiş istifadəçilərə göndərilməyəcək"
Profit & Loss,Mənfəət və Zərər
New Income,Yeni Gəlir
New Expenses,Yeni Xərclər
Annual Income,İllik Gəlir
Annual Expenses,İllik Xərclər
Bank Balance,Bank Balansı
Bank Credit Balance,Bank Kredit Balansı
Receivables,Debitorlar
Payables,Kreditorlar
Sales Orders to Bill,Faturalandırılacaq Satış Sifarişləri
Purchase Orders to Bill,Faturalandırılacaq Satınalma Sifarişləri
New Sales Orders,Yeni Satış Sifarişləri
New Purchase Orders,Yeni Satınalma Sifarişləri
Sales Orders to Deliver,Çatdırılacaq Satış Sifarişləri
Purchase Orders to Receive,Qəbul ediləcək Satınalma Sifarişləri
New Purchase Invoice,Yeni Satınalma Fakturası
New Quotations,Yeni Təklif Qəbzləri
Open Quotations,Açıq Təklif Qəbzləri
Open Issues,Açıq Problemlər
Open Projects,Açıq layihələr
Purchase Orders Items Overdue,Gecikmiş Satınalma Sifarişi Məhsulları
Upcoming Calendar Events,Gələcək Təqvim Hadisələri
Open To Do,Açıq İşlər
Add Quote,Təklif Qəbzi Əlavə et
Global Defaults,Qlobal Əsaslar
Default Company,Əsas Şirkət
Current Fiscal Year,Cari Maliyyə İli
Default Distance Unit,Əsas Məsafə Vahidi
Hide Currency Symbol,Valyuta Simvolunu Gizlət
Do not show any symbol like $ etc next to currencies.,"Valyutaların yanında $ və s. kimi heç bir simvol göstərməyin."
"If disable, 'Rounded Total' field will not be visible in any transaction","""Deaktiv edilsə, 'Yuvarlaqlaşdırılmış Cəm' sahəsi heç bir əməliyyatda görünməyəcək"""
Disable In Words,Sözlə Yazılışı Deaktiv Et
"If disable, 'In Words' field will not be visible in any transaction","""Deaktiv edilsə, 'Sözlə' sahəsi heç bir əməliyyatda görünməyəcək"""
Item Classification,Material təsnifatı
General Settings,Ümumi Parametrlər
Item Group Name,Material Qrup adı
Parent Item Group,Ana Qrup
Item Group Defaults,Material Qrup ilkin dəyərləri
Item Tax,Material Vergisi
Check this if you want to show in website,Veb saytda göstərmək istəyirsinizsə bunu işarələyin
Show this slideshow at the top of the page,Bu slayt şousunu səhifənin yuxarısında göstərin
HTML / Banner that will show on the top of product list.,Məhsul siyahısının yuxarısında görünəcək HTML / Banner.
Set prefix for numbering series on your transactions,Əməliyyatlarınızda nömrələmə seriyası üçün prefiks təyin edin
Setup Series,Seriya Parametrləri
Update Series,Seriyanı Yenilə
Change the starting / current sequence number of an existing series.,Mövcud seriyanın başlanğıc / cari sıra nömrəsini dəyişdirin.
Quotation Lost Reason,Təklifin İtirilmiş Səbəbi
"A third party distributor / dealer / commission agent / affiliate / reseller who sells the companies products for a commission.","Şirkətlərin məhsullarını komissiya qarşılığında satan üçüncü tərəf distribyutor / diler / komissiya agenti / filial / reseller."
Sales Partner Name,Satış Partnyorun Adı
Partner Type,Partnyor Növü
Address & Contacts,Ünvan & Əlaqələr
Address Desc,Ünvan Təsviri
Contact Desc,Əlaqə Təsviri
Sales Partner Target,Satış Partnyor Hədəfi
Targets,Hədəflər
Show In Website,Veb saytda Göstər
Referral Code,İstinad Kodu
To Track inbound purchase,Daxil olan satınalmanı izləmək üçün
Logo,Logo
Partner website,Partnyor veb saytı
All Sales Transactions can be tagged against multiple **Sales Persons** so that you can set and monitor targets.,"Bütün Satış Əməliyyatları bir neçə **Satıcı** ilə əlaqələndirilə bilər ki, siz hədəfləri təyin edə və izləyə biləsiniz."
Name and Employee ID,Ad və İşçi ID
Sales Person Name,Satıcı Adı
Parent Sales Person,Ana Satıcı
Select company name first.,Əvvəlcə şirkət adını seçin.
Sales Person Targets,Satıcı Hədəfləri
Set targets Item Group-wise for this Sales Person.,Bu Satıcı üçün Məhsul Qrupu üzrə hədəflər təyin edin.
Supplier Group Name,Təchizatçı Qrupu Adı
Parent Supplier Group,Ana Təchizatçı Qrupu
Target Detail,Hədəf Təfərrüatı
Target Qty,Hədəf Miqdarı
Target Amount,Hədəf Məbləği
Target Distribution,Hədəf Paylaşımı
"Standard Terms and Conditions that can be added to Sales and Purchases.\n\nExamples:\n\n1. Validity of the offer.\n1. Payment Terms (In Advance, On Credit, part advance etc).\n1. What is extra (or payable by the Customer).\n1. Safety / usage warning.\n1. Warranty if any.\n1. Returns Policy.\n1. Terms of shipping, if applicable.\n1. Ways of addressing disputes, indemnity, liability, etc.\n1. Address and Contact of your Company.","""Satış və Satınalmalara əlavə edilə bilən Standart Qaydalar və Şərtlər.\n\nNümunələr:\n\n1. Təklifin etibarlılığı.\n1. Ödəniş Şərtləri (Avans, Kreditlə, hissəvi avans və s.).\n1. Əlavə nədir (və ya Müştəri tərəfindən ödənilməlidir).\n1. Təhlükəsizlik / istifadə xəbərdarlığı.\n1. Zəmanət varsa.\n1. Qaytarma Siyasəti.\n1. Çatdırılma şərtləri, əgər varsa.\n1. Mübahisələrin həlli yolları, təzminat, öhdəlik və s.\n1. Şirkətinizin Ünvanı və Əlaqəsi."""
Applicable Modules,Tətbiq olunan Modullar
Terms and Conditions Help,Qaydalar və Şərtlər Kömək
Classification of Customers by region,Müştərilərin region üzrə təsnifatı
Territory Name,Ərazi Adı
Parent Territory,Ana Ərazi
Territory Manager,Ərazi Meneceri
For reference,İstinad üçün
Territory Targets,Ərazi Həfləri
Set Item Group-wise budgets on this Territory. You can also include seasonality by setting the Distribution.,Bu Ərazi üzrə Məhsul Qrupu büdcələrini təyin edin. Paylaşımı təyin edərək mövsümiliyi də daxil edə bilərsiniz.
UOM Name,Vahidin Adı
"Check this to disallow fractions. (for Nos)","Kəsrə icazə verməmək üçün bu qutuyu işarələyin."
Website Item Group,Veb sayt Məhsul Qrupu
Cross Listing of Item in multiple groups,Məhsulun birdən çox qrupda çarpaz siyahısı
Default settings for Shopping Cart,Alış-veriş Səbəti üçün əsas parametrlər
Enable Shopping Cart,Alış-veriş Səbətini Aktivləşdir
Display Settings,Görüntü Parametrləri
Show Public Attachments,İctimai Əlavələri Göstər
Show Price,Qiyməti Göstər
Show Stock Availability,Stok Mövcudluğunu Göstər
Show Contact Us Button,Bizimlə Əlaqə Düyməsini Göstər
Show Stock Quantity,Stok Miqdarını Göstər
Show Apply Coupon Code,Kupon Kodunu Tətbiq Et Göstər
Allow items not in stock to be added to cart,Stokda olmayan məhsulların səbətə əlavə edilməsinə icazə ver
Prices will not be shown if Price List is not set,Qiymət Cədvəli təyin edilməyibsə, qiymətlər göstərilməyəcək
Quotation Series,Təklif Qəbzi Seriyası
Checkout Settings,Ödəniş Parametrləri
Enable Checkout,Ödənişi Aktivləşdir
Payment Success Url,Ödəniş Uğurlu URL-i
After payment completion redirect user to selected page.,Ödəniş tamamlandıqdan sonra istifadəçini seçilmiş səhifəyə yönləndirin.
Batch Details,Partiya Detalları
Batch ID,Partiya ID
image,şəkil
Parent Batch,Ana Partiya
Manufacturing Date,İstehsal Tarixi
Batch Quantity,Partiya Miqdarı
Batch UOM,Partiya Vahidi
Source Document Type,Mənbə Sənəd Növü
Source Document Name,Mənbə Sənəd Adı
Batch Description,Partiya Təsviri
Bin,Stok Qutusu
Reserved Quantity,Rezerv Edilmiş Miqdar
Actual Quantity,Faktiki Miqdar
Requested Quantity,Tələb Edilən Miqdar
Reserved Qty for sub contract,Subpodrat üçün Rezerv Edilən Miqdar
Moving Average Rate,Hərəkətli Orta Qiymət
FCFS Rate,FCFS Qiyməti
Customs Tariff Number,Gömrük tarif nömrəsi
Tariff Number,Tarif Nömrəsi
Delivery To,Çatdırılma
Is Return,Geri Qaytarmadır
Issue Credit Note,Kredit Qəbzi Ver
Return Against Delivery Note,Satış (Yük) Qaiməsinə Əsasən Qaytar
Customer's Purchase Order No,Müştərinin Satınalma Sifariş Nömrəsi
Billing Address Name,Faktura Ünvanı Adı
Required only for sample item.,Yalnız nümunə məhsul üçün tələb olunur.
"If you have created a standard template in Sales Taxes and Charges Template, select one and click on the button below.","""Satış Vergiləri və Məsrəflər Şablonunda standart şablon yaratmısınızsa, birini seçin və aşağıdakı düyməni klikləyin."""
In Words will be visible once you save the Delivery Note.,Sözlə Yazılış Satış (Yük) Qaiməsini yadda saxladıqdan sonra görünəcək.
In Words (Export) will be visible once you save the Delivery Note.,Sözlə Yazılış (İxrac) Satış (Yük) Qaiməsini yadda saxladıqdan sonra görünəcək.
Transporter Info,Nəqliyyatçı məlumatı
Driver Name,Sürücü Adı
Track this Delivery Note against any Project,Bu Satış (Yük) Qaiməsini hər hansı bir Layihəyə qarşı izləyin
Inter Company Reference,Şirkətlərarası İstinad
Print Without Amount,Məbləğsiz Çap Et
% Installed,% Quraşdırılıb
% of materials delivered against this Delivery Note,% material bu Çatdırılma Qaiməsidən çatdırılıb
Installation Status,Quraşdırma Statusu
Excise Page Number,Aksiz Səhifə Nömrəsi
Instructions,Təlimatlar
From Warehouse,Çıxış Anbarı
Against Sales Order,Satış Sifarişinə Əsasən
Against Sales Order Item,Satış Sifarişi Məhsuluna Əsasən
Against Sales Invoice,Satış Fakturasına Əsasən
Against Sales Invoice Item,Satış Fakturası Məhsuluna Əsasən
Available Batch Qty at From Warehouse,Çıxış Anbarında Mövcud Partiya Miqdarı
Available Qty at From Warehouse,Çıxış Anbarında Mövcud Miqdar
Delivery Settings,Çatdırılma Parametrləri
Dispatch Settings,Göndərmə Parametrləri
Dispatch Notification Template,Göndərmə Bildiriş Şablonu
Dispatch Notification Attachment,Göndərmə Bildiriş Əlavəsi
Leave blank to use the standard Delivery Note format,Standart Satış (Yük) Qaiməsi formatını istifadə etmək üçün boş buraxın
Send with Attachment,Əlavə ilə Göndər
Delay between Delivery Stops,Çatdırılma Dayanacaqları arasındakı Gecikmə
Delivery Stop,Çatdırılma Dayanacağı
Lock,Kilidlə
Visited,Ziyarət edildi
Order Information,Sifariş Məlumatı
Contact Information,Əlaqə Məlumatı
Email sent to,E-poçt göndərildi
Dispatch Information,Göndərmə Məlumatı
Estimated Arrival,Təxmini Çatış
Initial Email Notification Sent,İlkin E-poçt Bildirişi Göndərildi
Delivery Details,Çatdırılma Detalları
Driver Email,Sürücü E-poçtu
Driver Address,Sürücü Ünvanı
Total Estimated Distance,Ümumi Təxmini Məsafə
Distance UOM,Məsafə Vahidi
Departure Time,Yola Düşmə Vaxtı
Delivery Stops,Çatdırılma Dayanacaqları
Calculate Estimated Arrival Times,Təxmini Çatış Vaxtlarını Hesabla
Use Google Maps Direction API to calculate estimated arrival times,Təxmini çatış vaxtlarını hesablamaq üçün Google Maps Direction API istifadə edin
Optimize Route,Marşrutu Optimizə Et
Use Google Maps Direction API to optimize route,Marşrutu optimizə etmək üçün Google Maps Direction API istifadə edin
In Transit,Tranzitdə
Fulfillment User,İcraçı İstifadəçi
"A Product or a Service that is bought, sold or kept in stock.","Alınan, satılan və ya stokda saxlanılan Məhsul və ya Xidmət."
Variant Of,Variantı
"If item is a variant of another item then description, image, pricing, taxes etc will be set from the template unless explicitly specified","""Əgər məhsul başqa bir məhsulun variantıdırsa, o zaman təsvir, şəkil, qiymət, vergilər və s. açıq şəkildə göstərilmədiyi təqdirdə şablondan təyin ediləcək"""
Is Item from Hub,Hub-dan olan Məhsuldur
Default Unit of Measure,Əsas Ölçü Vahidi
Maintain Stock,Stok uçotu aparılsı
Standard Selling Rate,Standard Satış Qiyməti
Auto Create Assets on Purchase,Satınalma zamanı Aktivləri Avtomatik Yarat
Asset Naming Series,Aktiv Adlandırma Seriyası
Over Delivery/Receipt Allowance (%),Həddindən artıq Satış / Satınalma Qaimə Tolerantlığı (%)
Barcodes,Barkodlar
Shelf Life In Days,Raf Ömrü Günlərlə
End of Life,Son İsifadə Müddəti
Default Material Request Type,Default Material Sorğunun Növü
Valuation Method,Maya dəyərinin hesablanma metodu
FIFO,FIFO
Moving Average,Hərəkətli Orta
Warranty Period (in days),Zəmanət Müddəti (günlərlə)
Auto re-order,Avtomatik Sifariş
Reorder level based on Warehouse,Sifariş Anbarlara görə tərtib ediləcək
Will also apply for variants unless overrridden,Variyantlaradə tətbiq ediləcək
Units of Measure,Ölçü Vahidləri
Will also apply for variants,Variyantlar üçün də tətbiq ediləcək
Serial Nos and Batches,Seriya Nömrələri və Partiyalar
Has Batch No,Partiya nömrəsi var
Automatically Create New Batch,Avtomatik Yeni Partiya Yarat
Batch Number Series,Partiya Nömrə Seriyası
"Example: ABCD.#####. If series is set and Batch No is not mentioned in transactions, then automatic batch number will be created based on this series. If you always want to explicitly mention Batch No for this item, leave this blank. Note: this setting will take priority over the Naming Series Prefix in Stock Settings.","""Məsələn: ABCD.#####. Əgər seriya təyin edilibsə və əməliyyatlarda Partiya Nömrəsi qeyd edilməyibsə, o zaman bu seriyaya əsasən avtomatik partiya nömrəsi yaradılacaq. Əgər bu məhsul üçün Partiya Nömrəsini həmişə açıq şəkildə qeyd etmək istəyirsinizsə, buranı boş buraxın. Qeyd: bu parametr Stok Parametrlərindəki Adlandırma Seriyası Prefiksindən üstün olacaq."""
Has Expiry Date,Bitmə Tarixi var
Retain Sample,Nümunəni Saxla
Max Sample Quantity,Maksimum Nümunə Miqdarı
Maximum sample quantity that can be retained,Saxlanıla bilən maksimum nümunə miqdarı
Has Serial No,Seriya nömrəsi var
Serial Number Series,Seriya Nömrəsi Seriyası
"Example: ABCD.#####\nIf series is set and Serial No is not mentioned in transactions, then automatic serial number will be created based on this series. If you always want to explicitly mention Serial Nos for this item. leave this blank.","""Məsələn: ABCD.#####\nƏgər seriya təyin edilibsə və əməliyyatlarda Seriya Nömrəsi qeyd edilməyibsə, o zaman bu seriyaya əsasən avtomatik seriya nömrəsi yaradılacaq. Əgər bu məhsul üçün Seriya Nömrələrini həmişə açıq şəkildə qeyd etmək istəyirsinizsə, buranı boş buraxın."""
Variants,Variantlar
Has Variants,Variyatları var
"If this item has variants, then it cannot be selected in sales orders etc.","""Bu elementin variantları varsa, o zaman satış sifarişlərində seçilə bilməz və s."""
Variant Based On,Variyantın Əsası
Item Attribute,Material Atributu
"Sales, Purchase, Accounting Defaults","Satış, Satınalma və Mühasibat Əsasları"
Item Defaults,Material Əsas Dəyərləri
"Purchase, Replenishment Details",Satınalma Detalları
Is Purchase Item,Satınalmada istifadə edilsin
Default Purchase Unit of Measure,Əsas Satınalma Vahidi
Minimum Order Qty,Minimum Sifariş Miqdarı
Minimum quantity should be as per Stock UOM,Stok Vahidi ilə
Average time taken by the supplier to deliver,Təchizatçı tərəfindən çatdırılma üçün sərf olunan orta vaxt
Is Customer Provided Item,Müştəri Tərəfindən Təmin Edilən Məhsuldur
Delivered by Supplier (Drop Ship),Təchizatçı tərəfindən çatdırılır
Supplier Items,Təchizatçı Məhsulları
Foreign Trade Details,Xarici ticarət təfərrüatları
Country of Origin,Mənşə ölkəsi
Sales Details,Satış Detalları
Default Sales Unit of Measure,Əsas Satış Vahidi
Is Sales Item,Satışda istifadə edilsin
Max Discount (%),Maksimum Endirim (%)
No of Months,Ayların Sayı
Customer Items,Müştəri Materialları
Inspection Criteria,Yoxlama Meyarları
Inspection Required before Purchase,Satın almadan əvvəl yoxlama tələb olunur
Inspection Required before Delivery,Çatdırılmadan əvvəl yoxlama tələb olunur
Default BOM,Əsas Resept (BOM)
Supply Raw Materials for Purchase,Satınalma üçün xammal tədarükü
If subcontracted to a vendor,Satıcıya subpodrat bağlanıbsa
Customer Code,Müştəri Kodu
Default Item Manufacturer,Əsas Məhsul İstehsalçısı
Default Manufacturer Part No,Əsas İstehsalçı Partiya Nömrəsi
Show in Website (Variant),Veb saytda Göstər (Variant)
Items with higher weightage will be shown higher,Daha yüksək çəkiyə malik məhsullar daha yüksəkdə göstəriləcək
Show a slideshow at the top of the page,Səhifənin yuxarısında slayt şousu göstər
Website Image,Veb sayt Şəkli
Website Warehouse,Veb sayt Anbarı
"Show ""In Stock"" or ""Not in Stock"" based on stock available in this warehouse.","""Bu anbarda mövcud olan stoka əsasən ""Stokda Var"" və ya ""Stokda Yoxdur"" göstərin."""
Website Item Groups,Veb sayt Məhsul Qrupları
List this Item in multiple groups on the website.,Bu Məhsulu veb saytda birdən çox qrupda siyahılayın.
Copy From Item Group,Məhsul Qrupundan Kopyala
Website Content,Veb sayt Məzmunu
You can use any valid Bootstrap 4 markup in this field. It will be shown on your Item Page.,Bu sahədə hər hansı etibarlı Bootstrap 4 işarələməsindən istifadə edə bilərsiniz. O, Məhsul Səhifənizdə göstəriləcək.
Total Projected Qty,Ümumi Proqnozlaşdırılan Miqdar
Hub Publishing Details,Hub Nəşr Detalları
Publish in Hub,Hub-da Dərc Et
Publish Item to hub.erpnext.com,Məhsulu hub.erpnext.com saytında dərc edin
Hub Category to Publish,Dərc ediləcək Hub Kateqoriyası
Hub Warehouse,Hub Anbarı
"Publish ""In Stock"" or ""Not in Stock"" on Hub based on stock available in this warehouse.","""Bu anbarda mövcud olan stoka əsasən Hub-da ""Stokda Var"" və ya ""Stokda Yoxdur"" dərc edin."""
Synced With Hub,Hub ilə Sinxronlaşdırılıb
Item Alternative,Material Alternativ
Alternative Item Code,Alternativ Material Kodu
Two-way,İki tərəfli
Alternative Item Name,Alternativ Material Adı
Attribute Name,Atribut Adı
Numeric Values,Rəqəmsal Dəyərlər
From Range,Aralıqdan
Increment,Artım
To Range,Aralığa
Item Attribute Values,Material Atribut dəyərləri
Item Attribute Value,Material Atribut dəyəri
Attribute Value,Atribut Dəyəri
Abbreviation,Abreviatura
"This will be appended to the Item Code of the variant. For example, if your abbreviation is ""SM"", and the item code is ""T-SHIRT"", the item code of the variant will be ""T-SHIRT-SM""","""Bu, variantın Məhsul Koduna əlavə ediləcək. Məsələn, əgər abreviaturanız ""SM""dirsə və məhsul kodu ""T-SHIRT""dirsə, variantın məhsul kodu ""T-SHIRT-SM"" olacaq"""
Item Barcode,Materialın Barkodu
Barcode Type,Barkod Növü
Item Customer Detail,Material-Müştəri təfərrüatları
"For the convenience of customers, these codes can be used in print formats like Invoices and Delivery Notes","""Müştərilərin rahatlığı üçün bu kodlar Fakturalar və Satış (Yük) Qaimələri kimi çap formatlarında istifadə edilə bilər"""
Ref Code,İstinad Kodu
Item Default,Material ilkin dəyər
Purchase Defaults,Satınalma Əsasları
Default Buying Cost Center,Əsas Satınalma Xərc Mərkəzi
Default Supplier,Əsas Təchizatçı
Default Expense Account,Əsas Xərc Hesabı
Sales Defaults,Satış Əsasları
Default Selling Cost Center,Əsas Satış Xərc Mərkəzi
Item Manufacturer,Material İstehsalçısı
Item Price,Material Qiyməti
Packing Unit,Qablaşdırma Vahidi
Quantity that must be bought or sold per UOM,UOM başına alınmalı və ya satılmalı olan miqdar
Item Quality Inspection Parameter,Material Keyfiyyət Yoxlama parametri
Acceptance Criteria,Qəbul Meyarları
Item Reorder,Material yenidən sıtalanması
Check in (group),Yoxlama ediləcək (Qrup)
Request for,Tələb edən
Re-order Level,Sifariş üçün Stok minimum səviyyəsi
Re-order Qty,Sifariş ediləcək Miqdar
Item Supplier,Material Təchizatçısı
Item Variant,Material Variantı
Item Variant Attribute,Material Variant Atributu
Do not update variants on save,Yadda saxlayarkən variantları yeniləmə
Fields will be copied over only at time of creation.,Sahələr yalnız yaradılma zamanı kopyalanacaq.
Allow Rename Attribute Value,Atribut Dəyərinin Adının Dəyişdirilməsinə İcazə Ver
Rename Attribute Value in Item Attribute.,Məhsul Atributunda Atribut Dəyərinin adını dəyişin.
Copy Fields to Variant,Sahələri Varianta Kopyala
Item Website Specification,Material Veb sayt Spesifikasiyası
Table for Item that will be shown in Web Site,Veb saytda göstəriləcək Məhsul Cədvəli
Landed Cost Item,Maya Dəyəri Məhsulu
Receipt Document Type,Sənəd Növü
Receipt Document,Qaimə sənədi
Applicable Charges,Tətbiq olunan Məsrəf
Purchase Receipt Item,Satınalma Qaimə Materialı
Landed Cost Purchase Receipt,Maya Dəyəri Satınalma Qaiməsi
Landed Cost Taxes and Charges,Maya Dəyəri Vergilər və Məsrəflər
Landed Cost Voucher,Maya Dəyəri Paylaşdırma Qəbzi
Purchase Receipts,Satınalma Qəbzləri
Purchase Receipt Items,Satınalma Qaimə Materialları
Get Items From Purchase Receipts,Məhsulları Satınalma Qaiməlrindən al
Distribute Charges Based On,Məsrəfləri Paylaşdırma metodu
Landed Cost Help,Maya Dəyəri Kömək
Manufacturers used in Items,Məhsullarda istifadə olunan İstehsalçılar
Limited to 12 characters,12 simvolla məhdudlaşır
Partially Ordered,Qismən Sifariş Verilib
Transferred,Transfer edildi
% Ordered,% Ordered
Terms and Conditions Content,Qaydalar və Şərtlər Məzmun
Quantity and Warehouse,Miqdar və Anbar
Lead Time Date,Tədarük Müddəti Tarixi
Min Order Qty,Min. Sifariş Miqdarı
Packed Item,Paketlənmiş Məhsul
To Warehouse (Optional),Anbara (İsteğe bağlı)
Actual Batch Quantity,Faktiki Partiya Miqdarı
Prevdoc DocType,Əvvəlki Sənəd DocType
Parent Detail docname,Ana Detal docname
"Generate packing slips for packages to be delivered. Used to notify package number, package contents and its weight.","""Çatdırılacaq paketlər üçün qablaşdırma vərəqələri yaradın. Paket nömrəsini, paket məzmununu və çəkisini bildirmək üçün istifadə olunur."""
Indicates that the package is a part of this delivery (Only Draft),Paketin bu çatdırılmanın bir hissəsi olduğunu göstərir (Yalnız Qaralama)
From Package No.,Paket Nömrəsindən
Identification of the package for the delivery (for print),Çatdırılma üçün paketin identifikasiyası (çap üçün)
To Package No.,Paket Nömrəsinə
If more than one package of the same type (for print),Eyni növdən birdən çox paket varsa (çap üçün)
Package Weight Details,Paket Çəki Detalları
The net weight of this package. (calculated automatically as sum of net weight of items),Bu paketin xalis çəkisi. (avtomatik olaraq məhsulların xalis çəkisinin cəmi kimi hesablanır)
Net Weight UOM,Xalis Çəki Vahidi
Gross Weight,Ümumi Çəki
The gross weight of the package. Usually net weight + packaging material weight. (for print),Paketin ümumi çəkisi. Adətən xalis çəki + qablaşdırma materialının çəkisi. (çap üçün)
Gross Weight UOM,Ümumi Çəki Vahidi
Packing Slip Item,Qablaşdırma Vərəqəsi Məhsulu
DN Detail,DN Detalı
Material Transfer for Manufacture,İstehsal üçün materialın köçürülməsi
Qty of raw materials will be decided based on the qty of the Finished Goods Item,Xammalın miqdarı Hazır Məhsulun miqdarına əsasən müəyyən ediləcək
Parent Warehouse,Ana Anbar
Items under this warehouse will be suggested,Bu anbarın altındakı məhsullar təklif olunacaq
Get Item Locations,Məhsul Yerlərini Al
Item Locations,Material Yerləri
Pick List Item,Mal Seçimi Siyahısı Məhsulu
Picked Qty,Seçilmiş Miqdar
Price List Master,Qiymət Cədvəli Master
Price List Name,Qiymət Cədvəli Adı
Price Not UOM Dependent,Qiymət Ölçü Vahidindən asılı deyil
Applicable for Countries,Ölkələr üçün tətbiq edilir
Price List Country,Qiymət Cədvəli Ölkəsi
Supplier Delivery Note,Təchizatçı Satış (Yük) Qaiməsi
Time at which materials were received,Materialların qəbul edildiyi vaxt
Return Against Purchase Receipt,Satınalma Qaiməsinə Əsasən Qaytar
Rate at which supplier's currency is converted to company's base currency,Təchizatçının valyutasının şirkətin əsas valyutasına çevrildiyi məzənnə
Sets 'Accepted Warehouse' in each row of the items table.,Anbar məlumatı hər sətirə əlavə ediləcək.
Sets 'Rejected Warehouse' in each row of the items table.,Her bir sətirdə İmtina Edilən Anbarı təyin edəcək.
Raw Materials Consumed,İstehlak Edilən Xammal
Get Current Stock,Cari Stoku Al
Consumed Items,İstehlak Edilən Məhsullar
Add / Edit Taxes and Charges,Vergilər və Məsrəflər Əlavə et / Redaktə et
Auto Repeat Detail,Avtomatik Təkrar Detalı
Transporter Details,Nəqliyyatçı Detalları
Vehicle Number,Avtomobil Nömrəsi
Vehicle Date,Avtomobil Tarixi
Received and Accepted,Qəbul edildi və Təsdiq edildi
Accepted Quantity,Qəbul Edilən miqdar
Rejected Quantity,Qəbul Edilməyən Miqdar
Accepted Qty as per Stock UOM,Stok Vahidin-də Qəbul Edilən miqdar
Sample Quantity,Nümunə Miqdarı
Rate and Amount,Qiymət və Məbləğ
Report Date,Hesabat Tarixi
Inspection Type,Yoxlama Növü
Item Serial No,Material Seriya Nömrəsi
Sample Size,Nümunə Ölçüsü
Inspected By,Yoxlayan
Readings,Göstəricilər
Quality Inspection Reading,Keyfiyyət Yoxlama Göstəricisi
Reading 1,Göstərici 1
Reading 2,Göstərici 2
Reading 3,Göstərici 3
Reading 4,Göstərici 4
Reading 5,Göstərici 5
Reading 6,Göstərici 6
Reading 7,Göstərici 7
Reading 8,Göstərici 8
Reading 9,Göstərici 9
Reading 10,Göstərici 10
Quality Inspection Template Name,Keyfiyyət yoxlama şablonu adı
Quick Stock Balance,Sürətli Stok Qalıqına baxılması
Available Quantity,Mövcud Miqdar
Distinct unit of an Item,Məhsulun fərqli vahidi
Warehouse can only be changed via Stock Entry / Delivery Note / Purchase Receipt,Anbar yalnız Stok Qəbzi / Satış (Yük) Qaiməsi / Satınalma Qaiməsi vasitəsilə dəyişdirilə bilər
Purchase / Manufacture Details,Satınalma / İstehsalat Detalları
Creation Document Type,Yaradılma Sənəd Növü
Creation Document No,Yaradılma Sənəd Nömrəsi
Creation Date,Yaradılma Tarixi
Creation Time,Yaradılma Vaxtı
Asset Details,Aktiv Təfərrüatları
Asset Status,Aktiv Statusu
Delivery Document Type,Çatdırılma Sənədinin Növü
Delivery Document No,Çatdırılma Sənədinin Nömrəsi
Delivery Time,Çatdırılma Vaxtı
Invoice Details,Faktura Təfərrüatları
Warranty / AMC Details,Zəmanət / AMC Təfərrüatları
Warranty Expiry Date,Zəmanətin Bitmə Tarixi
AMC Expiry Date,AMC Bitmə Tarixi
Under Warranty,Zəmanət Altında
Out of Warranty,Zəmanət Bitib
Under AMC,AMC Altında
Out of AMC,AMC Bitib
Warranty Period (Days),"Zəmanət Müddəti (Gün)"
Serial No Details,Seriya Nömrəsi Təfərrüatları
Stock Entry Type,Qəbz Növü
Stock Entry (Outward GIT),"Stok Qəbzi (Yolda olan Mallar - Çıxış)"
Material Consumption for Manufacture,İstehsal üçün Material Sərfiyyatı
Repack,Yenidən qablaşdırma
Send to Subcontractor,Subpodratçıya göndərmə
Delivery Note No,Satış (Yük) Qaiməsi Nömrəsi
Sales Invoice No,Satış Fakturası Nömrəsi
Purchase Receipt No,Satınalma Qaiməsi Nömrəsi
Inspection Required,Təftiş Tələb olunur
From BOM,Reseptdən
For Quantity,Miqdar üçün
As per Stock UOM,Stok Vahidinə əsasən
Including items for sub assemblies,Alt montajlar üçün materiallar daxil olmaqla
Default Source Warehouse,Əsas Çıxış Anbarı
Source Warehouse Address,Çıxış Anbarı Ünvanı
Default Target Warehouse,Əsas Giriş Anbarı
Target Warehouse Address,Giriş Anbarı Ünvanı
Update Rate and Availability,Qiymət və Qalıqları Yenilə
Total Incoming Value,Ümumi Gələn Məbləğ
Total Outgoing Value,Ümumi Çıxış Məbləğ
Total Value Difference (Out - In),"Ümumi Dəyər Fərqi (Çıxış - Giriş)"
Additional Costs,Əlavə Xərclər
Total Additional Costs,Ümumi Əlavə Xərclər
Customer or Supplier Details,Müştəri və ya Təchizatçı Təfərrüatları
Per Transferred,Köçürülən üzrə
Stock Entry Detail,Stok Qəbzinin Təfərrüatı
Basic Rate (as per Stock UOM),Qiymət
Basic Amount,Məbləğ
Additional Cost,Əlavə Xərc
Serial No / Batch,Seriya Nömrəsi / Partiya
BOM No. for a Finished Good Item,Hazır Məhsul üçün Resept (BOM) Nömrəsi
Material Request used to make this Stock Entry,Bu Stok Qəbzini yaratmaq üçün istifadə olunan Material Sorğusu
Subcontracted Item,Subpodratçı Məhsulu
Against Stock Entry,Stok Qəbzinə Qarşı
Stock Entry Child,Stok Qəbzi Alt (Sətir)
PO Supplied Item,Sifarişlə Təchizatçıya Verilən Material
Reference Purchase Receipt,İstinad Satınalma Qaiməsi
Stock Ledger Entry,Stok Jurnalı Qeydi
Outgoing Rate,Çıxış Qiyməti
Actual Qty After Transaction,Əməliyyatdan Sonrakı Faktiki Miqdar
Stock Value Difference,Stok Dəyər Fərqi
Stock Queue (FIFO),"Stok Növbəsi (FIFO)"
Is Cancelled,Ləğv edildi
Stock Reconciliation,Stok Sayımı
"This tool helps you to update or fix the quantity and valuation of stock in the system. It is typically used to synchronise the system values and what actually exists in your warehouses.","Bu alət sistemdəki stokun miqdarını və dəyərini yeniləməyə və ya düzəltməyə kömək edir. Adətən sistem dəyərlərini və anbarlarınızda faktiki mövcud olanları sinxronlaşdırmaq üçün istifadə olunur."
Reconciliation JSON,Sayım JSON
Stock Reconciliation Item,Stok Sayımı Məhsulu
Before reconciliation,Sayımdan öncə
Current Serial No,Cari Seriya Nömrəsi
Current Valuation Rate,Cari Maya Dəyəri
Current Amount,Cari Məbləğ
Quantity Difference,Miqdar Fərqi
Amount Difference,Məbləğ Fərqi
Item Naming By,Materialın adlandırılması
Default Item Group,Əsas Material Qrupu
Default Stock UOM,Əsas Stok Vahidi
Sample Retention Warehouse,Nümunə saxlama anbarı
Default Valuation Method,Əsas Maya dəyərin Hesablanma Metodu
Show Barcode Field,Barkod Sahəsini Göstər
Convert Item Description to Clean HTML,Məhsul Təsvirini Təmiz HTML-ə çevir
Allow Negative Stock,Negativ Stoka icazə ver
Automatically Set Serial Nos based on FIFO,Seriya Nömrələrini FIFO əsasında Avtomatik Təyin Et
Auto Material Request,Avtomatik Material Sorğusu
Inter Warehouse Transfer Settings,Anbarlararası Transfer Parametrləri
Freeze Stock Entries,Stok Qəbzlərini Dondur
Stock Frozen Upto,Stok Əməliyyatların Dayandırma Tarixi
Batch Identification,Partiya İdentifikasiyası
Use Naming Series,Seriya Adlandırmasından İstifadə Et
Naming Series Prefix,Seriya Adlandırma Prefiksi
UOM Category,Vahid (UOM) Kateqoriyası
UOM Conversion Detail,Vahid (UOM) Çevrilmə Təfərrüatı
Variant Field,Variant Sahəsi
A logical Warehouse against which stock entries are made.,Stok qəbzlərinin edildiyi məntiqi Anbar.
Warehouse Detail,Anbar Təfərrüatı
Warehouse Name,Anbar adı
Warehouse Contact Info,Anbar Əlaqə Məlumatı
Raised By (Email),"Qaldıran Şəxs (E-poçt)"
Issue Type,Problem növü
Issue Split From,Problemin Bölündüyü Mənbə
Service Level,Xidmət Səviyyəsi
Response By,Cavablandıran
Response By Variance,Cavablandıran Fərqi
Ongoing,Davam edən
Resolution By,Həll edən
Resolution By Variance,Həll edən Fərqi
Service Level Agreement Creation,Xidmət Səviyyəsi Müqaviləsinin Yaradılması
First Responded On,İlk Cavab Tarixi
Resolution Details,Həll Təfərrüatları
Opening Date,Açılış Tarixi
Opening Time,Açılış Vaxtı
Resolution Date,Həll Tarixi
Via Customer Portal,Müştəri Portalı vasitəsilə
Support Team,Dəstək Komandası
Issue Priority,Problemin prioriteti
Service Day,Xidmət Günü
Workday,İş günü
Default Priority,Əsas Prioritet
Priorities,Prioritetlər
Support Hours,Dəstək Saatları
Support and Resolution,Dəstək və Həll
Default Service Level Agreement,Əsas Xidmət Səviyyəsi Müqaviləsi
Entity,Obyekt
Agreement Details,Müqavilə Təfərrüatları
Response and Resolution Time,Cavab və Həll Vaxtı
Service Level Priority,Xidmət Səviyyəsi Prioriteti
Resolution Time,Həll Vaxtı
Support Search Source,Dəstək Axtarış Mənbəyi
Source Type,Mənbə Növü
Query Route String,Sorğu Marşrut Sətri
Search Term Param Name,Axtarış Termini Parametr Adı
Response Options,Cavab Seçimləri
Response Result Key Path,Cavab Nəticəsi Açar Yolu
Post Route String,Post Marşrut Sətri
Post Route Key List,Post Marşrut Açar Siyahısı
Post Title Key,Post Başlıq Açarı
Post Description Key,Post Təsvir Açarı
Link Options,Link Seçimləri
Source DocType,Mənbə Sənəd Növü
Result Title Field,Nəticə Başlıq Sahəsi
Result Preview Field,Nəticə Önizləmə Sahəsi
Result Route Field,Nəticə Marşrut Sahəsi
Service Level Agreements,Xidmət Səviyyəsi Müqavilələri
Track Service Level Agreement,Xidmət Səviyyəsi Müqaviləsini İzlə
Allow Resetting Service Level Agreement,Xidmət Səviyyəsi Müqaviləsini Sıfırlamağa İcazə Ver
Close Issue After Days,Problemi Günlər Sonra Bağla
Auto close Issue after 7 days,Problemi 7 gün sonra avtomatik bağla
Support Portal,Dəstək Portalı
Get Started Sections,Başlama Bölmələri
Show Latest Forum Posts,Ən Son Forum Yazılarını Göstər
Forum Posts,Forum Yazıları
Forum URL,Forum URL
Get Latest Query,Ən Son Sorğunu Al
Response Key List,Cavab Açar Siyahısı
Post Route Key,Post Marşrut Açarı
Search APIs,Axtarış API-ləri
Issue Date,Problem Tarixi
Item and Warranty Details,Məhsul və Zəmanət Təfərrüatları
Warranty / AMC Status,Zəmanət / AMC Statusu
Resolved By,Həll edən
Service Address,Xidmət Ünvanı
If different than customer address,Müştəri ünvanından fərqlidirsə
Raised By,Şikayət edən
From Company,Şirkətdən
Rename Tool,Ad Dəyişdirmə Aləti
Utilities,Alətlər
Type of document to rename.,Adı dəyişdiriləcək sənədin növü.
File to Rename,Adı dəyişdiriləcək fayl
"Attach .csv file with two columns, one for the old name and one for the new name","İki sütunlu .csv faylı əlavə edin, biri köhnə ad üçün, digəri isə yeni ad üçün"
Rename Log,Ad Dəyişdirmə Jurnalı
SMS Log,SMS Jurnalı
Sender Name,Göndərən Adı
Sent On,Göndərilmə Tarixi
No of Requested SMS,Tələb olunan SMS sayı
Requested Numbers,Tələb olunan Nömrələr
No of Sent SMS,Göndərilən SMS sayı
Sent To,Göndərilib
Absent Student Report,Qaib Tələbə Hesabatı
Assessment Plan Status,Qiymətləndirmə Planı Statusu
Asset Depreciation Ledger,Aktiv Amortizasiya Jurnalı
Asset Depreciations and Balances,Aktiv Amortizasiyaları və Balansları
Available Stock for Packing Items,Yığma məhsullar üçün mövcud stok
Bank Clearance Summary,Bank Klirinq Xülasəsi
Batch Item Expiry Status,Partiya məhsulu bitmə tarixi vəziyyəti
Batch-Wise Balance History,Partiya üzrə balans tarixi
BOM Explorer,BOM (Resept) Bələdçisi
BOM Search,BOM (Resept) Axtarışı
BOM Stock Calculated,BOM (Resept) Stok Hesablandı
BOM Variance Report,BOM (Resept) Fərq Hesabatı
Campaign Efficiency,Kampaniya Səmərəliliyi
Cash Flow,Maliyyə axını
Completed Work Orders,Tamamlanmış İş Sifarişləri
To Produce,İstehsal etmək üçün
Produced,İstehsal olunan
Consolidated Financial Statement,Konsolidə Edilmiş Maliyyə Hesabatı
Course wise Assessment Report,Kurs üzrə Qiymətləndirmə Hesabatı
Customer Acquisition and Loyalty,Müştərilərin əldə edilməsi və sadiqlik
Customer Credit Balance,Müştəri kredit balansı
Customer Ledger Summary,Müştəri Hesab Xülasəsi
Customer-wise Item Price,Müştəri üzrə Məhsul Qiyməti
Customers Without Any Sales Transactions,Satış edilməyən Müştərilər
Daily Timesheet Summary,Gündəlik vaxt cədvəlinin xülasəsi
Delayed Item Report,Gecikdirilmiş Məhsul Hesabatı
Delayed Order Report,Gecikdirilmiş Sifariş Hesabatı
Delivered Items To Be Billed,"Çatdırılmış, lakin hələ fakturalandırılmamış mallar"
Delivery Note Trends,Satış Qaimə tendensiyaları
Electronic Invoice Register,Elektron Faktura Reyestri
Employee Billing Summary,İşçi Faktura Xülasəsi
Employee Birthday,İşçi Ad Günləri
Employee Information,İşçi Məlumatı
Employee Leave Balance,İşçilərin Məzuniyyət Balansı
Employee Leave Balance Summary,İşçilərin Məzuniyyət Balansının Xülasəsi
Eway Bill,E-qaimə
Expiring Memberships,Vaxtı bitən Üzvlük
Fichier des Ecritures Comptables [FEC],Fichier des Ecritures Comptables [FEC]
Final Assessment Grades,Yekun Qiymətləndirmə Dərəcələri
Fixed Asset Register,Əsas Vəsaitlər Reyestri
Gross and Net Profit Report,Ümumi və Xalis Mənfəət Hesabatı
GST Itemised Purchase Register,GST Maddə üzrə Satınalma Reyestri
GST Itemised Sales Register,GST Maddə üzrə Satış Reyestri
GST Purchase Register,GST Satınalma Reyestri
GST Sales Register,GST Satış Reyestri
GSTR-1,GSTR-1
GSTR-2,GSTR-2
Hotel Room Occupancy,Otel Otaq Doluluğu
HSN-wise-summary of outward supplies,HSN üzrə xarici təchizatların xülasəsi
Inactive Customers,Qeyri-aktiv Müştərilər
Inactive Sales Items,Qeyri-aktiv Satış Məhsulları
IRS 1099,IRS 1099
Issued Items Against Work Order,İş Sifarişi qarşılığında Buraxılmış Məhsullar
Projected Quantity as Source,Mənbə kimi Proqnozlaşdırılan Miqdar
Item Balance (Simple),"Material Qalıqı (Sadə)"
Item Price Stock,"Material Qiyməti ilə Stok(Qalıq)"
Item Prices,Material Qiymətləri
Item Shortage Report,Material Çatışmazlığı Hesabatı
Item Variant Details,Məhsul variantları detalları
Item-wise Price List Rate,Material-Qiymət Cədvəli qiymətləri
Item-wise Purchase History,Məhsul üzrə alış tarixi
Item-wise Purchase Register,Material üzrə satınalma reyestri
Item-wise Sales History,Məhsul üzrə satış tarixi
Item-wise Sales Register,Material üzrə satış reyestri
Items To Be Requested,Tələb olunacaq məhsullar
Reserved,Rezerv edilmiş
Itemwise Recommended Reorder Level,Məhsul üzrə tövsiyə edilən yenidən sifariş səviyyəsi
Lead Details,Potensial Müştəri Təfərrüatları
Lead Owner Efficiency,Potensial Müştəri Sahibinin Səmərəliliyi
Lost Opportunity,İtirilmiş Fürsət
Maintenance Schedules,Texniki Baxım Cədvəlləri
Material Requests for which Supplier Quotations are not created,Təchizatçı kotirovkası yaradılmamış material tələbləri
Open Work Orders,Açıq İş Sifarişləri
Qty to Deliver,Çatdırılacaq Miqdar
Patient Appointment Analytics,Pasiyent Randevu Analitikası
Payment Period Based On Invoice Date,Faktura Tarixinə əsasən ödənişlər
Pending SO Items For Purchase Request,Alış tələbi üçün gözləyən satış sifarişi məhsulları
Procurement Tracker,Təchizat İzlənməsi
Product Bundle Balance,Məhsul Paketi Balansı
Production Analytics,İstehsal Analitikası
Profit and Loss Statement,Mənfəət və Zərər Hesabatı
Profitability Analysis,Mənfəət Təhlili
Project Billing Summary,Layihə hesab-faktura icmalı
Project wise Stock Tracking,Layihə üzrə stok izlənməsi
Project wise Stock Tracking,Layihə üzrə stok izlənməsi
Prospects Engaged But Not Converted,"Əlaqə qurulmuş, amma qeri dönüş olmamış potensial müştərilər"
Purchase Analytics,Satınalma Analitikası
Purchase Invoice Trends,Satınalma faktura tendensiyaları
Qty to Receive,Qəbul ediləcək Miqdar
Received Qty Amount,Qəbul Edilən Miqdar Məbləği
Billed Qty,Faturalanmış Miqdar
Purchase Order Trends,Alış sifarişi tendensiyaları
Purchase Receipt Trends,Alış qəbzi tendensiyaları
Purchase Register,Satınalma reyestri
Quotation Trends,Qiymət Trendləri
Received Items To Be Billed,"Satın alınmış, amma hələ faktura təqdim edilməmiş mallar və ya xidmətlər"
Qty to Order,Sifariş ediləcək Miqdar
Requested Items To Be Transferred,Köçürülməsi tələb olunan məhsullar
Qty to Transfer,Transfer ediləcək Miqdar
Sales Analytics,Satış Analitikası
Sales Invoice Trends,Satış faktura tendensiyaları
Sales Order Trends,Satış Sifarişi tendensiyaları
Sales Partner Commission Summary,Satış Tərəfdaşı Komissiya Xülasəsi
Sales Partner Target Variance based on Item Group,Məhsul Qrupu Əsasında Satış Tərəfdaşı üzrə Hədəf Fərqi
Sales Partner Transaction Summary,Satış Tərəfdaşı Əməliyyat Xülasəsi
Sales Partners Commission,Satış Tərəfdaşlarının Komissiyası
Invoiced Amount (Exclusive Tax),"Faktura Məbləği (Vergi Xaric)"
Average Commission Rate,Orta Komissiya Dərəcəsi
Sales Payment Summary,Satış Ödənişləri Xülasəsi
Sales Person Commission Summary,Satıcı Komissiya Xülasəsi
Sales Person Target Variance Based On Item Group,Məhsul Qrupu Əsasında Satıçı üzrə Hədəf Fərqi
Sales Person-wise Transaction Summary,Satıcıya görə əməliyyat xülasəsi
Sales Register,Satış reyestri
Serial No Service Contract Expiry,Seriya Nömrəsi Xidmət Müqaviləsi Bitmə Tarixi
Serial No Status,Seriya Nömrəsi Statusu
Serial No Warranty Expiry,Seriya Nömrəsi Zəmanət Bitmə Tarixi
Stock Ageing,Stok Yaşlanma
Stock and Account Value Comparison,Stok və Hesab Dəyərinin Müqayisəsi
Stock Projected Qty,Stokda təxmini miqdar
Student and Guardian Contact Details,Tələbə və Qəyyum Əlaqə Təfərrüatları
Student Batch-Wise Attendance,Tələbə Qrup üzrə Davamiyyət
Student Fee Collection,Tələbə Ödənişlərinin Yığılması
Student Monthly Attendance Sheet,Tələbə Aylıq Davamiyyət Cədvəli
Subcontracted Item To Be Received,Subpodratçıdan qəbul ediləcək məhsul
Subcontracted Raw Materials To Be Transferred,Subpodratçılara köçürüləcək xammallar
Supplier Ledger Summary,Təchizatçı Hesab Xülasəsi
Supplier-Wise Sales Analytics,Təchizatçı əsaslı Satış Analitikası
Support Hour Distribution,Dəstək Saatı Paylanması
TDS Computation Summary,TDS Hesablama Xülasəsi
TDS Payable Monthly,Aylıq Ödəniləcək TDS
Territory Target Variance Based On Item Group,Məhsul Qrupu Əsasında Ərazi üzrə Hədəf Fərqi
Territory-wise Sales,Əraziyə görə satışlar
Total Stock Summary,Ümumi Stok Xülasəsi
Trial Balance,Sınaq Balansı
Trial Balance (Simple),"Sınaq Balansı (Sadə)"
Trial Balance for Party,"Sınaq Balansı (Cari Hesab)"
Warehouse wise Item Balance Age and Value,Anbar üzrə Məhsul Balansı Yaşı və Dəyəri
Work Order Stock Report,İş Sifarişi Stok Hesabatı
Work Orders in Progress,Davam edən İş Sifarişləri
Automatically Process Deferred Accounting Entry,Təxirə salınmış Mühasibat Qeydini Avtomatik Emal Et
Bank Clearance,Bank Klirinqi
Bank Clearance Detail,Bank Klirinq Təfərrüatı
Update Cost Center Name / Number,Xərc Mərkəzi Adını / Nömrəsini Yenilə
Journal Entry Template,Uçot Qəbzi - Şablon
Template Title,Şablon Başlığı
Journal Entry Type,Uçot Qəbzi Növü
Journal Entry Template Account,Uçot Qəbzi Şablonu Hesabı
Process Deferred Accounting,Təxirə salınmış Mühasibatlığı Emal Et
Manual entry cannot be created! Disable automatic entry for deferred accounting in accounts settings and try again,Əl ilə giriş yaradıla bilməz! Hesab parametrlərində təxirə salınmış mühasibatlıq üçün avtomatik girişi deaktiv edin və yenidən cəhd edin
End date cannot be before start date,Bitmə tarixi başlama tarixindən əvvəl ola bilməz
Total Counts Targeted,Hədəflənən Ümumi Saylar
Total Counts Completed,Tamamlanan Ümumi Saylar
Counts Targeted: {0},Hədəflənən Saylar: {0}
Material Request Warehouse,Material Sorğusu Anbarı
Select warehouse for material requests,Material sorğuları üçün anbar seçin
Transfer Materials For Warehouse {0},{0} Anbarı Üçün Materialları Transfer Et
Production Plan Material Request Warehouse,İstehsal Planı Material Sorğusu Anbarı
Sets 'Source Warehouse' in each row of the items table.,Her bir sətirdə Çıxış Anbarı təyin edəcək.
Sets 'Target Warehouse' in each row of the items table.,Her bir sətirdə Giriş Anbarı təyin edəcək.
Show Cancelled Entries,Ləğv edilənləri göstər
Backdated Stock Entry,Geri Tarixli Stok Qəbzi
Row #{}: Currency of {} - {} doesn't matches company currency.,"Sətir #{}: {} Valyutası - {} şirkət valyutasına uyğun gəlmir."
{} Assets created for {},{} Üçün {} Aktiv yaradıldı
{0} Number {1} is already used in {2} {3},"{0} Nömrəsi {1} artıq {2} {3}-də istifadə olunub"
Update Bank Clearance Dates,Bank Klirinq Tarixlərini Yenilə
Healthcare Practitioner:,Tibb İşçisi:
Lab Test Conducted:,Laboratoriya Testi Keçirildi:
Lab Test Event:,Laboratoriya Testi Hadisəsi:
Lab Test Result:,Laboratoriya Testi Nəticəsi:
Clinical Procedure conducted:,Kliniki Prosedur icra edildi:
Therapy Session Charges: {0},Terapiya Seansı Ödənişləri: {0}
Therapy:,Terapiya:
Therapy Plan:,Terapiya Planı:
Total Counts Targeted:,Hədəflənən Ümumi Saylar:
Total Counts Completed:,Tamamlanan Ümumi Saylar:
Is Mandatory,Məcburidir
Service Received But Not Billed,"Xidmət Alındı, Lakin Fakturalanmadı"
Deferred Accounting Settings,Təxirə salınmış Mühasibat Parametrləri
Book Deferred Entries Based On,Təxirə salınmış Qeydləri Əsaslandır
Days,Günlər
Months,Aylar
Book Deferred Entries Via Journal Entry,Təxirə salınmış Qeydləri Jurnal Girişi vasitəsilə Qeyd Et
Submit Journal Entries,Jurnal Girişlərini Təsdiq Et
If this is unchecked Journal Entries will be saved in a Draft state and will have to be submitted manually,"Bu işarələnməzsə, Jurnal Girişləri Qaralama vəziyyətində saxlanacaq və əl ilə təsdiqlənməlidir"
Enable Distributed Cost Center,Paylaşdırmalı Xərc Mərkəzini Aktiv et
Distributed Cost Center,Paylaşdırılmış Xərc Mərkəzi
Dunning,Ödəniş xəbərdarlığı
Overdue Days,Gecikmə Günləri
Dunning Type,Borc Bildiriş Növü
Dunning Fee,Borc Gecikmə Haqqı
Dunning Amount,Ödəniş Xəbərdarlığı Məbləği
Resolved,Həll edildi
Unresolved,Həll edilməmiş
Printing Setting,Çap Tənzimləmələri
Body Text,Əsas Mətn
Closing Text,Yekun Mətn
Resolve,Həll et
Dunning Letter Text,Ödəniş Xəbərdarlığı Məktubu Mətni
Is Default Language,Əsas Dildir
Letter or Email Body Text,Məktub və ya E-poçt Əsas Mətni
Letter or Email Closing Text,Məktub və ya E-poçt Yekun Mətni
Body and Closing Text Help,Mətn və Yekun Mətn Köməyi
Overdue Interval,Gecikmə Aralığı
Dunning Letter,Ödəniş Tələbi Bildirişi
"This section allows the user to set the Body and Closing text of the Dunning Letter for the Dunning Type based on language, which can be used in Print.","Bu bölmə istifadəçiyə Çapda istifadə oluna bilən dilə əsaslanan Ödəniş Xəbərdarlığı Növü üçün Ödəniş Xəbərdarlığı Məktubunun Əsas və Yekun mətnini təyin etməyə imkan verir."
Reference Detail No,İstinad Təfərrüat Nömrəsi
Custom Remarks,Xüsusi Qeydlər
Please select a Company first.,Zəhmət olmasa əvvəlcə Şirkət seçin.
"Row #{0}: Reference Document Type must be one of Sales Order, Sales Invoice, Journal Entry or Dunning","Sətir #{0}: İstinad Sənəd Növü Satış Sifarişi, Satış Fakturası, Uçot Qəbzi və ya Ödəniş Xəbərdarlığı sənədlərindən biri olmalıdır"
POS Closing Entry,POS bağlanış qeydi
POS Opening Entry,POS açılış qeydi
POS Transactions,POS Əməliyyatları
POS Closing Entry Detail,POS Bağlanış Qeydi Təfərrüatı
Opening Amount,Açılış Məbləği
Closing Amount,Bağlanış Məbləği
POS Closing Entry Taxes,POS Bağlanış Qeydi Vergiləri
POS Invoice,POS Fakturası
Consolidated Sales Invoice,Konsolidə edilmiş Satış Fakturası
Return Against POS Invoice,POS Fakturasına qarşı Geri Qaytarma
Consolidated,Konsolidə edilmiş
POS Invoice Item,POS Faktura Məhsulu
POS Invoice Merge Log,POS Faktura Birləşdirmə Jurnalı
POS Invoices,POS Fakturaları
Consolidated Credit Note,Konsolidə edilmiş Kredit Qəbzi
POS Invoice Reference,POS Faktura İstinadı
Set Posting Date,Tarixi Təyin Et
Opening Balance Details,Açılış Balansı Təfərrüatları
POS Opening Entry Detail,POS Açılış Qeydi Təfərrüatı
POS Payment Method,POS Ödəniş Metodu
Payment Methods,Ödəniş üsulları
Process Statement Of Accounts,Hesab Çıxarışlarını Emal Et
General Ledger Filters,Baş Kitab Filtrləri
Customers,Müştərilər
Select Customers By,Müştəriləri Seçin
Fetch Customers,Müştəriləri Gətir
Send To Primary Contact,Əsas Əlaqəyə Göndər
Print Preferences,Çap Seçimləri
Include Ageing Summary,Yaşlanma Xülasəsini Daxil Et
Enable Auto Email,Avtomatik E-poçtu Aktivləşdir
Filter Duration (Months),"Filtr Müddəti (Aylar)"
CC To,CC
Help Text,Kömək Mətni
Emails Queued,Növbədə olan E-poçtlar
Process Statement Of Accounts Customer,Hesab Çıxarışları Müştərisini Emal Et
Billing Email,Faktura E-poçtu
Primary Contact Email,Əsas Əlaqə E-poçtu
PSOA Cost Center,PSOA Xərc Mərkəzi
PSOA Project,PSOA Layihəsi
Supplier GSTIN,"Təchizatçı GSTIN (VÖEN)"
Place of Supply,Təchizat Yeri
Select Billing Address,Hesab-Faktura Ünvanı Seçin
GST Details,GST Təfərrüatları
GST Category,GST Kateqoriyası
Registered Regular,Qeydiyyatdan Keçmiş Daimi
Registered Composition,Qeydiyyatdan Keçmiş Tərkib
Unregistered,Qeydiyyatsız
SEZ,Xüsusi İqtisadi Zona (SEZ)
Overseas,Xarici
UIN Holders,UIN Sahibləri
With Payment of Tax,Vergi Ödənişi ilə
Without Payment of Tax,Vergi Ödənişi olmadan
Invoice Copy,Faktura Nüsxəsi
Original for Recipient,Alıcı üçün Orijinal
Duplicate for Transporter,Daşıyıcı üçün Surət
Duplicate for Supplier,Təchizatçı üçün Surət
Triplicate for Supplier,Təchizatçı üçün Üçüncü Nüsxə
Reverse Charge,Tərs Yük
Y,B
N,X
E-commerce GSTIN,E-ticarət GSTIN
Reason For Issuing document,Sənədin verilmə səbəbi
01-Sales Return,01-Satışın Qaytarılması
02-Post Sale Discount,02-Satış Sonrası Endirim
03-Deficiency in services,03-Xidmətlərdə çatışmazlıq
04-Correction in Invoice,04-Fakturadakı Düzəliş
05-Change in POS,05-POS-da Dəyişiklik
06-Finalization of Provisional assessment,06-İlkin qiymətləndirmənin yekunlaşdırılması
07-Others,07-Digərləri
Eligibility For ITC,ITC üçün Uyğunluq
Input Service Distributor,Giriş Xidməti Distribyutoru
Import Of Service,Xidmət İdxalı
Import Of Capital Goods,Kapital Mallarının İdxalı
Ineligible,Uyğun deyil
All Other ITC,Bütün Digər ITC
Availed ITC Integrated Tax,İstifadə olunmuş ITC İnteqrasiya edilmiş Vergi
Availed ITC Central Tax,İstifadə olunmuş ITC Mərkəzi Vergi
Availed ITC State/UT Tax,İstifadə olunmuş ITC Dövlət/UT Vergisi
Availed ITC Cess,İstifadə olunmuş ITC Cess
Is Nil Rated or Exempted,Sıfır Dərəcəlidir və ya Azad Edilib
Is Non GST,Qeyri-GST
E-Way Bill No.,E-Qaimə Nömrəsi
Is Consolidated,Konsolidə edilib
Billing Address GSTIN,Faktura Ünvanı GSTIN
Customer GSTIN,Müştəri GSTIN
GST Transporter ID,GST Daşıyıcı ID
Distance (in km),"Məsafə (km ilə)"
Road,Yol
Air,Hava
Rail,Dəmir yolu
Ship,Gəmi
GST Vehicle Type,GST Nəqliyyat Vasitəsi Növü
Over Dimensional Cargo (ODC),"Ölçüdən Kənar Yük (ODC)"
Consumer,İstehlakçı
Deemed Export,Hesab Edilən İxrac
Port Code,Liman Kodu
Shipping Bill Number,Göndərmə Qaimə Nömrəsi
Shipping Bill Date,Göndərmə Qaimə Tarixi
Subscription End Date,Abunəlik Bitmə Tarixi
Follow Calendar Months,Təqvim Aylarını İzlə
If this is checked subsequent new invoices will be created on calendar  month and quarter start dates irrespective of current invoice start date,"Bu işarələnməzsə, sonrakı yeni fakturalar cari faktura başlama tarixindən asılı olmayaraq təqvim ayı və rüb başlama tarixlərində yaradılacaq"
Generate New Invoices Past Due Date,Gecikmiş Tarixdən Sonra Yeni Fakturalar Yarat
New invoices will be generated as per schedule even if current invoices are unpaid or past due date,"Cari fakturalar ödənilməsə və ya vaxtı keçmiş olsa belə, yeni fakturalar cədvələ uyğun olaraq yaradılacaq"
Document Type,Sənəd Növü
Subscription Price Based On,Abunə Qiyməti Əsaslanır
Fixed Rate,Sabit Qiymət
Based On Price List,Qiymət Cədvəlinə Əsasən
Monthly Rate,Aylıq Qiymət
Cancel Subscription After Grace Period,Güzəşt Müddətindən Sonra Abunəliyi Ləğv Et
Source State,Mənbə Ştat
Is Inter State,Ştatlararasıdır
Purchase Details,Satınalma Təfərrüatları
Depreciation Posting Date,Amortizasiya Qeyd Tarixi
"By default, the Supplier Name is set as per the Supplier Name entered. If you want Suppliers to be named by a","Varsayılan olaraq, Təchizatçı Adı daxil edilmiş Təchizatçı Adına uyğun təyin edilir. Əgər Təchizatçıların adlandırılmasını istəyirsinizsə"
choose the 'Naming Series' option.,'Seriya Adlandırma' seçimini seçin.
Configure the default Price List when creating a new Purchase transaction. Item prices will be fetched from this Price List.,"Yeni Satınalma əməliyyatı yaradarkən əsas Qiymət Cədvəlini konfiqurasiya edin. Məhsul qiymətləri bu Qiymət Cədvəlindən götürüləcək."
"If this option is configured 'Yes', ERPNext will prevent you from creating a Purchase Invoice or Receipt without creating a Purchase Order first. This configuration can be overridden for a particular supplier by enabling the 'Allow Purchase Invoice Creation Without Purchase Order' checkbox in the Supplier master.","Bu seçim 'Bəli' olaraq konfiqurasiya edilərsə, ERPNext sizə əvvəlcə Satınalma Sifarişi yaratmadan Satınalma Fakturası və ya Qaiməsi yaratmağa mane olacaq. Bu konfiqurasiya Təchizatçı masterində 'Satınalma Sifarişi Olmadan Satınalma Fakturası Yaradılmasına İcazə Ver' qutusunu işarələməklə xüsusi bir təchizatçı üçün ləğv edilə bilər."
"If this option is configured 'Yes', ERPNext will prevent you from creating a Purchase Invoice without creating a Purchase Receipt first. This configuration can be overridden for a particular supplier by enabling the 'Allow Purchase Invoice Creation Without Purchase Receipt' checkbox in the Supplier master.","Bu seçim 'Bəli' olaraq konfiqurasiya edilərsə, ERPNext sizə əvvəlcə Satınalma Qaiməsi yaratmadan Satınalma Fakturası yaratmağa mane olacaq. Bu konfiqurasiya Təchizatçı masterində 'Satınalma Qaiməsi Olmadan Satınalma Fakturası Yaradılmasına İcazə Ver' qutusunu işarələməklə xüsusi bir təchizatçı üçün ləğv edilə bilər."
Quantity & Stock,Miqdar və Stok
Call Details,Zəng Təfərrüatları
Authorised By,Səlahiyyətli Şəxs
Signee (Company),İmzalayan (Şirkət)
Signed By (Company),İmzalayan (Şirkət)
First Response Time,İlk Cavab Vaxtı
Request For Quotation,Təklif Qəbzi Tələbi
Opportunity Lost Reason Detail,Fürsət İtirilmə Səbəbi Təfərrüatı
Access Token Secret,Giriş Tokeni Məxviliyi
Add to Topics,Mövzulara əlavə et
...Adding Article to Topics,...Məqalə Mövzulara əlavə edilir
Add Article to Topics,Məqaləni Mövzulara əlavə et
This article is already added to the existing topics,Bu məqalə artıq mövcud mövzulara əlavə edilib
Add to Programs,Proqramlara əlavə et
Programs,Proqramlar
...Adding Course to Programs,...Kurs Proqramlara əlavə edilir
Add Course to Programs,Kursu Proqramlara əlavə et
This course is already added to the existing programs,Bu kurs artıq mövcud proqramlara əlavə edilib
Learning Management System Settings,Tədris İdarəetmə Sistemi Parametrləri
Enable Learning Management System,Tədris İdarəetmə Sistemini Aktiv et
Learning Management System Title,Tədris İdarəetmə Sistemi Başlığı
...Adding Quiz to Topics,...Sorğu Mövzulara əlavə edilir
Add Quiz to Topics,Sorğunu Mövzulara əlavə et
This quiz is already added to the existing topics,Bu sorğu artıq mövcud mövzulara əlavə edilib
Enable Admission Application,Qəbul Müraciətini Aktiv et
Marking attendance,Davamiyyətin qeyd edilməsi
Add Guardians to Email Group,Qəyyumları E-poçt Qrupuna əlavə et
Attendance Based On,Davamiyyət Əsası
Check this to mark the student as present in case the student is not attending the institute to participate or represent the institute in any event.,"Tələbə institutda iştirak etmirsə və ya hər hansı tədbirdə institutu təmsil edirsə, tələbəni iştirak edir kimi qeyd etmək üçün bunu işarələyin."
Add to Courses,Kurslara əlavə et
...Adding Topic to Courses,...Mövzu Kurslara əlavə edilir
Add Topic to Courses,Mövzunu Kurslara əlavə et
This topic is already added to the existing courses,Bu mövzu artıq mövcud kurslara əlavə edilib
"If Shopify does not have a customer in the order, then while syncing the orders, the system will consider the default customer for the order","Əgər Shopify-da sifarişdə müştəri yoxdursa, sifarişləri sinxronlaşdırarkən sistem sifariş üçün standart müştərini nəzərə alacaq"
The accounts are set by the system automatically but do confirm these defaults,"Hesablar sistem tərəfindən avtomatik təyin olunur, lakin bu standartları təsdiqləyin"
Default Round Off Account,Əsas Yuvarlaqlaşdırma Hesabı
Failed Import Log,Uğursuz İdxal Jurnalı
Fixed Error Log,Düzəldilmiş Xəta Jurnalı
Company {0} already exists. Continuing will overwrite the Company and Chart of Accounts,"Şirkət {0} artıq mövcuddur. Davam etmək Şirkəti və Hesablar Planını yenidən yazacaq"
Meta Data,Meta Məlumat
Unresolve,Həll edilməmiş
Create Document,Sənəd Yarat
Mark as unresolved,Həll edilməmiş kimi işarələ
TaxJar Settings,TaxJar Parametrləri
Sandbox Mode,Sandbox Rejimi
Enable Tax Calculation,Vergi Hesablamasını Aktiv et
Create TaxJar Transaction,TaxJar Əməliyyatı Yarat
Credentials,Giriş Məlumatları
Live API Key,Canlı API Açarı
Sandbox API Key,Sandbox API Açarı
Configuration,Konfiqurasiya
Tax Account Head,Vergi Hesabının Adı
Shipping Account Head,Çatdırılma Hesabının Adı
Practitioner Name,Tibb İşçisinin Adı
Enter a name for the Clinical Procedure Template,Kliniki Prosedur Şablonu üçün bir ad daxil edin
Set the Item Code which will be used for billing the Clinical Procedure.,Kliniki Proseduru faturalandırmaq üçün istifadə ediləcək Material Kodunu təyin edin.
Select an Item Group for the Clinical Procedure Item.,Kliniki Prosedur Materialı üçün bir Material Qrupu seçin.
Clinical Procedure Rate,Kliniki Prosedur Qiyməti
Check this if the Clinical Procedure is billable and also set the rate.,Kliniki Prosedur ödənişlidirsə bunu işarələyin və qiyməti təyin edin.
Check this if the Clinical Procedure utilises consumables. Click,Kliniki Prosedur istehlak mallarından istifadə edirsə bunu işarələyin. Klikləyin
to know more,daha çox öyrənmək üçün
"You can also set the Medical Department for the template. After saving the document, an Item will automatically be created for billing this Clinical Procedure. You can then use this template while creating Clinical Procedures for Patients. Templates save you from filling up redundant data every single time. You can also create templates for other operations like Lab Tests, Therapy Sessions, etc.","Şablon üçün Tibbi Şöbəni də təyin edə bilərsiniz. Sənədi yadda saxladıqdan sonra, bu Kliniki Proseduru faturalandırmaq üçün avtomatik olaraq bir Material yaradılacaq. Daha sonra bu şablonu Pasiyentlər üçün Kliniki Prosedurlar yaradarkən istifadə edə bilərsiniz. Şablonlar sizi hər dəfə lazmsız məlumatları doldurmaqdan xilas edir. Həmçinin Laboratoriya Testləri, Terapiya Seansları və s. kimi digər əməliyyatlar üçün də şablonlar yarada bilərsiniz."
Descriptive Test Result,Təsviri Test Nəticəsi
Allow Blank,Boşluğa İcazə Ver
Descriptive Test Template,Təsviri Test Şablonu
"If you want to track Payroll and other HRMS operations for a Practitoner, create an Employee and link it here.","Bir Tibb İşçisi üçün Əmək Haqqı və digər İR (HRMS) əməliyyatlarını izləmək istəyirsinizsə, bir İşçi yaradın və onu burada əlaqələndirin."
Set the Practitioner Schedule you just created. This will be used while booking appointments,"İndi yaratdığınız Tibb İşçisi Cədvəlini təyin edin. Bu, randevuları rezerv edərkən istifadə olunacaq."
Create a service item for Out Patient Consulting.,Ambulator Konsultasiya üçün xidmət materialı yaradın.
"If this Healthcare Practitioner works for the In-Patient Department, create a service item for Inpatient Visits.","Əgər bu Tibb İşçisi Stasionar Şöbədə işləyirsə, Stasionar Ziyarətlər üçün xidmət materialı yaradın."
Set the Out Patient Consulting Charge for this Practitioner.,Bu Tibb İşçisi üçün Ambulator Konsultasiya Qiymətini təyin edin.
"If this Healthcare Practitioner also works for the In-Patient Department, set the inpatient visit charge for this Practitioner.","Əgər bu Tibb İşçisi həmçinin Stasionar Şöbədə işləyirsə, bu Tibb İşçisi üçün stasionar ziyarət qiymətini təyin edin."
"If checked, a customer will be created for every Patient. Patient Invoices will be created against this Customer. You can also select existing Customer while creating a Patient. This field is checked by default.","İşarələnərsə, hər Pasiyent üçün bir müştəri yaradılacaq. Pasiyent Fakturaları bu Müştəriyə qarşı yaradılacaq. Pasiyent yaradarkən mövcud Müştərini də seçə bilərsiniz. Bu sahə standart olaraq işarələnmişdir."
Collect Registration Fee,Qeydiyyat Haqqını Yığın
"If your Healthcare facility bills registrations of Patients, you can check this and set the Registration Fee in the field below. Checking this will create new Patients with a Disabled status by default and will only be enabled after invoicing the Registration Fee.","Əgər Səhiyyə müəssisəniz Pasiyentlərin qeydiyyatını faturalandırırsa, bunu işarələyə və aşağıdakı sahədə Qeydiyyat Haqqını təyin edə bilərsiniz. Bunun işarələnməsi, yeni Pasiyentləri standart olaraq Deaktiv statusu ilə yaradacaq və yalnız Qeydiyyat Haqqı faturalandırıldıqdan sonra aktivləşdiriləcək."
Checking this will automatically create a Sales Invoice whenever an appointment is booked for a Patient,"Bunun işarələnməsi, Pasiyent üçün randevu rezerv edildikdə avtomatik olaraq Satış Fakturası yaradacaq."
Healthcare Service Items,Səhiyyə Xidməti Materialları
"You can create a service item for Inpatient Visit Charge and set it here. Similarly, you can set up other Healthcare Service Items for billing in this section. Click","Stasionar Ziyarət Qiyməti üçün xidmət materialı yarada və burada təyin edə bilərsiniz. Oxşar şəkildə, bu bölmədə faturalandırma üçün digər Səhiyyə Xidməti Materiallarını quraşdıra bilərsiniz. Klikləyin"
Set up default Accounts for the Healthcare Facility,Səhiyyə Müəssisəsi üçün standart Hesabları quraşdırın
"If you wish to override default accounts settings and configure the Income and Receivable accounts for Healthcare, you can do so here.","Standart hesab parametrlərini ləğv etmək və Səhiyyə üçün Gəlir və Debitor hesablarını konfiqurasiya etmək istəyirsinizsə, bunu burada edə bilərsiniz."
Out Patient SMS alerts,Ambulator SMS xəbərdarlıqları
"If you want to send SMS alert on Patient Registration, you can enable this option. Similary, you can set up Out Patient SMS alerts for other functionalities in this section. Click","Pasiyent Qeydiyyatı zamanı SMS xəbərdarlığı göndərmək istəyirsinizsə, bu seçimi aktivləşdirə bilərsiniz. Oxşar şəkildə, bu bölmədə digər funksiyalar üçün Ambulator SMS xəbərdarlıqlarını quraşdıra bilərsiniz. Klikləyin"
Admission Order Details,Qəbul Sifarişi Təfərrüatları
Admission Ordered For,Qəbul Sifarişi Kimin Üçün
Expected Length of Stay,Gözlənilən Qalma Müddəti
Admission Service Unit Type,Qəbul Xidmət Bölməsinin Növü
Healthcare Practitioner (Primary),Tibb İşçisi (Əsas)
Healthcare Practitioner (Secondary),Tibb İşçisi (İkinci)
Admission Instruction,Qəbul Təlimatı
Chief Complaint,Əsas Şikayət
Medications,Dərmanlar
Investigations,Müayinələr
Discharge Detials,Çıxış Təfərrüatları
Discharge Ordered Date,Çıxış Sifarişi Tarixi
Discharge Instructions,Çıxış Təlimatları
Follow Up Date,Növbəti Müayinə Tarixi
Discharge Notes,Çıxış Qeydləri
Processing Inpatient Discharge,Stasionar Çıxışı Emal Edilir
Processing Patient Admission,Pasiyent Qəbulu Emal Edilir
Check-in time cannot be greater than the current time,Qeydiyyat vaxtı cari vaxtdan böyük ola bilməz
Process Transfer,Transferi Həyata Keçir
Expected Result Date,Gözlənilən Nəticə Tarixi
Expected Result Time,Gözlənilən Nəticə Vaxtı
Printed on,Çap edilib
Requesting Practitioner,Tələb edən Tibb İşçisi
Requesting Department,Tələb edən Şöbə
Employee (Lab Technician),İşçi (Laborant)
Lab Technician Name,Laborant Adı
Lab Technician Designation,Laborant Vəzifəsi
Compound Test Result,Mürəkkəb Test Nəticəsi
Organism Test Result,Orqanizm Test Nəticəsi
Sensitivity Test Result,Həssaslıq Test Nəticəsi
Worksheet Print,İş Vərəqi Çapı
Worksheet Instructions,İş Vərəqi Təlimatları
Result Legend Print,Nəticə Legenda Çapı
Print Position,Çap Mövqeyi
Both,Hər ikisi
Result Legend,Nəticə Legendası
Lab Tests,Laboratoriya Testləri
No Lab Tests found for the Patient {0},Pasiyent {0} üçün Laboratoriya Testi tapılmadı
"Did not send SMS, missing patient mobile number or message content.","SMS göndərilmədi, pasiyent mobil nömrəsi və ya mesaj mətni çatışmır."
No Lab Tests created,Laboratoriya Testi yaradılmadı
Creating Lab Tests...,Laboratoriya Testləri yaradılır...
Lab Test Group Template,Laboratoriya Test Qrupu Şablonu
Add New Line,Yeni Sətir Əlavə et
Secondary UOM,İkinci Ölçü Vahidi
"<b>Single</b>: Results which require only a single input.\n<br>\n<b>Compound</b>: Results which require multiple event inputs.\n<br>\n<b>Descriptive</b>: Tests which have multiple result components with manual result entry.\n<br>\n<b>Grouped</b>: Test templates which are a group of other test templates.\n<br>\n<b>No Result</b>: Tests with no results, can be ordered and billed but no Lab Test will be created. e.g.. Sub Tests for Grouped results","<b>Tək</b>: Yalnız bir giriş tələb edən nəticələr.\n<br>\n<b>Mürəkkəb</b>: Çoxsaylı hadisə girişləri tələb edən nəticələr.\n<br>\n<b>Təsviri</b>: Əl ilə nəticə daxil edilməsi ilə çoxsaylı nəticə komponentlərinə malik testlər.\n<br>\n<b>Qruplaşdırılmış</b>: Digər test şablonlarının qrupu olan test şablonları.\n<br>\n<b>Nəticə Yoxdur</b>: Nəticəsi olmayan testlər, sifariş edilə və faturalandırıla bilər, lakin heç bir Laboratoriya Testi yaradılmayacaq. məs. Qruplaşdırılmış nəticələr üçün Alt Testlər"
"If unchecked, the item will not be available in Sales Invoices for billing but can be used in group test creation.","İşarələnməsə, material faturalandırma üçün Satış Fakturalarında mövcud olmayacaq, lakin qrup test yaradılmasında istifadə edilə bilər."
Description,Təsvir
Descriptive Test,Təsviri Test
Group Tests,Qrup Testləri
Instructions to be printed on the worksheet,İş vərəqində çap ediləcək təlimatlar
"Information to help easily interpret the test report, will be printed as part of the Lab Test result.","Test hesabatını asanlıqla şərh etməyə kömək edəcək məlumat, Laboratoriya Testi nəticəsinin bir hissəsi kimi çap ediləcək."
Normal Test Result,Normal Test Nəticəsi
Secondary UOM Result,İkinci Ölçü Vahidi Nəticəsi
Italic,Kursiv
Underline,Alt xətt
Organism,Orqanizm
Organism Test Item,Orqanizm Test Materialı
Colony Population,Koloniya Populyasiyası
Colony UOM,Koloniya Ölçü Vahidi
Tobacco Consumption (Past),Tütün İstifadəsi (Keçmişdə)
Tobacco Consumption (Present),Tütün İstifadəsi (İndi)
Alcohol Consumption (Past),Alkoqol İstifadəsi (Keçmişdə)
Alcohol Consumption (Present),Alkoqol İstifadəsi (İndi)
Billing Item,Faturalandırma Materialı
Medical Codes,Tibbi Kodlar
Clinical Procedures,Klinik Prosedurlar
Order Admission,Qəbul Sifarişi
Scheduling Patient Admission,Pasiyent Qəbulunun Planlaşdırılması
Order Discharge,Çıxış Sifarişi
Sample Details,Nümunə Təfərrüatları
Collected On,Toplanıb
No. of prints,Çap sayı
Number of prints required for labelling the samples,Nümunələrin etiketlənməsi üçün tələb olunan çap sayı
Payroll Cost Center,Ödəniş Vərəqi Xərc Mərkəzi
Approvers,Təsdiq edənlər
The first Approver in the list will be set as the default Approver.,Siyahıdakı ilk Təsdiq edən şəxs, standart Təsdiq edən kimi təyin ediləcək.
Shift Request Approver,Növbə Tələbini Təsdiqləyən
Provident Fund Account,Ehtiyat Fondu Hesabı
MICR Code,MICR Kodu
Repay unclaimed amount from salary,Tələb olunmayan məbləği maaşdan geri ödəmək
Deduction from salary,Maaşdan tutulma
If this is not checked the loan by default will be considered as a Demand Loan,Bu işarələnməsə, borc standart olaraq Tələbli Borc kimi qəbul ediləcək
This account is used for booking loan repayments from the borrower and also disbursing loans to the borrower,"Bu hesab borcalandan borc ödənişlərini qeyd etmək və həmçinin borcalana borc vermək üçün istifadə olunur"
This account is capital account which is used to allocate capital for loan disbursal account,"Bu hesab, borc vermə hesabı üçün kapital ayırmaq üçün istifadə olunan kapital hesabıdır"
This account will be used for booking loan interest accruals,Bu hesab borc faizi hesablamalarını qeyd etmək üçün istifadə olunacaq
This account will be used for booking penalties levied due to delayed repayments,Bu hesab gecikmiş ödənişlərə görə tətbiq olunan cərimələri qeyd etmək üçün istifadə olunacaq
Variant BOM,Variant Resepti (BOM)
Template Item,Şablon Material
Select template item,Şablon materialı seçin
Select variant item code for the template item {0},Şablon material {0} üçün variant material kodunu seçin
Downtime Entry,Fasilə Girişi
Workstation / Machine,İş Stansiyası / Maşın
Operator,Operator
In Mins,Dəqiqələrlə
Downtime Reason,Fasilə Səbəbi
Stop Reason,Dayanma Səbəbi
Excessive machine set up time,Həddindən artıq maşın quraşdırma vaxtı
Unplanned machine maintenance,Planlaşdırılmamış maşın təmiri
On-machine press checks,Maşın üzərində pres yoxlamaları
Machine operator errors,Maşın operatoru səhvləri
Machine malfunction,Maşın nasazlığı
Electricity down,Elektrik kəsilməsi
Operation Row Number,Əməliyyat Sətir Nömrəsi
Operation {0} added multiple times in the work order {1},Əməliyyat {0} iş sifarişində {1} bir neçə dəfə əlavə edildi
"If ticked, multiple materials can be used for a single Work Order. This is useful if one or more time consuming products are being manufactured.","İşarələnməsə, tək bir İş Sifarişi üçün bir neçə material istifadə edilə bilər. Bu, bir və ya daha çox vaxt aparan məhsul istehsal edildikdə faydalıdır."
Backflush Raw Materials,Xammalların Silinməsi (Backflush)
"The Stock Entry of type 'Manufacture' is known as backflush. Raw materials being consumed to manufacture finished goods is known as backflushing. <br><br> When creating Manufacture Entry, raw-material items are backflushed based on BOM of production item. If you want raw-material items to be backflushed based on Material Transfer entry made against that Work Order instead, then you can set it under this field.","'İstehsal' tipli Stok Girişi backflush (silinmə) kimi tanınır. Hazır məhsulların istehsalı üçün istehlak edilən xammallar backflushing adlanır. <br><br> İstehsal Girişi yaradarkən, xammal materialları istehsal olunan məhsulun Reseptinə (BOM) əsasən silinir.Əgər xammal materiallarının həmin İş Sifarişinə qarşı edilən Material Transferi girişinə əsasən silinməsini istəyirsinizsə, bunu bu sahədə təyin edə bilərsiniz."
Work In Progress Warehouse,Yarımçıq İstehsalat Anbarı
This Warehouse will be auto-updated in the Work In Progress Warehouse field of Work Orders.,Bu Anbar İş Sifarişlərinin Yarımçıq İstehsalat Anbarı sahəsində avtomatik yenilənəcək.
Finished Goods Warehouse,Hazır Məhsul Anbarı
This Warehouse will be auto-updated in the Target Warehouse field of Work Order.,Bu Anbar İş Sifarişinin Hədəf Anbarı sahəsində avtomatik yenilənəcək.
"If ticked, the BOM cost will be automatically updated based on Valuation Rate / Price List Rate / last purchase rate of raw materials.","İşarələnməsə, Resept (BOM) dəyəri xammalların Qiymətləndirmə Dəyəri / Qiymət Cədvəli Qiyməti / son satınalma qiymətinə əsasən avtomatik yenilənəcək."
Source Warehouses (Optional),Mənbə Anbarları (İstəyə bağlı)
"System will pickup the materials from the selected warehouses. If not specified, system will create material request for purchase.","Sistem materialları seçilmiş anbarlardan götürəcək. Göstərilməzsə, sistem satınalma üçün material tələbi yaradacaq."
Lead Time,Çatdırılma Müddəti
PAN Details,PAN Təfərrüatları
Create Customer,Müştəri Yarat
Invoicing,Fakturalandırma
Enable Auto Invoicing,Avto Fakturalandırmanı Aktiv et
Send Membership Acknowledgement,Üzvlük Təsdiqi Göndər
Send Invoice with Email,Fakturanı E-poçtla Göndər
Membership Print Format,Üzvlük Çap Formatı
Invoice Print Format,Faktura Çap Formatı
Revoke <Key></Key>,Ləğv et <Key></Key>
You can learn more about memberships in the manual.,Üzvlük haqqında daha ətraflı təlimatda öyrənə bilərsiniz.
ERPNext Docs,ERPNext Sənədləri
Regenerate Webhook Secret,Webhook Məxviliyini Yenidən Yarat
Generate Webhook Secret,Webhook Məxviliyi Yarat
Copy Webhook URL,Webhook URL-ni Kopyala
Linked Item,Əlaqəli Material
Feedback By,Rəy Bildirən
Manufacturing Section,İstehsalat Bölməsi
"By default, the Customer Name is set as per the Full Name entered. If you want Customers to be named by a","Standart olaraq, Müştəri Adı daxil edilmiş Tam Ada uyğun təyin edilir. Əgər Müştərilərin başqa cür adlandırılmasını istəyirsinizsə"
Configure the default Price List when creating a new Sales transaction. Item prices will be fetched from this Price List,"Yeni Satış əməliyyatı yaradarkən standart Qiymət Cədvəlini konfiqurasiya edin. Material qiymətləri bu Qiymət Cədvəlindən götürüləcək."
"If this option is configured 'Yes', ERPNext will prevent you from creating a Sales Invoice or Delivery Note without creating a Sales Order first. This configuration can be overridden for a particular Customer by enabling the 'Allow Sales Invoice Creation Without Sales Order' checkbox in the Customer master.","Bu seçim 'Bəli' kimi konfiqurasiya edilərsə, ERPNext əvvəlcə Satış Sifarişi yaratmadan Satış Fakturası və ya Çatdırılma Qaiməsi yaratmağınızın qarşısını alacaq. Bu konfiqurasiya, Müştəri kartında 'Satış Sifarişi Olmadan Satış Fakturası Yaradılmasına İcazə Ver' qutusunu işarələməklə konkret Müştəri üçün ləğv edilə bilər."
"If this option is configured 'Yes', ERPNext will prevent you from creating a Sales Invoice without creating a Delivery Note first. This configuration can be overridden for a particular Customer by enabling the 'Allow Sales Invoice Creation Without Delivery Note' checkbox in the Customer master.","Bu seçim 'Bəli' kimi konfiqurasiya edilərsə, ERPNext əvvəlcə Çatdırılma Qaiməsi yaratmadan Satış Fakturası yaratmağınızın qarşısını alacaq. Bu konfiqurasiya, Müştəri kartında 'Çatdırılma Qaiməsi Olmadan Satış Fakturası Yaradılmasına İcazə Ver' qutusunu işarələməklə konkret Müştəri üçün ləğv edilə bilər."
Default Warehouse for Sales Return,Satış Qaytarmaları üçün Əsas Anbar
Default In Transit Warehouse,Əsas Transit Anbarı
Enable Perpetual Inventory For Non Stock Items,Stok Olmayan Məhsullar üçün Daimi İnventarizasiyanı Aktivləşdir
HRA Settings,HRA Parametrləri
Basic Component,Əsas Komponent
HRA Component,HRA Komponenti
Arrear Component,Borc Komponenti
Please enter the company name to confirm,Təsdiqləmək üçün zəhmət olmasa şirkət adını daxil edin
Quotation Lost Reason Detail,Kotirovkanın İtirilmə Səbəbi Təfərrüatı
Enable Variants,Variantları Aktivləşdir
Save Quotations as Draft,Kotirovkaları Qaralama kimi Saxla
Please Select a Customer,Zəhmət olmasa bir Müştəri Seçin
Against Delivery Note Item,Çatdırılma Qaiməsi Materialına Qarşı
Is Non GST,Qeyri-GST-dir
Image Description,Şəkil Təsviri
Transfer Status,Transfer Statusu
Track this Purchase Receipt against any Project,Bu Satınalma Qəbzini hər hansı bir Layihəyə qarşı izlə
Please Select a Supplier,Zəhmət olmasa bir Təchizatçı Seçin
Add to Transit,Transite Əlavə et
Set Basic Rate Manually,Əsas Qiyməti Əl ilə Təyin et
"By default, the Item Name is set as per the Item Code entered. If you want Items to be named by a","Standart olaraq, Material Adı daxil edilmiş Material Koduna uyğun təyin edilir. Əgər Materialların başqa cür adlandırılmasını istəyirsinizsə"
Set a Default Warehouse for Inventory Transactions. This will be fetched into the Default Warehouse in the Item master.,İnventar Əməliyyatları üçün Əsas Anbar təyin edin. Bu, Material kartındakı Əsas Anbar sahəsinə gətiriləcək.
"This will allow stock items to be displayed in negative values. Using this option depends on your use case. With this option unchecked, the system warns before obstructing a transaction that is causing negative stock.","Bu, stok materiallarının mənfi dəyərlərdə göstərilməsinə icazə verəcək. Bu seçimdən istifadə istifadə halınızdan asılıdır. Bu seçim işarələnmədikdə, sistem mənfi stoka səbəb olan əməliyyatı əngəlləməzdən əvvəl xəbərdarlıq edir."
Choose between FIFO and Moving Average Valuation Methods. Click,FIFO və Hərəkətli Orta Qiymətləndirmə Metodları arasında seçim edin. Klikləyin
to know more about them.,onlar haqqında daha çox öyrənmək üçün.
Show 'Scan Barcode' field above every child table to insert Items with ease.,Materialları asanlıqla daxil etmək üçün hər alt cədvəlin üzərində 'Barkodu Skan Et' sahəsini göstər.
"Serial numbers for stock will be set automatically based on the Items entered based on first in first out in transactions like Purchase/Sales Invoices, Delivery Notes, etc.","Stok üçün seriya nömrələri, Satınalma/Satış Fakturaları, Çatdırılma Qaimələri və s. kimi əməliyyatlarda daxil edilən Materiallara əsasən ilk girən ilk çıxar prinsipi ilə avtomatik təyin ediləcək."
"If blank, parent Warehouse Account or company default will be considered in transactions","Boşdursa, əməliyyatlarda ana Anbar Hesabı və ya şirkət standartı nəzərə alınacaq"
Service Level Agreement Details,Xidmət Səviyyəsi Müqaviləsi Təfərrüatları
Service Level Agreement Status,Xidmət Səviyyəsi Müqaviləsi Statusu
On Hold Since,Bu tarixdən Gözləmədədir
Total Hold Time,Ümumi Gözləmə Vaxtı
Response Details,Cavab Təfərrüatları
Average Response Time,Orta Cavab Vaxtı
User Resolution Time,İstifadəçi Həll Vaxtı
SLA is on hold since {0},SLA {0} tarixindən gözləmədədir
Pause SLA On Status,SLA-nı Statusda dayandır
Pause SLA On,SLA-nı dayandır
Greetings Section,Salamlama Bölməsi
Greeting Title,Salamlama Başlığı
Greeting Subtitle,Salamlama Alt Başlığı
Youtube ID,Youtube ID
Youtube Statistics,Youtube Statistikası
Views,Baxışlar
Dislikes,Bəyənməmələr
Video Settings,Video Parametrləri
Enable YouTube Tracking,YouTube İzləməni Aktiv et
30 mins,30 dəq
1 hr,1 saat
6 hrs,6 saat
Patient Progress,Pasiyent İrəliləyişi
Targetted,Hədəflənən
Score Obtained,Əldə Edilən Xal
Sessions,Seanslar
Average Score,Orta Xal
Select Assessment Template,Qiymətləndirmə Şablonunu Seçin
out of,bunlardan
Select Assessment Parameter,Qiymətləndirmə Parametrini Seçin
Gender:,Cins:
Contact:,Əlaqə:
Total Therapy Sessions:,Ümumi Terapiya Seansları:
Monthly Therapy Sessions:,Aylıq Terapiya Seansları:
Patient Profile,Pasiyent Profili
Point Of Sale,Satış Nöqtəsi (POS)
Email sent successfully.,E-poçt uğurla göndərildi.
Search by invoice id or customer name,Faktura ID və ya müştəri adı ilə axtarın
Invoice Status,Faktura Statusu
Filter by invoice status,Faktura statusuna görə filtrləyin
Select item group,Material qrupunu seçin
No items found. Scan barcode again.,Material tapılmadı. Barkodu yenidən skan edin.
"Search by customer name, phone, email.","Müştəri adı, telefon, e-poçt ilə axtarın."
Enter discount percentage.,Endirim faizini daxil edin.
Discount cannot be greater than 100%,Endirim 100%-dən çox ola bilməz
Enter customer's email,Müştərinin e-poçtunu daxil edin
Enter customer's phone number,Müştərinin telefon nömrəsini daxil edin
Customer contact updated successfully.,Müştəri əlaqəsi uğurla yeniləndi.
Item will be removed since no serial / batch no selected.,Seriya / partiya nömrəsi seçilmədiyi üçün material silinəcək.
Discount (%),Endirim (%)
You cannot submit the order without payment.,Sifarişi ödənişsiz təsdiq edə bilməzsiniz.
You cannot submit empty order.,Boş sifarişi təsdiq edə bilməzsiniz.
To Be Paid,Ödəniləcək
Create POS Opening Entry,POS Açılış Girişi Yarat
Please add Mode of payments and opening balance details.,Zəhmət olmasa Ödəniş üsullarını və açılış balansı təfərrüatlarını əlavə edin.
Toggle Recent Orders,Son Sifarişləri Aç/Bağla
Save as Draft,Qaralama kimi Saxla
You must add atleast one item to save it as draft.,Qaralama kimi saxlamaq üçün ən azı bir material əlavə etməlisiniz.
There was an error saving the document.,Sənəd yadda saxlanılarkən xəta baş verdi.
You must select a customer before adding an item.,Material əlavə etməzdən əvvəl bir müştəri seçməlisiniz.
Please Select a Company,Zəhmət olmasa bir Şirkət Seçin
Active Leads,Aktiv Potensial Müştərilər
Please Select a Company.,Zəhmət olmasa bir Şirkət Seçin.
BOM Operations Time,BOM Əməliyyat Vaxtı
BOM ID,BOM ID
BOM Item Code,BOM Material Kodu
Time (In Mins),Vaxt (Dəqiqə ilə)
Sub-assembly BOM Count,Alt montaj BOM Sayı
View Type,Görünüş Növü
Total Delivered Amount,Ümumi Çatdırılan Məbləğ
Downtime Analysis,Fasilə Təhlili
Machine,Maşın
Downtime (In Hours),Fasilə (Saatla)
Employee Analytics,İşçi Analitikası
""From date"" can not be greater than or equal to ""To date""",""Başlanğıc tarixi"" ""Bitmə tarixi""ndən böyük və ya bərabər ola bilməz"
Exponential Smoothing Forecasting,Eksponensial Hamarlaşdırma Proqnozlaşdırması
First Response Time for Issues,Problemlər üçün İlk Cavab Vaxtı
First Response Time for Opportunity,Fürsət üçün İlk Cavab Vaxtı
Depreciatied Amount,Amortizasiya Məbləği
Period Based On,Dövr Əsası
Date Based On,Tarix Əsası
{0} and {1} are mandatory,{0} və {1} məcburidir
Consider Accounting Dimensions,Uçot Xüsusiyyətlərini Nəzərə Al
Reserved Quantity for Production,İstehsal üçün Rezerv Edilmiş Miqdar
Projected Quantity,Proqnozlaşdırılan Miqdar
Total Sales Amount,Ümumi Satış Məbləği
Job Card Summary,İş Kartı Xülasəsi
Time Required (In Mins),Tələb Olunan Vaxt (Dəqiqə ilə)
From Posting Date,Qeyd Tarixindən
To Posting Date,Qeyd Tarixinə
No records found,Qeyd tapılmadı
Customer/Lead Name,Müştəri/Potensial Müştəri Adı
Production Planning Report,İstehsal Planlaşdırma Hesabatı
Order Qty,Sifariş Miqdarı
Raw Material Code,Xammal Kodu
Raw Material Name,Xammal Adı
Allotted Qty,Ayrılmış Miqdar
Expected Arrival Date,Gözlənilən Çatdırılma Tarixi
Arrival Quantity,Çatdırılma Miqdarı
Raw Material Warehouse,Xammal Anbarı
Order By,Sifariş Verən
Include Sub-assembly Raw Materials,Alt montaj Xammallarını daxil et
Program wise Fee Collection,Proqram üzrə Ödəniş Yığımı
Fees Collected,Yığılan Ödənişlər
Project Summary,Layihə Xülasəsi
Total Tasks,Ümumi Tapşırıqlar
Tasks Completed,Tamamlanmış Tapşırıqlar
Tasks Overdue,Gecikmiş Tapşırıqlar
Completion,Tamamlanma
Purchase Order Analysis,Satınalma Sifarişi Təhlili
From and To Dates are required.,Başlanğıc və Bitmə Tarixləri tələb olunur.
To Date cannot be before From Date.,Bitmə Tarixi Başlanğıc Tarixindən əvvəl ola bilməz.
Qty to Bill,Faturalandırılacaq Miqdar
Group by Purchase Order,Satınalma Sifarişi üzrə Qruplaşdır
Purchase Value,Satınalma Dəyəri
Total Received Amount,Ümumi Qəbul Edilən Məbləğ
Quality Inspection Summary,Keyfiyyət Yoxlama Xülasəsi
Quoted Amount,Təklif Edilən Məbləğ
Lead Time (Days),Çatdırılma Müddəti (Gün)
Include Expired,Vaxtı Keçənləri Daxil Et
Requested Items to Order and Receive,Sifariş və Qəbul üçün Tələb Olunan Materiallar
Sales Order Analysis,Satış Sifarişi Təhlili
Amount Delivered,Çatdırılan Məbləğ
Delay (in Days),Gecikmə (Günlərlə)
Group by Sales Order,Satış Sifarişi üzrə Qruplaşdır
Sales Value,Satış Dəyəri
Stock Qty vs Serial No Count,Stok Miqdarı vs Seriya Nömrə Sayı
Serial No Count,Seriya Nömrə Sayı
Work Order Summary,İş Sifarişi Xülasəsi
Produce Qty,İstehsal Miqdarı
Lead Time (in mins),Çatdırılma Müddəti (dəqiqə ilə)
Charts Based On,Qrafiklər Əsaslanır
YouTube Interactions,YouTube Qarşılıqlı Əlaqələri
Published Date,Dərc Olunma Tarixi
Barnch,Filial
Select a Company,Bir Şirkət Seçin
Opportunity {0} created,Fürsət {0} yaradıldı
Kindly select the company first,Zəhmət olmasa əvvəlcə şirkəti seçin
Please enter From Date and To Date to generate JSON,JSON yaratmaq üçün zəhmət olmasa Başlanğıc Tarixi və Bitmə Tarixini daxil edin
Download DATEV File,DATEV Faylını Yüklə
Numero has not set in the XML file,Numero XML faylında təyin edilməyib
Inward Supplies(liable to reverse charge),Daxil olan Təchizatlar (əks yüklənməyə məruz qalır)
This is based on the course schedules of this Instructor,Bu, bu Təlimatçının kurs cədvəllərinə əsaslanır
Course and Assessment,Kurs və Qiymətləndirmə
Course {0} has been added to all the selected programs successfully.,Kurs {0} bütün seçilmiş proqramlara uğurla əlavə edildi.
Programs updated,Proqramlar yeniləndi
Program and Course,Proqram və Kurs
{0} or {1} is mandatory,{0} və ya {1} məcburidir
Mandatory Fields,Məcburi Sahələr
Student {0}: {1} does not belong to Student Group {2},Tələbə {0}: {1} Tələbə Qrupu {2}-yə aid deyil
Student Attendance record {0} already exists against the Student {1},Tələbə {1} üçün Tələbə Davamiyyət qeydi {0} artıq mövcuddur
Course and Fee,Kurs və Ödəniş
Not eligible for the admission in this program as per Date Of Birth,Doğum Tarixinə görə bu proqrama qəbul üçün uyğun deyil
Topic {0} has been added to all the selected courses successfully.,Mövzu {0} bütün seçilmiş kurslara uğurla əlavə edildi.
Courses updated,Kurslar yeniləndi
{0} {1} has been added to all the selected topics successfully.,{0} {1} bütün seçilmiş mövzulara uğurla əlavə edildi.
Topics updated,Mövzular yeniləndi
Academic Term and Program,Akademik Dövr və Proqram
Please remove this item and try to submit again or update the posting time.,Zəhmət olmasa bu materialı silin və yenidən təsdiq etməyə çalışın və ya qeyd vaxtını yeniləyin.
Failed to Authenticate the API key.,API açarını təsdiqləmək mümkün olmadı.
Invalid Credentials,Yanlış Giriş Məlumatları
URL can only be a string,URL yalnız mətn ola bilər
"Here is your webhook secret, this will be shown to you only once.","Budur webhook məxviliyiniz, bu sizə yalnız bir dəfə göstəriləcək."
The payment for this membership is not paid. To generate invoice fill the payment details,Bu üzvlük üçün ödəniş edilməyib. Faktura yaratmaq üçün ödəniş təfərrüatlarını doldurun
An invoice is already linked to this document,Bu sənədə artıq bir faktura əlaqələndirilib
No customer linked to member {},Üzv {} ilə heç bir müştəri əlaqələndirilməyib
You need to set <b>Debit Account</b> in Membership Settings,Üzvlük Parametrlərində <b>Debet Hesabı</b> təyin etməlisiniz
You need to set <b>Default Company</b> for invoicing in Membership Settings,Üzvlük Parametrlərində fakturalandırma üçün <b>Əsas Şirkət</b> təyin etməlisiniz
You need to enable <b>Send Acknowledge Email</b> in Membership Settings,Üzvlük Parametrlərində <b>Təsdiq E-poçtu Göndər</b> seçimini aktiv etməlisiniz
Error creating membership entry for {0},{0} üçün üzvlük girişi yaradılarkən xəta baş verdi
A customer is already linked to this Member,Bu Üzvə artıq bir müştəri əlaqələndirilib
End Date must not be lesser than Start Date,Bitmə Tarixi Başlanğıc Tarixindən kiçik olmamalıdır
Employee {0} already has Active Shift {1}: {2},İşçi {0} artıq Aktiv Növbəyə {1} malikdir: {2}
from {0},{0}-dan
to {0},{0}-a qədər
Please set {0} for the Employee or for Department: {1},Zəhmət olmasa İşçi və ya Şöbə {1} üçün {0} təyin edin
Employee Onboarding: {0} is already for Job Applicant: {1},İşçi İşə Qəbulu: {0} artıq İşə Müraciət Edən {1} üçündür
Asset Value Analytics,Aktiv Dəyər Analitikası
Category-wise Asset Value,Kateqoriya üzrə Aktiv Dəyəri
Total Assets,Ümumi Aktivlər
New Assets (This Year),Yeni Aktivlər (Bu İl)
Row #{}: Depreciation Posting Date should not be equal to Available for Use Date.,Sətir #{}: Amortizasiya Qeyd Tarixi İstifadəyə Yararlılıq Tarixinə bərabər olmamalıdır.
Incorrect Date,Yanlış Tarix
Invalid Gross Purchase Amount,Yanlış Ümumi Satınalma Məbləği
There are active maintenance or repairs against the asset. You must complete all of them before cancelling the asset.,Aktivə qarşı aktiv texniki xidmət və ya təmir işləri var. Aktivi ləğv etməzdən əvvəl onların hamısını tamamlamalısınız.
% Complete,% Tamamlandı
Back to Course,Kursa Qayıt
Finish Topic,Mövzunu Bitir
Mins,Dəq
by,tərəfindən
Back to,Geri qayıt
Enrolling...,Qeydiyyatdan keçirilir...
You have successfully enrolled for the program,Siz proqrama uğurla qeydiyyatdan keçdiniz
Enrolled,Qeydiyyatdan keçdi
Watch Intro,Girişə Bax
We're here to help!,Biz kömək etmək üçün buradayıq!
Frequently Read Articles,Tez-tez Oxunan Məqalələr
Please set a default company address,Zəhmət olmasa əsas şirkət ünvanını təyin edin
{0} is not a valid state! Check for typos or enter the ISO code for your state.,{0} etibarlı bir ştat/region deyil! Səhvləri yoxlayın və ya ştatınızın ISO kodunu daxil edin.
Error occured while parsing Chart of Accounts: Please make sure that no two accounts have the same name,Hesablar Planı təhlil edilərkən xəta baş verdi: Zəhmət olmasa heç bir iki hesabın eyni ada malik olmadığından əmin olun
Plaid invalid request error,Plaid yanlış sorğu xətası
Please check your Plaid client ID and secret values,Zəhmət olmasa Plaid müştəri ID və məxfilik dəyərlərinizi yoxlayın
Bank transaction creation error,Bank əməliyyatı yaratma xətası
Unit of Measurement,Ölçü Vahidi
Fiscal Year {0} Does Not Exist,Maliyyə İli {0} Mövcud Deyil
Row # {0}: Returned Item {1} does not exist in {2} {3},Sətir # {0}: Qaytarılan Material {1}, {2} {3}-də mövcud deyil
Valuation type charges can not be marked as Inclusive,Qiymətləndirmə tipli xərclər Daxil olaraq işarələnə bilməz
Insufficient Permissions,Qeyri-kafi İcazələr
You are not allowed to update as per the conditions set in {} Workflow.,{} İş Axınında təyin olunan şərtlərə uyğun olaraq yeniləməyə icazəniz yoxdur.
Expense Account Missing,Xərc Hesabı Çatışmır
Invalid Value,Yanlış Dəyər
"To still proceed with editing this Attribute Value, enable {0} in Item Variant Settings.","Bu Atribut Dəyərini redaktə etməyə davam etmək üçün Material Variant Parametrlərində {0}-ı aktivləşdirin."
Edit Not Allowed,Redaktəyə İcazə Verilmir
Row #{0}: Item {1} is already fully received in Purchase Order {2},Sətir #{0}: Material {1} artıq Satınalma Sifarişi {2}-də tam qəbul edilib
You cannot create or cancel any accounting entries with in the closed Accounting Period {0},Bağlanmış Mühasibat Dövrü {0} daxilində heç bir mühasibat girişi yarada və ya ləğv edə bilməzsiniz
POS Invoice should have {} field checked.,POS Fakturasında {} sahəsi işarələnməlidir.
Invalid Item,Yanlış Material
Row #{}: You cannot add postive quantities in a return invoice. Please remove item {} to complete the return.,Sətir #{}: Qaytarma fakturasında müsbət miqdarlar əlavə edə bilməzsiniz. Qaytarmanı tamamlamaq üçün zəhmət olmasa {} materialını silin.
The selected change account {} doesn't belongs to Company {}.,Seçilmiş dəyişiklik hesabı {} Şirkət {}-ə aid deyil.
Atleast one invoice has to be selected.,Ən azı bir faktura seçilməlidir.
Payment methods are mandatory. Please add at least one payment method.,Ödəniş üsulları məcburidir. Zəhmət olmasa ən azı bir ödəniş üsulu əlavə edin.
Please select a default mode of payment,Zəhmət olmasa standart ödəniş rejimini seçin
You can only select one mode of payment as default,Standart olaraq yalnız bir ödəniş rejimini seçə bilərsiniz
Missing Account,Hesab Çatışmır
Customers not selected.,Müştərilər seçilməyib.
Statement of Accounts,Hesabların Çıxarışı
Ageing Report Based On,Yaşlandırma Hesabatı Əsası
Please enter distributed cost center,Zəhmət olmasa paylanmış xərc mərkəzini daxil edin
Total percentage allocation for distributed cost center should be equal to 100,Paylanmış xərc mərkəzi üçün ümumi faiz bölgüsü 100-ə bərabər olmalıdır
Cannot enable Distributed Cost Center for a Cost Center already allocated in another Distributed Cost Center,Artıq başqa bir Paylanmış Xərc Mərkəzində ayrılmış Xərc Mərkəzi üçün Paylanmış Xərc Mərkəzini aktivləşdirmək olmaz
Parent Cost Center cannot be added in Distributed Cost Center,Ana Xərc Mərkəzi Paylanmış Xərc Mərkəzinə əlavə edilə bilməz
A Distributed Cost Center cannot be added in the Distributed Cost Center allocation table.,Paylanmış Xərc Mərkəzi Paylanmış Xərc Mərkəzi bölgü cədvəlinə əlavə edilə bilməz.
Cost Center with enabled distributed cost center can not be converted to group,Paylanmış xərc mərkəzi aktiv olan Xərc Mərkəzi qrupa çevrilə bilməz
Cost Center Already Allocated in a Distributed Cost Center cannot be converted to group,Artıq Paylanmış Xərc Mərkəzində Ayrılmış Xərc Mərkəzi qrupa çevrilə bilməz
Trial Period Start date cannot be after Subscription Start Date,Sınaq Müddəti Başlanğıc tarixi Abunəlik Başlanğıc Tarixindən sonra ola bilməz
Subscription End Date must be after {0} as per the subscription plan,Abunəlik Bitmə Tarixi abunə planına uyğun olaraq {0} tarixindən sonra olmalıdır
Subscription End Date is mandatory to follow calendar months,Abunəlik Bitmə Tarixi təqvim aylarını izləmək üçün məcburidir
Row #{}: POS Invoice {} is not against customer {},
Row #{}: POS Invoice {} is not submitted yet,
Row #{}: POS Invoice {} has been {},
No Supplier found for Inter Company Transactions which represents company {0},{0} şirkətini təmsil edən Şirkətlərarası Əməliyyatlar üçün Təchizatçı tapılmadı
No Customer found for Inter Company Transactions which represents company {0},{0} şirkətini təmsil edən Şirkətlərarası Əməliyyatlar üçün Müüştəri tapılmadı
Invalid Period,Yanlış Dövr
Selected POS Opening Entry should be open.,Seçilmiş POS Açılış Girişi açıq olmalıdır.
Invalid Opening Entry,Yanlış Açılış Girişi
Please set a Company,Zəhmət olmasa bir Şirkət təyin edin
"Sorry, this coupon code's validity has not started","Bağışlayın, bu kupon kodunun etibarlılığı başlamayıb"
"Sorry, this coupon code's validity has expired","Bağışlayın, bu kupon kodunun etibarlılıq müddəti bitib"
"Sorry, this coupon code is no longer valid","Bağışlayın, bu kupon kodu artıq etibarlı deyil"
For the 'Apply Rule On Other' condition the field {0} is mandatory,'Qaydanı Digərinə Tətbiq Et' şərti üçün sahə {0} məcburidir
{1} Not in Stock,{1} Stokda Yoxdur
Only {0} in Stock for item {1},Material {1} üçün stokda yalnız {0} var
Please enter a coupon code,Zəhmət olmasa kupon kodunu daxil edin
Please enter a valid coupon code,Zəhmət olmasa düzgün kupon kodunu daxil edin
Invalid Child Procedure,Yanlış Alt Prosedur
Import Italian Supplier Invoice.,İtaliya Təchizatçı Fakturasını İdxal et.
"Valuation Rate for the Item {0}, is required to do accounting entries for {1} {2}.","{0} Materialı üçün Maya Qiyməti, {1} {2} üzrə mühasibat qeydlərini aparmaq üçün tələb olunur."
Here are the options to proceed:,Davam etmək üçün seçimlər bunlardır:
"If the item is transacting as a Zero Valuation Rate item in this entry, please enable 'Allow Zero Valuation Rate' in the {0} Item table.","Əgər material bu girişdə Sıfır Maya Qiyməti ilə əməliyyat olunursa, zəhmət olmasa {0} Material cədvəlində 'Sıfır Maya Qiymətinə İcazə Ver' seçimini aktivləşdirin."
"If not, you can Cancel / Submit this entry","Əks halda, bu girişi Ləğv edə / Təsdiq edə bilərsiniz"
performing either one below:,aşağıdakılardan birini yerinə yetirməklə:
Create an incoming stock transaction for the Item.,Material üçün daxil olan stok əməliyyatı yaradın.
Mention Valuation Rate in the Item master.,Material kartında Maya Qiymətini qeyd edin.
Valuation Rate Missing,Maya Qiyməti Çatışmır
Serial Nos Required,Seriya Nömrələri Tələb Olunur
Quantity Mismatch,Miqdar Uyğunsuzluğu
"Please Restock Items and Update the Pick List to continue. To discontinue, cancel the Pick List.","Davam etmək üçün zəhmət olmasa Materialları yenidən anbara yığın və Mal Seçimi Siyahısını yeniləyin. Dayandırmaq üçün Mal Seçimi Siyahısını ləğv edin."
Out of Stock,Stokda yoxdur
{0} units of Item {1} is not available.,{1} Materialının {0} vahidi mövcud deyil.
Item for row {0} does not match Material Request,{0}-cı sətirdəki Material Material Tələb Qəbzinə uyğun gəlmir
Warehouse for row {0} does not match Material Request,{0}-cı sətirdəki Anbar Material Tələb Qəbzinə uyğun gəlmir
Accounting Entry for Service,Xidmət üçün Mühasibat Qeydi
All items have already been Invoiced/Returned,Bütün materiallar artıq Fakturalanıb/Qaytarılıb
All these items have already been Invoiced/Returned,Bütün bu materiallar artıq Fakturalanıb/Qaytarılıb
Stock Reconciliations,Stok Üzləşdirmələri
Merge not allowed,Birləşdirməyə icazə verilmir
The following deleted attributes exist in Variants but not in the Template. You can either delete the Variants or keep the attribute(s) in template.,Aşağıdakı silinmiş atributlar Variantlarda mövcuddur, lakin Şablonda yoxdur. Siz Variantları silə və ya atribut(lar)ı şablonda saxlaya bilərsiniz.
Variant Items,Variant Materialları
Variant Attribute Error,Variant Atribut Xətası
The serial no {0} does not belong to item {1},{0} seriya nömrəsi {1} materialına aid deyil
There is no batch found against the {0}: {1},{0}: {1} üçün heç bir partiya tapılmadı
Completed Operation,Tamamlanmış Əməliyyat
Work Order Analysis,İş Sifarişi Təhlili
Quality Inspection Analysis,Keyfiyyət Yoxlaması Təhlili
Pending Work Order,Gözləyən İş Sifarişi
Last Month Downtime Analysis,Keçən Ayın Fasilə Təhlili
Work Order Qty Analysis,İş Sifarişi Miqdar Təhlili
Job Card Analysis,İş Kartı Təhlili
Monthly Total Work Orders,Aylıq Ümumi İş Sifarişləri
Monthly Completed Work Orders,Aylıq Tamamlanmış İş Sifarişləri
Ongoing Job Cards,Davam Edən İş Kartları
Monthly Quality Inspections,Aylıq Keyfiyyət Yoxlamaları
(Forecast),(Proqnoz)
Total Demand (Past Data),Ümumi Tələb (Keçmiş Məlumatlar)
Total Forecast (Past Data),Ümumi Proqnoz (Keçmiş Məlumatlar)
Total Forecast (Future Data),Ümumi Proqnoz (Gələcək Məlumatlar)
Based On Document,Sənədə Əsasən
Based On Data ( in years ),Məlumatlara Əsasən (illər üzrə)
Smoothing Constant,Hamarlaşdırma Sabiti
Please fill the Sales Orders table,Zəhmət olmasa Satış Sifarişləri cədvəlini doldurun
Sales Orders Required,Satış Sifarişləri Tələb Olunur
Please fill the Material Requests table,Zəhmət olmasa Material Tələb Qəbzləri cədvəlini doldurun
Material Requests Required,Material Tələb Qəbzləri Tələb Olunur
Items to Manufacture are required to pull the Raw Materials associated with it.,Onunla əlaqəli Xammalları çəkmək üçün İstehsal ediləcək Materiallar tələb olunur.
Items Required,Materiallar Tələb Olunur
Operation {0} does not belong to the work order {1},{0} əməliyyatı {1} iş sifarişinə aid deyil
Print UOM after Quantity,Miqdardan sonra Ölçü Vahidini çap et
Set default {0} account for perpetual inventory for non stock items,Stokda olmayan materiallar üçün daimi inventar üzrə standart {0} hesabı təyin edin
Row #{0}: Child Item should not be a Product Bundle. Please remove Item {1} and Save,Sətir #{0}: Alt Material Məhsul Paketi olmamalıdır. Zəhmət olmasa {1} Materialını silin və Yadda Saxlayın
Credit limit reached for customer {0},{0} müştərisi üçün kredit limiti çatdı
Could not auto create Customer due to the following missing mandatory field(s):,Aşağıdakı çatışmayan məcburi sahə(lər)ə görə Müştəri avtomatik yaradıla bilmədi:
Please create Customer from Lead {0},{0} Potensial Müştərisindən Müştəri yaradın.
Mandatory Missing,Məcburi Sahə Çatışmır
From Date can not be greater than To Date.,Başlama Tarixi Bitmə Tarixindən böyük ola bilməz.
Row #{0}: Please enter the result value for {1},Sətir #{0}: Zəhmət olmasa {1} üçün nəticə dəyərini daxil edin
Mandatory Results,Məcburi Nəticələr
Sales Invoice or Patient Encounter is required to create Lab Tests,Laboratoriya Analizləri yaratmaq üçün Satış Fakturası və ya Pasiyent Qəbulu tələb olunur
Insufficient Data,Məlumat Kifayət Deyil
Lab Test(s) {0} created successfully,Laboratoriya Analiz(lər)i {0} uğurla yaradıldı
Test :,Analiz :
Sample Collection {0} has been created,Nümunə Toplusu {0} yaradıldı
Normal Range:,Normal Aralıq:
Row #{0}: Check Out datetime cannot be less than Check In datetime,Sətir #{0}: Çıxış tarixi və vaxtı Giriş tarixi və vaxtından az ola bilməz
"Missing required details, did not create Inpatient Record","Tələb olunan detallar çatışmır, Stasionar Qeydi yaradılmadı"
Unbilled Invoices,Fakturalanmamış Fakturalar
Standard Selling Rate should be greater than zero.,Standart Satış Qiyməti sıfırdan böyük olmalıdır.
Conversion Factor is mandatory,Çevrilmə Əmsalı məcburidir
Row #{0}: Conversion Factor is mandatory,Sətir #{0}: Çevrilmə Əmsalı məcburidir
Sample Quantity cannot be negative or 0,Nümunə Miqdarı mənfi və ya 0 ola bilməz
Invalid Quantity,Yanlış Miqdar
"Please set defaults for Customer Group, Territory and Selling Price List in Selling Settings","Zəhmət olmasa Satış Parametrlərində Müştəri Qrupu, Ərazi və Satış Qiymət Cədvəli üçün standartları təyin edin"
{0} on {1},{1} tarixində {0}
{0} with {1},{1} ilə {0}
Appointment Confirmation Message Not Sent,Randevu Təsdiq Mesajı Göndərilmədi
"SMS not sent, please check SMS Settings","SMS göndərilmədi, zəhmət olmasa SMS Parametrlərini yoxlayın"
Healthcare Service Unit Type cannot have both {0} and {1},Səhiyyə Xidmət Vahidi Növündə həm {0}, həm də {1} ola bilməz
Healthcare Service Unit Type must allow atleast one among {0} and {1},Səhiyyə Xidmət Vahidi Növü {0} və {1} arasında ən azı birinə icazə verməlidir
Set Response Time and Resolution Time for Priority {0} in row {1}.,{1}-ci sətirdə {0} Prioriteti üçün Cavab Vaxtı və Həll Vaxtını təyin edin.
Response Time for {0} priority in row {1} can't be greater than Resolution Time.,{1}-ci sətirdə {0} prioriteti üçün Cavab Vaxtı Həll Vaxtından böyük ola bilməz.
{0} is not enabled in {1},{0} {1}-də aktiv deyil
Group by Material Request,Material Tələb Qəbzinə görə qruplaşdır
Email Sent to Supplier {0},Təchizatçı {0}-a E-poçt Göndərildi
"The Access to Request for Quotation From Portal is Disabled. To Allow Access, Enable it in Portal Settings.","Portaldan Təklif Qəbzi Tələbinə Giriş Deaktivdir. Girişə İcazə Vermək üçün Portal Parametrlərində onu Aktivləşdirin."
Supplier Quotation {0} Created,Təchizatçı Təklif Qəbzi {0} Yaradıldı
Valid till Date cannot be before Transaction Date,Etibarlılıq Tarixi Əməliyyat Tarixindən əvvəl ola bilməz
Unlink Advance Payment on Cancellation of Order,Sifarişin Ləğvi zamanı Avans Ödənişinin əlaqəsini kəsin
"Simple Python Expression, Example: territory != 'All Territories'","Sadə Python İfadəsi, Məsələn: territory != 'All Territories'"
Sales Contributions and Incentives,Satış Töhfələri və Həvəsləndirmələr
Sourced by Supplier,Təchizatçı tərəfindən qaynaqlanır
Total weightage assigned should be 100%.<br>It is {0},Təyin edilmiş ümumi çəki 100% olmalıdır.<br>Hal-hazırda {0}-dir
Account {0} exists in parent company {1}.,{0} hesabı {1} ana şirkətində mövcuddur.
"To overrule this, enable '{0}' in company {1}","Bunu ləğv etmək üçün {1} şirkətində '{0}' seçimini aktivləşdirin"
Invalid condition expression,Yanlış şərt ifadəsi
Please Select a Company First,Zəhmət olmasa əvvəlcə Şirkət seçin
Please Select Both Company and Party Type First,Zəhmət olmasa əvvəlcə həm Şirkət, həm də Tərəf Növünü seçin
Provide the invoice portion in percent,Faktura hissəsini faizlə daxil edin
Give number of days according to prior selection,Əvvəlki seçimə uyğun günlərin sayını verin
Email Details,E-poçt Detalları
"Select a greeting for the receiver. E.g. Mr., Ms., etc.","Qəbul edən üçün salamlaşma seçin. Məs. Cənab, Xanım və s."
Preview Email,E-poçta Baxış
Please select a Supplier,Zəhmət olmasa Təchizatçı seçin
Supplier Lead Time (days),Təchizatçının Çatdırılma Müddəti (günlər)
"Home, Work, etc.","Ev, İş və s."
Exit Interview Held On,Çıxış Müsahibəsi Keçirildi
Sets 'Target Warehouse' in each row of the Items table.,Materiallar cədvəlinin hər sətrində 'Giriş Anbarı'nı təyin edir.
Sets 'Source Warehouse' in each row of the Items table.,Materiallar cədvəlinin hər sətrində 'Çıxış Anbarı'nı təyin edir.
POS Register,POS Reyestri
"Can not filter based on POS Profile, if grouped by POS Profile","POS Profilinə görə qruplaşdırılıbsa, POS Profilinə əsasən filtrləmək olmaz"
"Can not filter based on Customer, if grouped by Customer","Müştəriyə görə qruplaşdırılıbsa, Müştəriyə əsasən filtrləmək olmaz"
"Can not filter based on Cashier, if grouped by Cashier","Kassirə görə qruplaşdırılıbsa, Kassirə əsasən filtrləmək olmaz"
Payment Method,Ödəniş Üsulu
"Can not filter based on Payment Method, if grouped by Payment Method","Ödəniş Üsuluna görə qruplaşdırılıbsa, Ödəniş Üsuluna əsasən filtrləmək olmaz"
Supplier Quotation Comparison,Təchizatçı Təklif Müqayisəsi
Price per Unit (Stock UOM),Vahid Qiyməti (Stok Vahidi)
Group by Supplier,Təchizatçıya görə qruplaşdır
Group by Item,Materiala görə qruplaşdır
Remember to set {field_label}. It is required by {regulation}.,{field_label} təyin etməyi unutmayın. Bu, {regulation} tərəfindən tələb olunur.
Enrollment Date cannot be before the Start Date of the Academic Year {0},Qeydiyyat Tarixi {0} Tədris İlinin Başlama Tarixindən əvvəl ola bilməz
Enrollment Date cannot be after the End Date of the Academic Term {0},Qeydiyyat Tarixi {0} Akademik Dövrün Bitmə Tarixindən sonra ola bilməz
Enrollment Date cannot be before the Start Date of the Academic Term {0},Qeydiyyat Tarixi {0} Akademik Dövrün Başlama Tarixindən əvvəl ola bilməz
Future Posting Not Allowed,Gələcək Tarixə Qeydiyyat İcazə Verilmir
"To enable Capital Work in Progress Accounting,","Kapital Tikinti İşləri Mühasibatlığını aktivləşdirmək üçün,"
you must select Capital Work in Progress Account in accounts table,hesablar cədvəlində Kapital Tikinti İşləri Hesabını seçməlisiniz
You can also set default CWIP account in Company {},Həmçinin {} Şirkətində standart CWIP hesabını təyin edə bilərsiniz
The Request for Quotation can be accessed by clicking on the following button,Təklif Qəbzi Tələbinə aşağıdakı düyməyə klikləməklə daxil olmaq olar
Regards,Hörmətlə
Please click on the following button to set your new password,Yeni şifrənizi təyin etmək üçün aşağıdakı düyməni klikləyin
Update Password,Şifrəni Yenilə
Row #{}: Selling rate for item {} is lower than its {}. Selling {} should be atleast {},Sətir #{}: {} materialının satış qiyməti onun {}-dən aşağıdır. Satış {} ən azı {} olmalıdır
You can alternatively disable selling price validation in {} to bypass this validations.,Alternativ olaraq, bu yoxlamadan yan keçmək üçün {}-də satış qiyməti yoxlamasını deaktiv edə bilərsiniz.
Invalid Selling Price,Yanlış Satış Qiyməti
Address needs to be linked to a Company. Please add a row for Company in the Links table.,Ünvan bir Şirkətlə əlaqələndirilməlidir. Zəhmət olmasa Əlaqələr cədvəlində Şirkət üçün bir sətir əlavə edin.
Company Not Linked,Şirkət Əlaqələndirilməyib
Import Chart of Accounts from CSV / Excel files,Hesablar Planını CSV / Excel fayllarından idxal et
Completed Qty cannot be greater than 'Qty to Manufacture',Tamamlanmış Miqdar 'İstehsal Ediləcək Miqdar'dan çox ola bilməz
"Row {0}: For Supplier {1}, Email Address is Required to send an email","Sətir {0}: Təchizatçı {1} üçün e-poçt göndərmək üçün E-poçt Ünvanı Tələb Olunur"
"If enabled, the system will post accounting entries for inventory automatically","Aktiv edilərsə, sistem inventar üçün mühasibat qeydlərini avtomatik yerləşdirəcək"
Accounts Frozen Till Date,Hesablar Bu Tarixə Qədər Dondurulub
Accounting entries are frozen up to this date. Nobody can create or modify entries except users with the role specified below,Mühasibat qeydləri bu tarixə qədər dondurulub. Aşağıda göstərilən rola malik istifadəçilər istisna olmaqla, heç kim qeydlər yarada və ya dəyişdirə bilməz
Role Allowed to Set Frozen Accounts and Edit Frozen Entries,Dondurulmuş Hesabları Təyin Etməyə və Dondurulmuş Qeydləri Redaktə Etməyə İcazə Verilən Rol
Address used to determine Tax Category in transactions,Əməliyyatlarda Vergi Kateqoriyasını müəyyən etmək üçün istifadə olunan ünvan
"The percentage you are allowed to bill more against the amount ordered. For example, if the order value is $100 for an item and tolerance is set as 10%, then you are allowed to bill up to $110","Sifariş olunan məbləğdən artıq faktura təqdim etməyə icazə verilən faiz. Məsələn, bir material üçün sifariş dəyəri 100 dollardırsa və tolerantlıq 10% olaraq təyin edilibsə, o zaman 110 dollara qədər faktura təqdim etməyə icazə verilir"
This role is allowed to submit transactions that exceed credit limits,Bu rola kredit limitlərini aşan əməliyyatları təqdim etməyə icazə verilir
"If ""Months"" is selected, a fixed amount will be booked as deferred revenue or expense for each month irrespective of the number of days in a month. It will be prorated if deferred revenue or expense is not booked for an entire month","Əgər ""Aylar"" seçilərsə, aydakı günlərin sayından asılı olmayaraq hər ay üçün sabit məbləğ təxirə salınmış gəlir və ya xərc kimi qeydə alınacaq. Əgər təxirə salınmış gəlir və ya xərc tam bir ay üçün qeydə alınmazsa, mütənasib olaraq hesablanacaq"
"If this is unchecked, direct GL entries will be created to book deferred revenue or expense","Əgər bu işarələnməyibsə, təxirə salınmış gəlir və ya xərci qeydə almaq üçün birbaşa GL qeydləri yaradılacaq"
Show Inclusive Tax in Print,Çapda Daxil Olan Vergini Göstər
Only select this if you have set up the Cash Flow Mapper documents,Bunu yalnız Pul Vəsaitlərinin Hərəkəti Xəritəsi sənədlərini quraşdırmısınızsa seçin
Payment Channel,Ödəniş Kanalı
Is Purchase Order Required for Purchase Invoice & Receipt Creation?,Satınalma Fakturası və Qaiməsi Yaratmaq üçün Satınalma Sifarişi Tələb Olunurmu?
Is Purchase Receipt Required for Purchase Invoice Creation?,Satınalma Fakturası Yaratmaq üçün Satınalma Qaiməsi Tələb Olunurmu?
Maintain Same Rate Throughout the Purchase Cycle,Satınalma Dövrü Ərzində Eyni Qiyməti Saxlayın
Allow Item To Be Added Multiple Times in a Transaction,Bir Əməliyyatda Materialın Bir Neçə Dəfə Əlavə Edilməsinə İcazə Ver
Suppliers,Təchizatçılar
Send Emails to Suppliers,Təchizatçılara E-poçt Göndər
Select a Supplier,Təchizatçı Seçin
Cannot mark attendance for future dates.,Gələcək tarixlər üçün davamiyyət qeyd edilə bilməz.
Do you want to update attendance? <br> Present: {0} <br> Absent: {1},Davamiyyəti yeniləmək istəyirsiniz? <br> İştirak edir: {0} <br> Qaib: {1}
Mpesa Settings,Mpesa Parametrləri
Initiator Name,Təşəbbüskarın Adı
Till Number,Kassa Nömrəsi
Sandbox,Sandbox
Online PassKey,Onlayn Giriş Açarı
Security Credential,Təhlükəsizlik Etimadnaməsi
Get Account Balance,Hesab Balansını Al
Please set the initiator name and the security credential,Zəhmət olmasa təşəbbüskarın adını və təhlükəsizlik etimadnaməsini təyin edin
Inpatient Medication Entry,Stasionar Dərman Girişi
Item Code (Drug),Material Kodu (Dərman)
Medication Orders,Dərman Sifarişləri
Get Pending Medication Orders,Gözləyən Dərman Sifarişlərini Al
Inpatient Medication Orders,Stasionar Dərman Sifarişləri
Medication Warehouse,Dərman Anbarı
Warehouse from where medication stock should be consumed,Dərman ehtiyatının istehlak ediləcəyi anbar
Fetching Pending Medication Orders,Gözləyən Dərman Sifarişləri Gətirilir
Inpatient Medication Entry Detail,Stasionar Dərman Girişi Təfərrüatları
Medication Details,Dərman Təfərrüatları
Drug Code,Dərman Kodu
Drug Name,Dərman Adı
Against Inpatient Medication Order,Stasionar Dərman Sifarişinə Qarşı
Against Inpatient Medication Order Entry,Stasionar Dərman Sifarişi Girişinə Qarşı
Inpatient Medication Order,Stasionar Dərman Sifarişi
Total Orders,Ümumi Sifarişlər
Completed Orders,Tamamlanmış Sifarişlər
Add Medication Orders,Dərman Sifarişləri Əlavə Et
Adding Order Entries,Sifariş Girişləri Əlavə Edilir
{0} medication orders completed,{0} dərman sifarişi tamamlandı
{0} medication order completed,{0} dərman sifarişi tamamlandı
Inpatient Medication Order Entry,Stasionar Dərman Sifarişi Girişi
Is Order Completed,Sifariş Tamamlandı
Employee Records to Be Created By,İşçi Qeydlərinin Yaradılacağı Mənbə
Employee records are created using the selected field,İşçi qeydləri seçilmiş sahə istifadə edilərək yaradılır
Don't send employee birthday reminders,İşçi ad günü xatırlatmalarını göndərmə
Restrict Backdated Leave Applications,Geri Tarixli Məzuniyyət Müraciətlərini Məhdudlaşdır
Sequence ID,Ardıcıllıq İD
Sequence Id,Ardıcıllıq İd
Allow multiple material consumptions against a Work Order,Bir İş Sifarişi üçün çoxsaylı material istehlakına icazə ver
Plan time logs outside Workstation working hours,İş Stansiyasının iş saatlarından kənar vaxt qeydlərini planlaşdır
Plan operations X days in advance,Əməliyyatları X gün əvvəlcədən planlaşdır
Time Between Operations (Mins),Əməliyyatlar Arasındakı Vaxt (Dəq)
Default: 10 mins,Standart: 10 dəq
Overproduction for Sales and Work Order,Satış və İş Sifarişi üçün Artıq İstehsal
"Update BOM cost automatically via scheduler, based on the latest Valuation Rate/Price List Rate/Last Purchase Rate of raw materials","Planlaşdırıcı vasitəsilə xammalların son Maya Qiyməti/Qiymət Cədvəli Qiyməti/Son Satınalma Qiymətinə əsasən Materiallar Siyahısı dəyərini avtomatik yenilə"
Purchase Order already created for all Sales Order items,Bütün Satış Sifarişi materialları üçün artıq Satınalma Sifarişi yaradılıb
Select Items,Materialları Seçin
Against Default Supplier,Standart Təchizatçıya Qarşı
Auto close Opportunity after the no. of days mentioned above,Yuxarıda göstərilən günlərin sayından sonra Fürsəti avtomatik bağla
Is Sales Order Required for Sales Invoice & Delivery Note Creation?,Satış Fakturası və Satış Qaiməsi Yaratmaq üçün Satış Sifarişi Tələb Olunurmu?
Is Delivery Note Required for Sales Invoice Creation?,Satış Fakturası Yaratmaq üçün Satış Qaiməsi Tələb Olunurmu?
How often should Project and Company be updated based on Sales Transactions?,Layihə və Şirkət Satış Əməliyyatlarına əsasən nə qədər tez-tez yenilənməlidir?
Allow User to Edit Price List Rate in Transactions,İstifadəçiyə Əməliyyatlarda Qiymət Cədvəli Qiymətini Redaktə Etməyə İcazə Ver
Allow Item to Be Added Multiple Times in a Transaction,Materialın Bir Əməliyyatda Bir Neçə Dəfə Əlavə Edilməsinə İcazə Ver
Allow Multiple Sales Orders Against a Customer's Purchase Order,Müştərinin Satınalma Sifarişi Əsasında Çoxsaylı Satış Sifarişlərinə İcazə Ver
Validate Selling Price for Item Against Purchase Rate or Valuation Rate,Material üçün Satış Qiymətini Satınalma Qiyməti və ya Maya Qiyməti ilə Yoxla
Hide Customer's Tax ID from Sales Transactions,Satış Əməliyyatlarında Müştərinin VÖEN-ni Gizlət
"The percentage you are allowed to receive or deliver more against the quantity ordered. For example, if you have ordered 100 units, and your Allowance is 10%, then you are allowed to receive 110 units.","Sifariş olunan miqdardan artıq almaq və ya çatdırmaq üçün icazə verilən faiz. Məsələn, 100 vahid sifariş etmisinizsə və İcazə həddi 10%-dirsə, o zaman 110 vahid almağa icazə verilir."
Action If Quality Inspection Is Not Submitted,Keyfiyyət Yoxlaması Təqdim Edilmədikdə Tədbir
Auto Insert Price List Rate If Missing,Əgər Yoxdursa, Qiymət Cədvəli Qiymətini Avtomatik Daxil Et
Automatically Set Serial Nos Based on FIFO,Seriya Nömrələrini FIFO Əsasında Avtomatik Təyin Et
Set Qty in Transactions Based on Serial No Input,Əməliyyatlarda Miqdarı Seriya Nömrəsi Girişinə Əsasən Təyin Et
Raise Material Request When Stock Reaches Re-order Level,Stok Yenidən Sifariş Səviyyəsinə Çatdıqda Material Tələb Qəbzi Yarat
Notify by Email on Creation of Automatic Material Request,Avtomatik Material Tələb Qəbzi Yaradıldıqda E-poçtla Bildir
Allow Material Transfer from Delivery Note to Sales Invoice,Satış Qaiməsindən Satış Fakturasına Material Transferinə İcazə Ver
Allow Material Transfer from Purchase Receipt to Purchase Invoice,Satınalma Qaiməsindən Satınalma Fakturasına Material Transferinə İcazə Ver
Freeze Stocks Older Than (Days),Bu (Günlər)dən Köhnə Stokları Dondur
Role Allowed to Edit Frozen Stock,Dondurulmuş Stoku Redaktə Etməyə İcazə Verilən Rol
The unallocated amount of Payment Entry {0} is greater than the Bank Transaction's unallocated amount,{0} Ödəniş Qəbzinin təsis edilməmiş məbləği Bank Əməliyyatının təsis edilməmiş məbləğindən böyükdür
Payment Received,Ödəniş Qəbul Edildi
Attendance cannot be marked outside of Academic Year {0},Davamiyyət {0} Tədris İlindən kənar qeyd edilə bilməz
Student is already enrolled via Course Enrollment {0},Tələbə artıq {0} Kurs Qeydiyyatı vasitəsilə qeydiyyatdan keçib
Attendance cannot be marked for future dates.,Gələcək tarixlər üçün davamiyyət qeyd edilə bilməz.
Please add programs to enable admission application.,Qəbul müraciətini aktivləşdirmək üçün zəhmət olmasa proqramlar əlavə edin.
The following employees are currently still reporting to {0}:,Aşağıdakı işçilər hazırda hələ də {0}-a hesabat verirlər:
Please make sure the employees above report to another Active employee.,Zəhmət olmasa yuxarıdakı işçilərin başqa bir Aktiv işçiyə hesabat verdiyinə əmin olun.
Cannot Relieve Employee,İşçini Azad Etmək Olmur
Please enter {0},Zəhmət olmasa {0} daxil edin
Please select another payment method. Mpesa does not support transactions in currency '{0}',Zəhmət olmasa başqa ödəniş üsulu seçin. Mpesa '{0}' valyutasında əməliyyatları dəstəkləmir
Transaction Error,Əməliyyat Xətası
Mpesa Express Transaction Error,Mpesa Ekspress Əməliyyat Xətası
"Issue detected with Mpesa configuration, check the error logs for more details","Mpesa konfiqurasiyasında problem aşkar edildi, ətraflı məlumat üçün xəta jurnallarını yoxlayın"
Mpesa Express Error,Mpesa Ekspress Xətası
Account Balance Processing Error,Hesab Balansının İşlənməsi Xətası
Please check your configuration and try again,Zəhmət olmasa konfiqurasiyanızı yoxlayın və yenidən cəhd edin
Mpesa Account Balance Processing Error,Mpesa Hesab Balansının İşlənməsi Xətası
Balance Details,Balans Detalları
Current Balance,Cari Balans
Available Balance,Mövcud Balans
Reserved Balance,Rezerv Edilmiş Balans
Uncleared Balance,Təmizlənməmiş Balans
Payment related to {0} is not completed,{0} ilə əlaqəli ödəniş tamamlanmayıb
Row #{}: Item Code: {} is not available under warehouse {}.,Sətir #{}: Material Kodu: {} {} anbarında mövcud deyil.
Row #{}: Stock quantity not enough for Item Code: {} under warehouse {}. Available quantity {}.,Sətir #{}: {} anbarında Material Kodu: {} üçün stok miqdarı kifayət deyil. Mövcud miqdar {}.
Row #{}: Please select a serial no and batch against item: {} or remove it to complete transaction.,Sətir #{}: Zəhmət olmasa {} materialına qarşı seriya nömrəsi və partiya seçin və ya əməliyyatı tamamlamaq üçün onu silin.
Row #{}: No serial number selected against item: {}. Please select one or remove it to complete transaction.,Sətir #{}: {} materialına qarşı heç bir seriya nömrəsi seçilməyib. Zəhmət olmasa birini seçin və ya əməliyyatı tamamlamaq üçün onu silin.
Row #{}: No batch selected against item: {}. Please select a batch or remove it to complete transaction.,Sətir #{}: {} materialına qarşı heç bir partiya seçilməyib. Zəhmət olmasa partiya seçin və ya əməliyyatı tamamlamaq üçün onu silin.
Payment amount cannot be less than or equal to 0,Ödəniş məbləği 0-dan az və ya ona bərabər ola bilməz
Please enter the phone number first,Zəhmət olmasa əvvəlcə telefon nömrəsini daxil edin
Row #{}: {} {} does not exist.,Sətir #{}: {} {} mövcud deyil.
Row #{0}: {1} is required to create the Opening {2} Invoices,Sətir #{0}: Açılış {2} Fakturalarını yaratmaq üçün {1} tələb olunur
You had {} errors while creating opening invoices. Check {} for more details,Açılış fakturalarını yaradarkən {} xəta baş verdi. Ətraflı məlumat üçün {} yoxlayın
Error Occured,Xəta Baş Verdi
Opening Invoice Creation In Progress,Açılış Fakturasının Yaradılması Davam Edir
Creating {} out of {} {},{} / {} {} yaradılır
(Serial No: {0}) cannot be consumed as it's reserverd to fullfill Sales Order {1}.,(Seriya Nömrəsi: {0}) istehlak edilə bilməz, çünki {1} Satış Sifarişini yerinə yetirmək üçün rezerv edilib.
Item {0} {1},{0} {1} Materialı
Last Stock Transaction for item {0} under warehouse {1} was on {2}.,{1} anbarında {0} materialı üçün son stok əməliyyatı {2} tarixində olub.
Stock Transactions for Item {0} under warehouse {1} cannot be posted before this time.,{1} anbarında {0} Materialı üçün Stok Əməliyyatları bu vaxtdan əvvəl göndərilə bilməz.
Posting future stock transactions are not allowed due to Immutable Ledger,Dəyişməz Dəftərə görə gələcək stok əməliyyatlarının göndərilməsinə icazə verilmir
A BOM with name {0} already exists for item {1}.,{1} materialı üçün {0} adlı Materiallar Siyahısı artıq mövcuddur.
{0}{1} Did you rename the item? Please contact Administrator / Tech support,{0}{1} Materialın adını dəyişdirmisiniz? Zəhmət olmasa İnzibatçı / Texniki dəstək ilə əlaqə saxlayın
At row #{0}: the sequence id {1} cannot be less than previous row sequence id {2},Sətir #{0}-da: ardıcıllıq id {1} əvvəlki sətrin ardıcıllıq id {2}-dən az ola bilməz
The {0} ({1}) must be equal to {2} ({3}),{0} ({1}) {2} ({3}) -ə bərabər olmalıdır
"{0}, complete the operation {1} before the operation {2}.","{0}, {1} əməliyyatını {2} əməliyyatından əvvəl tamamlayın."
Cannot ensure delivery by Serial No as Item {0} is added with and without Ensure Delivery by Serial No.,{0} Materialı Seriya Nömrəsi ilə Çatdırılmanı Təmin Et seçimi ilə və olmadan əlavə edildiyi üçün Seriya Nömrəsi ilə çatdırılmanı təmin etmək mümkün deyil.
Item {0} has no Serial No. Only serilialized items can have delivery based on Serial No,{0} Materialının Seriya Nömrəsi yoxdur. Yalnız seriyalaşdırılmış materiallar Seriya Nömrəsinə əsaslanan çatdırılmaya malik ola bilər
No active BOM found for item {0}. Delivery by Serial No cannot be ensured,{0} materialı üçün aktiv Materiallar Siyahısı tapılmadı. Seriya Nömrəsi ilə çatdırılma təmin edilə bilməz
No pending medication orders found for selected criteria,Seçilmiş meyarlar üçün gözləyən dərman sifarişi tapılmadı
From Date cannot be after the current date.,Başlama Tarixi cari tarixdən sonra ola bilməz.
To Date cannot be after the current date.,Bitmə Tarixi cari tarixdən sonra ola bilməz.
From Time cannot be after the current time.,Başlama Vaxtı cari vaxtdan sonra ola bilməz.
To Time cannot be after the current time.,Bitmə Vaxtı cari vaxtdan sonra ola bilməz.
Stock Entry {0} created and,Stok Qəbzi {0} yaradıldı və
Inpatient Medication Orders updated successfully,Stasionar Dərman Sifarişləri uğurla yeniləndi
Row {0}: Cannot create Inpatient Medication Entry against cancelled Inpatient Medication Order {1},Sətir {0}: Ləğv edilmiş {1} Stasionar Dərman Sifarişinə qarşı Stasionar Dərman Girişi yaradılabilməz
Row {0}: This Medication Order is already marked as completed,Sətir {0}: Bu Dərman Sifarişi artıq tamamlanmış kimi qeyd olunub
Quantity not available for {0} in warehouse {1},{1} anbarında {0} üçün miqdar mövcud deyil
Please enable Allow Negative Stock in Stock Settings or create Stock Entry to proceed.,Davam etmək üçün zəhmət olmasa Stok Parametrlərində Mənfi Stoka İcazə Ver seçimini aktivləşdirin və ya Stok Qəbzi yaradın.
No Inpatient Record found against patient {0},{0} pasiyentinə qarşı Stasionar Qeydi tapılmadı
An Inpatient Medication Order {0} against Patient Encounter {1} already exists.,{1} Pasiyent Qəbuluna qarşı {0} Stasionar Dərman Sifarişi artıq mövcuddur.
Allow In Returns,Qaytarmalara İcazə Ver
Hide Unavailable Items,Mövcud Olmayan Materialları Gizlət
Apply Discount on Discounted Rate,Endirimli Qiymətə Endirim Tətbiq Et
Therapy Plan Template,Müalicə Planı Şablonu
Fetching Template Details,Şablon Detalları Gətirilir
Linked Item Details,Əlaqəli Material Detalları
Therapy Types,Müalicə Növləri
Therapy Plan Template Detail,Müalicə Planı Şablonu Detalı
Non Conformance,Uyğunsuzluq
Process Owner,Proses Sahibi
Corrective Action,Düzəldici Tədbir
Preventive Action,Qabaqlayıcı Tədbir
Problem,Problem
Responsible,Məsul
Completion By,Tamamlanma Tarixi
Process Owner Full Name,Proses Sahibinin Tam Adı
Right Index,Sağ İndeks
Left Index,Sol İndeks
Sub Procedure,Alt Prosedur
Passed,Keçdi
Print Receipt,Qəbzi Çap Et
Edit Receipt,Qəbzi Redaktə Et
Focus on search input,Axtarış sahəsinə fokuslan
Focus on Item Group filter,Material Qrupu filtrinə fokuslan
Checkout Order / Submit Order / New Order,Sifarişi Yoxla / Sifarişi Təsdiq Et / Yeni Sifariş
Add Order Discount,Sifariş Endirimi Əlavə Et
Item Code: {0} is not available under warehouse {1}.,Material Kodu: {0} {1} anbarında mövcud deyil.
Serial numbers unavailable for Item {0} under warehouse {1}. Please try changing warehouse.,{1} anbarında {0} Materialı üçün seriya nömrələri mövcud deyil. Zəhmət olmasa anbarı dəyişməyə çalışın.
Fetched only {0} available serial numbers.,Yalnız {0} mövcud seriya nömrəsi gətirildi.
Switch Between Payment Modes,Ödəniş Rejimləri Arasında Keçid
Enter {0} amount.,{0} məbləği daxil edin.
You don't have enough points to redeem.,İstifadə etmək üçün kifayət qədər xalınız yoxdur.
You can redeem upto {0}.,Siz {0}-a qədər istifadə edə bilərsiniz.
Enter amount to be redeemed.,İstifadə ediləcək məbləği daxil edin.
You cannot redeem more than {0}.,Siz {0}-dan çox istifadə edə bilməzsiniz.
Open Form View,Forma Görünüşünü Aç
POS invoice {0} created succesfully,POS fakturası {0} uğurla yaradıldı
Stock quantity not enough for Item Code: {0} under warehouse {1}. Available quantity {2}.,{1} anbarında Material Kodu: {0} üçün stok miqdarı kifayət deyil. Mövcud miqdar {2}.
Serial No: {0} has already been transacted into another POS Invoice.,Seriya Nömrəsi: {0} artıq başqa bir POS Fakturasında əməliyyat olunub.
Balance Serial No,Balans Seriya Nömrəsi
Warehouse: {0} does not belong to {1},Anbar: {0} {1}-ə aid deyil
Please select batches for batched item {0},Zəhmət olmasa partiyalı material {0} üçün partiyalar seçin
Please select quantity on row {0},Zəhmət olmasa {0} sətrində miqdarı seçin
Please enter serial numbers for serialized item {0},Zəhmət olmasa seriyalı material {0} üçün seriya nömrələrini daxil edin
Batch {0} already selected.,Partiya {0} artıq seçilib.
Please select a warehouse to get available quantities,Mövcud miqdarları əldə etmək üçün zəhmət olmasa anbar seçin
"For transfer from source, selected quantity cannot be greater than available quantity","Mənbədən köçürmə üçün seçilmiş miqdar mövcud miqdardan çox ola bilməz"
Cannot find Item with this Barcode,Bu Barkodlu Material tapılmadı
{0} is mandatory. Maybe Currency Exchange record is not created for {1} to {2},{0} məcburidir. Ola bilsin ki, {1}-dən {2}-ə Valyuta Mübadiləsi qeydi yaradılmayıb
{} has submitted assets linked to it. You need to cancel the assets to create purchase return.,{}-ə bağlı təsdiqlənmiş aktivlər var. Satınalma qaytarılması yaratmaq üçün aktivləri ləğv etməlisiniz.
Cannot cancel this document as it is linked with submitted asset {0}. Please cancel it to continue.,Təsdiqlənmiş aktiv {0} ilə əlaqəli olduğu üçün bu sənədi ləğv etmək olmur. Davam etmək üçün lütfən onu ləğv edin.
Row #{}: Serial No. {} has already been transacted into another POS Invoice. Please select valid serial no.,Sətir #{}: Seriya Nömrəsi {} artıq başqa bir POS Fakturasında əməliyyat olunub. Zəhmət olmasa düzgün seriya nömrəsi seçin.
Row #{}: Serial Nos. {} has already been transacted into another POS Invoice. Please select valid serial no.,Sətir #{}: Seriya Nömrələri {} artıq başqa bir POS Fakturasında əməliyyat olunub. Zəhmət olmasa düzgün seriya nömrəsi seçin.
Item Unavailable,Material Mövcud Deyil
Row #{}: Serial No {} cannot be returned since it was not transacted in original invoice {},"Sətir #{}: Seriya Nömrəsi {} qaytarıla bilməz, çünki o, orijinal fakturada {} əməliyyat olunmayıb"
Please set default Cash or Bank account in Mode of Payment {},Zəhmət olmasa {} Ödəniş Rejimində standart Nağd və ya Bank hesabını təyin edin
Please set default Cash or Bank account in Mode of Payments {},Zəhmət olmasa {} Ödəniş Rejimlərində standart Nağd və ya Bank hesabını təyin edin
Please ensure {} account is a Balance Sheet account. You can change the parent account to a Balance Sheet account or select a different account.,Zəhmət olmasa {} hesabının Balans Hesabatı hesabı olduğundan əmin olun. Ana hesabı Balans Hesabatı hesabına dəyişə və ya başqa hesab seçə bilərsiniz.
Please ensure {} account is a Payable account. Change the account type to Payable or select a different account.,Zəhmət olmasa {} hesabının Kreditor hesabı olduğundan əmin olun. Hesab növünü Kreditor olaraq dəyişdirin və ya başqa hesab seçin.
Row {}: Expense Head changed to {},Sətir {}: Xərc Hesabı {} olaraq dəyişdirildi
because account {} is not linked to warehouse {},çünki {} hesabı {} anbarına bağlı deyil
or it is not the default inventory account,və ya o, standart inventar hesabı deyil
Expense Head Changed,Xərc Hesabı Dəyişdirildi
because expense is booked against this account in Purchase Receipt {},çünki xərc Satınalma Qaiməsi {}-də bu hesaba qarşı qeydə alınıb
as no Purchase Receipt is created against Item {}.,çünki {} Materialına qarşı heç bir Satınalma Qaiməsi yaradılmayıb.
This is done to handle accounting for cases when Purchase Receipt is created after Purchase Invoice,Bu, Satınalma Fakturasından sonra Satınalma Qaiməsi yaradıldığı hallarda mühasibat uçotunu idarə etmək üçün edilir
Purchase Order Required for item {},{} materialı üçün Satınalma Sifarişi Tələb Olunur
To submit the invoice without purchase order please set {},Fakturanı satınalma sifarişi olmadan təsdiqləmək üçün zəhmət olmasa təyin edin:
as {} in {},{} olaraq {}-də
Mandatory Purchase Order,Məcburi Satınalma Sifarişi
Purchase Receipt Required for item {},{} materialı üçün Satınalma Qaiməsi Tələb Olunur
To submit the invoice without purchase receipt please set {},Fakturanı satınalma qaiməsi olmadan təsdiqləmək üçün zəhmət olmasa təyin edin:
Mandatory Purchase Receipt,Məcburi Satınalma Qaiməsi
POS Profile {} does not belongs to company {},POS Profili {} {} şirkətinə aid deyil
User {} is disabled. Please select valid user/cashier,İstifadəçi {} deaktiv edilib. Zəhmət olmasa düzgün istifadəçi/kassir seçin
Row #{}: Original Invoice {} of return invoice {} is {}.,Sətir #{}: {} qaytarma fakturasının Orijinal Fakturası {} {}-dir.
Original invoice should be consolidated before or along with the return invoice.,Orijinal faktura qaytarma fakturasından əvvəl və ya onunla birlikdə konsolidasiya edilməlidir.
You can add original invoice {} manually to proceed.,Davam etmək üçün orijinal fakturanı {} əl ilə əlavə edə bilərsiniz.
Please ensure {} account is a Balance Sheet account.,Zəhmət olmasa {} hesabının Balans Hesabatı hesabı olduğundan əmin olun.
You can change the parent account to a Balance Sheet account or select a different account.,Ana hesabı Balans Hesabatı hesabına dəyişə və ya başqa hesab seçə bilərsiniz.
Please ensure {} account is a Receivable account.,Zəhmət olmasa {} hesabının Debitor hesabı olduğundan əmin olun.
Change the account type to Receivable or select a different account.,Hesab növünü Debitor olaraq dəyişdirin və ya başqa hesab seçin.
{} can't be cancelled since the Loyalty Points earned has been redeemed. First cancel the {} No {},{} ləğv edilə bilməz, çünki qazanılmış Sadiqlik Xalları istifadə edilib. Əvvəlcə {} Nömrə {}-ni ləğv edin
already exists,artıq mövcuddur
POS Closing Entry {} against {} between selected period,Seçilmiş dövr arasında {} qarşı POS Bağlanış Girişi {}
POS Invoice is {},POS Fakturası {}-dir
POS Profile doesn't matches {},POS Profili {} ilə uyğun gəlmir
POS Invoice is not {},POS Fakturası {} deyil
POS Invoice isn't created by user {},POS Fakturası istifadəçi {} tərəfindən yaradılmayıb
Row #{}: {},Sətir #{}: {}
Invalid POS Invoices,Yanlış POS Fakturaları
Please add the account to root level Company - {},Zəhmət olmasa hesabı kök səviyyəli Şirkətə əlavə edin - {}
"While creating account for Child Company {0}, parent account {1} not found. Please create the parent account in corresponding COA","Törəmə Şirkət {0} üçün hesab yaradılarkən ana hesab {1} tapılmadı. Zəhmət olmasa müvafiq Hesablar Planında ana hesabı yaradın"
Account Not Found,Hesab Tapılmadı
"While creating account for Child Company {0}, parent account {1} found as a ledger account.","Törəmə Şirkət {0} üçün hesab yaradılarkən ana hesab {1} kitabça hesabı kimi tapıldı."
Please convert the parent account in corresponding child company to a group account.,Zəhmət olmasa müvafiq törəmə şirkətdəki ana hesabı qrup hesabına çevirin.
Invalid Parent Account,Yanlış Ana Hesab
"Renaming it is only allowed via parent company {0}, to avoid mismatch.","Uyğunsuzluğun qarşısını almaq üçün adının dəyişdirilməsinə yalnız ana şirkət {0} vasitəsilə icazə verilir."
"If you {0} {1} quantities of the item {2}, the scheme {3} will be applied on the item.","Əgər siz {2} materialından {1} miqdarında {0}, {3} sxemi materiala tətbiq olunacaq."
"If you {0} {1} worth item {2}, the scheme {3} will be applied on the item.","Əgər siz {2} materialından {1} dəyərində {0}, {3} sxemi materiala tətbiq olunacaq."
"As the field {0} is enabled, the field {1} is mandatory.","{0} sahəsi aktiv olduğu üçün {1} sahəsi məcburidir."
"As the field {0} is enabled, the value of the field {1} should be more than 1.","{0} sahəsi aktiv olduğu üçün {1} sahəsinin dəyəri 1-dən çox olmalıdır."
Cannot deliver Serial No {0} of item {1} as it is reserved to fullfill Sales Order {2},"{1} materialının {0} Seriya Nömrəsi çatdırıla bilməz, çünki o, {2} Satış Sifarişini yerinə yetirmək üçün rezerv edilib"
"Sales Order {0} has reservation for the item {1}, you can only deliver reserved {1} against {0}.","{0} Satış Sifarişində {1} materialı üçün rezervasiya var, siz {0} qarşı yalnız rezerv edilmiş {1} çatdıra bilərsiniz."
{0} Serial No {1} cannot be delivered,{0} Seriya Nömrəsi {1} çatdırıla bilməz
Row {0}: Subcontracted Item is mandatory for the raw material {1},Sətir {0}: {1} xammalı üçün Subpodrat Məhsulu məcburidir
"As there are sufficient raw materials, Material Request is not required for Warehouse {0}.","Kifayət qədər xammal olduğu üçün {0} Anbarı üçün Material Tələb Qəbzi tələb olunmur."
"If you still want to proceed, please enable {0}.","Hələ də davam etmək istəyirsinizsə, zəhmət olmasa {0} seçimini aktivləşdirin."
The item referenced by {0} - {1} is already invoiced,{0} - {1} tərəfindən istinad edilən material artıq fakturalanıb
Therapy Session overlaps with {0},Müalicə Seansı {0} ilə üst-üstə düşür
Therapy Sessions Overlapping,Müalicə Seansları Üst-üstə Düşür
Therapy Plans,Müalicə Planları
"Item Code, warehouse, quantity are required on row {0}","{0} sətrində Material Kodu, anbar, miqdar tələb olunur"
Get Items from Material Requests against this Supplier,Bu Təchizatçıya qarşı Material Tələb Qəbzlərindən Materialları Al
Enable European Access,Avropa Girişini Aktivləşdir
Creating Purchase Order ...,Satınalma Sifarişi Yaradılır ...
"Select a Supplier from the Default Suppliers of the items below. On selection, a Purchase Order will be made against items belonging to the selected Supplier only.","Aşağıdakı materialların Standart Təchizatçılarından bir Təchizatçı seçin. Seçim edildikdə, yalnız seçilmiş Təchizatçıya aid materiallar üçün Satınalma Sifarişi yaradılacaq."
Row #{}: You must select {} serial numbers for item {}.,Sətir #{}: {} materialı üçün {} seriya nömrəsi seçməlisiniz.
Items & Pricing,Materiallar və Qiymətləndirmə
Average Completion,Orta Tamamlanma
Overdue,Gecikmiş
Overdue Tasks,Gecikmiş Tapşırıqlar
Completed,Tamamlandı
Completed Tasks,Tamamlanmış Tapşırıqlar
Total Tasks,Ümumi Tapşırıqlar
Build,Quraşdırma (Build)
Role Allowed to Over Deliver/Receive,Artıq Çatdırılma/Qəbula İcazə Verilən Rol
Unit of Measure (UOM),Ölçü Vahidi (UOM)
Bank Reconciliation Tool,Bank Üzləşdirmə Aləti
Delayed Tasks Summary,Gecikmiş Tapşırıqların Xülasəsi
Add Comment,Şərh Əlavə Et
More...,Daha çox...
Notes,Qeydlər
Payment Gateway,Ödəniş Qapısı
Payment Gateway Name,Ödəniş Qapısı Adı
Payments,Ödənişlər
Plan Name,Plan Adı
Portal,Portal
Scan Barcode,Barkodu Skan Et
Some information is missing,Bəzi məlumatlar çatışmır
Successful,Uğurlu
Tools,Alətlər
Use Sandbox,Sandbox İstifadə Et
Busy,Məşğul
Completed By,Tərəfindən Tamamlandı
Completed On,Tamamlanma Tarixi
Payment Failed,Ödəniş Uğursuz Oldu
Column {0},Sütun {0}
Field Mapping,Sahə Uyğunlaşdırılması
Not Specified,Göstərilməyib
Update Type,Yeniləmə Növü
Dr,Debet
End Time,Bitmə Vaxtı
Fetching...,Gətirilir...
"It seems that there is an issue with the server's stripe configuration. In case of failure, the amount will get refunded to your account.","Serverin stripe konfiqurasiyasında problem var kimi görünür. Uğursuzluq halında məbləğ hesabınıza qaytarılacaq."
Looks like someone sent you to an incomplete URL. Please ask them to look into it.,Deyəsən kimsə sizi natamam bir URL-ə göndərib. Zəhmət olmasa onlardan bunu araşdırmalarını xahiş edin.
Master,Master (Əsas)
Pay,Ödə
You can also copy-paste this link in your browser,Siz həmçinin bu linki kopyalayıb brauzerinizə yapışdıra bilərsiniz
Verified By,Təsdiq Edən
Invalid naming series (. missing) for {0},{0} üçün yanlış adlandırma seriyası (. çatışmır)
Phone Number,Telefon Nömrəsi
Account SID,Hesab SID
Global Defaults,Qlobal Standartlar
Is Mandatory,Məcburidir
WhatsApp,WhatsApp
Make a call,Zəng et
Is Template,Şablondur
Approve,Təsdiq Et
Reject,Rədd Et